phrase_id,module_name,phrase,phrase_lang,translations
1860,greetings,bonsoir,French,"[""good evening""]"
1861,greetings,good evening,English,"[""bonsoir""]"
1862,geography,sud,French,"[""south""]"
1863,geography,south,English,"[""sud""]"
1864,nouns,clef,French,"[""key""]"
1865,nouns,key,English,"[""clef"", ""clé""]"
1866,anatomy,nerve,English,"[""nerf""]"
1867,anatomy,nerf,French,"[""nerve""]"
1868,animals,deer,English,"[""cerf""]"
1869,animals,cerf,French,"[""deer""]"
1870,tools,tool,English,"[""outil""]"
1871,tools,outil,French,"[""tool""]"
1872,adjectives,gentil,French,"[""nice"", ""kind""]"
1873,adjectives,nice,English,"[""gentil"", ""gentille"", ""sympa""]"
1874,anatomy,nombril,French,"[""navel""]"
1875,anatomy,navel,English,"[""nombril""]"
1876,family,fils,French,"[""son""]"
1877,family,son,English,"[""fils""]"
1878,nouns,faim,French,"[""hunger""]"
1879,nouns,hunger,English,"[""faim""]"
1880,nouns,nom,French,"[""name""]"
1881,nouns,name,English,"[""nom""]"
1882,nouns,gardien,French,"[""keeper"", ""guard""]"
1883,nouns,keeper,English,"[""gardien""]"
1884,nouns,guard,English,"[""gardien""]"
1885,nouns,magicien,French,"[""magician""]"
1886,nouns,magician,English,"[""magicien"", ""magicienne""]"
1887,nouns,végétarien,French,"[""vegetarian""]"
1888,nouns,vegetarian,English,"[""végétarien""]"
1889,nouns,chirurgien,French,"[""surgeon""]"
1890,nouns,surgeon,English,"[""chirurgien""]"
1891,school,examen,French,"[""exam"", ""examination""]"
1892,school,examination,English,"[""examen""]"
1893,school,exam,English,"[""examen""]"
1894,anatomy,abdomen,French,"[""abdomen""]"
1895,anatomy,abdomen,English,"[""abdomen""]"
1896,adjectives,dernier,French,"[""last""]"
1897,adjectives,last,English,"[""dernier"", ""dernière""]"
1898,adjectives,entier,French,"[""whole""]"
1899,adjectives,whole,English,"[""entier"", ""entière""]"
1900,adjectives,premier,French,"[""first""]"
1901,adjectives,first,English,"[""premier"", ""première""]"
1902,adjectives,léger,French,"[""light""]"
1903,adjectives,light,English,"[""léger"", ""légère""]"
1904,adverbs,hier,French,"[""yesterday""]"
1905,adverbs,yesterday,English,"[""hier""]"
1906,health,cancer,French,"[""cancer""]"
1907,health,cancer,English,"[""cancer""]"
1908,adjectives,cher,French,"[""expensive"", ""dear""]"
1909,adjectives,dear,English,"[""cher"", ""chère""]"
1910,adjectives,expensive,English,"[""cher"", ""chère""]"
1911,religion,enfer,French,"[""hell""]"
1912,religion,hell,English,"[""enfer""]"
1913,elements,fer,French,"[""iron""]"
1914,elements,iron,English,"[""fer""]"
1915,nature,mer,French,"[""sea""]"
1916,nature,sea,English,"[""mer""]"
1917,animals,ours,French,"[""bear""]"
1918,animals,bear,English,"[""ours""]"
1919,fruit,ananas,French,"[""pineapple""]"
1920,fruit,pineapple,English,"[""ananas""]"
1921,health,stress,French,"[""stress""]"
1922,health,stress,English,"[""stress""]"
1923,transportation,autobus,French,"[""bus""]"
1924,transportation,bus,English,"[""autobus""]"
1925,nature,cactus,French,"[""cactus""]"
1926,nature,cactus,English,"[""cactus""]"
1927,school,campus,French,"[""campus""]"
1928,school,campus,English,"[""campus""]"
1929,work,processus,French,"[""process""]"
1930,work,process,English,"[""processus""]"
1931,health,virus,French,"[""virus""]"
1932,health,virus,English,"[""virus""]"
1933,nouns,abus,French,"[""abuse""]"
1934,nouns,abuse,English,"[""abus""]"
1935,food,jus,French,"[""juice""]"
1936,food,juice,English,"[""jus""]"
1937,nouns,refus,French,"[""refusal""]"
1938,nouns,refusal,English,"[""refus""]"
1939,nature,iris,French,"[""iris""]"
1940,nature,iris,English,"[""iris""]"
1941,food,maïs,French,"[""corn""]"
1942,food,corn,English,"[""maïs""]"
1943,sports,tennis,French,"[""tennis""]"
1944,sports,tennis,English,"[""tennis""]"
1945,tools,tournevis,French,"[""screwdriver""]"
1946,tools,screwdriver,English,"[""tournevis""]"
1947,nouns,avis,French,"[""opinion""]"
1948,nouns,opinion,English,"[""avis""]"
1949,nouns,débris,French,"[""debris""]"
1950,nouns,debris,English,"[""débris""]"
1951,nouns,gâchis,French,"[""mess""]"
1952,nouns,mess,English,"[""gâchis"", ""bazar"", ""désordre""]"
1953,animals,souris,French,"[""mouse""]"
1954,animals,mouse,English,"[""souris""]"
1955,home,tapis,French,"[""carpet""]"
1956,home,carpet,English,"[""tapis""]"
1957,science,cosmos,French,"[""cosmos""]"
1958,science,cosmos,English,"[""cosmos""]"
1959,anatomy,os,French,"[""bone""]"
1960,anatomy,bone,English,"[""os""]"
1961,anatomy,dos,French,"[""back""]"
1962,anatomy,back,English,"[""dos""]"
1963,nouns,héros,French,"[""hero""]"
1964,nouns,hero,English,"[""héros""]"
1965,nouns,propos,French,"[""aim""]"
1966,nouns,aim,English,"[""propos""]"
1967,nouns,repos,French,"[""rest""]"
1968,nouns,rest,English,"[""repos""]"
1969,school,test,French,"[""test""]"
1970,school,test,English,"[""test"", ""examen""]"
1971,crime,bandit,French,"[""bandit""]"
1972,crime,bandit,English,"[""bandit""]"
1973,nouns,esprit,French,"[""mind""]"
1974,nouns,mind,English,"[""esprit""]"
1975,habits,habit,French,"[""habit""]"
1976,habits,habit,English,"[""habit""]"
1977,nouns,début,French,"[""beginning""]"
1978,nouns,beginning,English,"[""début""]"
1979,numbers,six,French,"[""six""]"
1980,numbers,six,English,"[""six""]"
1981,adjectives,grand,French,"[""large""]"
1982,adjectives,large,English,"[""grand"", ""grande""]"
1983,elements,gaz,French,"[""gas""]"
1984,elements,gas,English,"[""gaz""]"
1985,habits,tabac,French,"[""tobacco""]"
1986,habits,tobacco,English,"[""tabac""]"
1987,colours,blanc,French,"[""white""]"
1988,colours,white,English,"[""blanc"", ""blanche""]"
1989,anatomy,estomac,French,"[""stomach""]"
1990,anatomy,stomach,English,"[""estomac""]"
1991,personality,franc,French,"[""frank""]"
1992,personality,frank,English,"[""franc""]"
1993,nouns,aspect,French,"[""aspect""]"
1994,nouns,aspect,English,"[""aspect""]"
1995,nouns,respect,French,"[""respect""]"
1996,nouns,respect,English,"[""respect""]"
1997,nature,instinct,French,"[""instinct""]"
1998,nature,instinct,English,"[""instinct""]"
1999,animals,cochon,French,"[""pig""]"
2000,animals,pig,English,"[""cochon""]"
2001,food,porc,French,"[""pork""]"
2002,food,pork,English,"[""porc""]"
2003,anatomy,tronc,French,"[""trunk""]"
2004,anatomy,trunk,English,"[""tronc""]"
2005,nouns,banc,French,"[""bench""]"
2006,nouns,bench,English,"[""banc""]"
2007,adjectives,direct,French,"[""direct""]"
2008,adjectives,direct,English,"[""direct"", ""directe""]"
2009,nouns,contact,French,"[""contact""]"
2010,nouns,contact,English,"[""contact""]"
2011,adjectives,exact,French,"[""exact""]"
2012,adjectives,exact,English,"[""exact"", ""exacte""]"
2013,nouns,échec,French,"[""failure""]"
2014,nouns,failure,English,"[""échec""]"
2015,prepositions,avec,French,"[""with""]"
2016,prepositions,with,English,"[""avec""]"
2017,nouns,bloc,French,"[""block""]"
2018,nouns,block,English,"[""bloc""]"
2019,conjunctions,donc,French,"[""therefore""]"
2020,conjunctions,therefore,English,"[""donc""]"
2021,music,orchestre,French,"[""orchestra""]"
2022,music,orchestra,English,"[""orchestre""]"
2023,nouns,écho,French,"[""echo""]"
2024,nouns,echo,English,"[""écho""]"
2025,nouns,chaos,French,"[""chaos""]"
2026,nouns,chaos,English,"[""chaos""]"
2027,nouns,cholestérol,French,"[""cholesterol""]"
2028,nouns,cholesterol,English,"[""cholestérol""]"
2029,health,psychologue,French,"[""psychologist""]"
2030,health,psychologist,English,"[""psychologue""]"
2031,health,psychologie,French,"[""psychology""]"
2032,health,psychology,English,"[""psychologie""]"
2033,health,psychologique,French,"[""psychological""]"
2034,health,psychological,English,"[""psychologique""]"
2035,nouns,technologie,French,"[""technology""]"
2036,nouns,technology,English,"[""technologie""]"
2037,adjectives,technique,French,"[""technical""]"
2038,adjectives,technical,English,"[""technique""]"
2039,professions,technicien,French,"[""technician""]"
2040,professions,technician,English,"[""technicien"", ""technicienne""]"
2041,nouns,monsieur,French,"[""sir""]"
2042,nouns,sir,English,"[""monsieur""]"
2043,business,profit,French,"[""profit""]"
2044,business,profit,English,"[""profit""]"
2045,music,jazz,French,"[""jazz""]"
2046,music,jazz,English,"[""jazz""]"
2047,health,psychiatrique,French,"[""psychiatric""]"
2048,health,psychiatric,English,"[""psychiatrique""]"
2049,transportation,express,French,"[""express""]"
2050,transportation,express,English,"[""express""]"
2051,food,amer,French,"[""bitter""]"
2052,food,bitter,English,"[""amer"", ""amère""]"
2053,interjection,hé,French,"[""hey""]"
2054,interjection,hey,English,"[""hé""]"
2055,time,heure,French,"[""hour""]"
2056,time,hour,English,"[""heure""]"
2057,history,l'histoire,French,"[""the history""]"
2058,history,the history,English,"[""l'histoire""]"
2059,health,un hôpital,French,"[""a hospital""]"
2060,health,a hospital,English,"[""un hôpital""]"
2061,nouns,honneur,French,"[""honor""]"
2062,nouns,honor,English,"[""honneur""]"
2063,travel,un hôtel,French,"[""a hotel""]"
2064,travel,a hotel,English,"[""un hôtel""]"
2065,prepositions,hors,French,"[""outside""]"
2066,prepositions,outside,English,"[""hors"", ""dehors""]"
2067,adjectives,horrible,French,"[""horrible""]"
2068,adjectives,horrible,English,"[""horrible""]"
2069,adjectives,humain,French,"[""human""]"
2070,adjectives,human,English,"[""humain"", ""humaine""]"
2071,adjectives,honnète,French,"[""honest""]"
2072,adjectives,honest,English,"[""honnète""]"
2073,nouns,honte,French,"[""shame""]"
2074,nouns,shame,English,"[""honte""]"
2075,interjection,Ha!,French,"[""Ha!""]"
2076,interjection,Ha!,English,"[""Ha!""]"
2077,luck,hasard,French,"[""chance"", ""random chance""]"
2078,luck,chance,English,"[""hasard""]"
2079,luck,par hasard,French,"[""by chance""]"
2080,luck,by chance,English,"[""par hasard""]"
2081,luck,heureusement,French,"[""fortunately""]"
2082,luck,fortunately,English,"[""heureusement""]"
2083,nouns,hâte,French,"[""haste""]"
2084,nouns,haste,English,"[""hâte""]"
2085,emotions,humeur,French,"[""mood""]"
2086,emotions,mood,English,"[""humeur""]"
2087,nature,l'herbe,French,"[""the grass""]"
2088,nature,the grass,English,"[""l'herbe""]"
2089,entertainment,horreur,French,"[""horror""]"
2090,entertainment,horror,English,"[""horreur""]"
2091,seasons,l'hiver,French,"[""the winter""]"
2092,seasons,the winter,English,"[""l'hiver""]"
2093,nouns,humanité,French,"[""humanity""]"
2094,nouns,humanity,English,"[""humanité""]"
2095,emotions,la haine,French,"[""the hatred""]"
2096,emotions,the hatred,English,"[""la haine""]"
2097,food,de l'huile,French,"[""some oil""]"
2098,food,some oil,English,"[""de l'huile""]"
2099,nouns,humour,French,"[""humor""]"
2100,nouns,humor,English,"[""humouur""]"
2101,seasons,un hiver,French,"[""one winter"", ""a winter""]"
2102,seasons,one winter,English,"[""un hiver""]"
2103,measures,la hauteur,French,"[""the height""]"
2104,measures,the height,English,"[""la hauteur""]"
2105,crime,homicide,French,"[""homicide"", ""homicidal""]"
2106,crime,homicide,English,"[""homicide""]"
2107,crime,homicidal,English,"[""homicide""]"
2108,culture,patrimoine,French,"[""heritage""]"
2109,culture,heritage,English,"[""patrimoine""]"
2110,interjection,hélas,French,"[""alas""]"
2111,interjection,alas,English,"[""hélas""]"
2112,transportation,un hélicoptère,French,"[""a helicopter""]"
2113,transportation,a helicopter,English,"[""un hélicoptère""]"
2114,transportation,l'hélicoptère,French,"[""the helicopter""]"
2115,transportation,the helicopter,English,"[""l'hélicoptère""]"
2116,history,historique,French,"[""historical""]"
2117,history,historical,English,"[""historique""]"
2118,time,une horloge,French,"[""a clock""]"
2119,time,a clock,English,"[""une horloge""]"
2120,time,l'horloge,French,"[""the clock""]"
2121,time,the clock,English,"[""l'horloge""]"
2122,nouns,l'hôte,French,"[""the host""]"
2123,nouns,the host,English,"[""l'hôte""]"
2124,nouns,l'hôtesse,French,"[""the hostess""]"
2125,nouns,the hostess,English,"[""l'hôtesse""]"
2126,verbs,hurler,French,"[""scream""]"
2127,verbs,shout,English,"[""hurler""]"
2128,verbs,habituer,French,"[""get used to""]"
2129,verbs,get used to,English,"[""habituer""]"
2130,arts,un hommage,French,"[""a tribute""]"
2131,arts,a tribute,English,"[""un hommage""]"
2132,arts,l'hommage,French,"[""the tribute""]"
2133,arts,the tribute,English,"[""l'hommage""]"
2134,nouns,une halte,French,"[""a stop"", ""a rest stop""]"
2135,nouns,a rest stop,English,"[""une halte""]"
,One,À bas le roi !,French,"[""Down with the king!""]"
,Two,À demain au bureau.,French,"[""See you tomorrow at the office.""]"
,Three,à dix heures et quart,French,"[""at quarter past ten""]"
,Four,à l'hôtel,French,"[""at the hotel""]"
,Five,à l'intérieur,French,"[""inside""]"
,Six,À la bonne heure !,French,"[""All in good time!""]"
,Seven,à la maison,French,"[""at home""]"
,Eight,À partir de quand en as-tu besoin ?,French,"[""When do you need it?""]"
,Nine,à plus tard,French,"[""see you later""]"
,Ten,À plus.,French,"[""See you.""]"
,Eleven,À quel point tu as faim ?,French,"[""How hungry are you?""]"
,Twelve,À quelle heure est le brunch ?,French,"[""What time is brunch?""]"
,Thirteen,À quelle heure est le concert?,French,"[""What time is the concert?""]"
,Fourteen,À quelle heure est le coucher de soleil ?,French,"[""What time is the sunset?""]"
,Sixteen,À quelle heure est le lever du soleil ?,French,"[""What time is the sunrise?""]"
,Seventeen,À quelle heure te lèves-tu ?,French,"[""What time do you get up?""]"
,Eighteen,À qui appartient ce livre ?,French,"[""Who does this book belong to?""]"
,Nineteen,À qui ceci importe-t-il ?,French,"[""Who does this matter to?""]"
,Twenty,À qui est ce livre ?,French,"[""Who is this book for?""]"
,Twenty one,À qui est ce papier-ci ?,French,"[""Who owns this paper?""]"
,Twenty two,À qui est le sac ?,French,"[""Whose bag is it?""]"
,Twenty three,À qui est-ce ?,French,"[""Who is it for?""]"
,Twenty four,À qui est-ce ?,French,"[""Whose is this?""]"
,Twenty five,À quoi bon ?,French,"[""What's the point?""]"
,Twenty six,À quoi font allusion ses paroles ?,French,"[""What are his words referring to?""]"
,Twenty seven,À quoi pensez-vous ?,French,"[""What are you thinking?""]"
,Twenty eight,À quoi pensez-vous de vous conduire ainsi ?,French,"[""What are you aiming at by behaving like this?""]"
,Twenty nine,À quoi sert cette clé ?,French,"[""What is this key for?""]"
,Thirty,A-t-il laissé tombé la cigarette ?,French,"[""Did he drop the cigarette?""]"
,Thirty one,Acceptez-vous les cartes de crédits ?,French,"[""Do you accept credit cards?""]"
,Thirty two,Accrocher de la poussière.,French,"[""To pick up dust.""]"
,Thirty three,Accrocher du boulot.,French,"[""familiar To get a job""]"
,One,Accrocher quelque chose au mur.,French,"[""To hang something on the wall.""]"
,Two,Accrocher une belle maison.,French,"[""To get a pretty house""]"
,Three,Acheter de la cocaïne est illégal.,French,"[""Buying cocaine is illegal.""]"
,Four,Adieu !,French,"[""Farewell!""]"
,Five,Agiter avant utilisation.,French,"[""Shake before use.""]"
,Six,Ai-je raison ?,French,"[""Am I right?""]"
,Seven,Ai-je tort ?,French,"[""Am I wrong?""]"
,Eight,Aidez-nous !,French,"[""Help us!""]"
,Nine,Aime-t-elle les oranges ?,French,"[""Does she like oranges?""]"
,Ten,Aimes-tu chanter ?,French,"[""Do you like to sing?""]"
,Eleven,Aimes-tu faire la cuisine ?,French,"[""Do you like to cook?""]"
,Twelve,Aimes-tu la mienne ?,French,"[""Do you like mine?""]"
,Thirteen,Aimes-tu la musique ?,French,"[""Do you like music?""]"
,Fourteen,Aimes-tu le mien ?,French,"[""Do you like mine?""]"
,Sixteen,Aimes-tu le poisson ?,French,"[""Do you like fish?""]"
,Seventeen,Aimes-tu les films ?,French,"[""Do you like movies?""]"
,Eighteen,Aimes-tu les miennes ?,French,"[""Do you like mine?""]"
,Nineteen,Aimes-tu les pommes ?,French,"[""Do you like apples?""]"
,Twenty,Aimes-tu les voyages ?,French,"[""Do you like traveling?""]"
,Twenty one,Aimez-vous la littérature française ?,French,"[""Do you like French literature?""]"
,Twenty two,Aimez-vous la montagne ?,French,"[""Do you like the mountains?""]"
,Twenty three,Aimez-vous le mien ?,French,"[""Do you like mine?""]"
,Twenty four,Aimez-vous les chats ?,French,"[""Do you like cats?""]"
,Twenty five,Aimez-vous les étés frais ?,French,"[""Do you like cool summers?""]"
,Twenty six,Aimez-vous les miennes ?,French,"[""Do you like mine?""]"
,Twenty seven,Aimez-vous les pommes ?,French,"[""Do you like apples?""]"
,Twenty eight,Aimez-vous réellement ça ?,French,"[""Do you really like this?""]"
,Twenty nine,Aimez-vous votre apparence ?,French,"[""Do you like your appearance?""]"
,Thirty,Ajoute un peu de lait.,French,"[""Add a little milk.""]"
,Thirty one,Alexandre le Grand,French,"[""Alexander the Great""]"
,Thirty two,aller au bout,French,"[""go to the end / go all the way""]"
,Thirty three,aller en bus,French,"[""go by bus""]"
,One,aller par le parc,French,"[""go through the park""]"
,Two,Aller-retour ou aller simple ?,French,"[""Round trip or one way?""]"
,Three,Allez !,French,"[""Go!""]"
,Four,Allez au lit !,French,"[""Go to bed!""]"
,Five,Allons camper.,French,"[""Let's go camping.""]"
,Six,Allons déjeuner.,French,"[""Let's go to lunch.""]"
,Seven,Allons lui demander.,French,"[""Let's go ask him.""]"
,Eight,Allons manger au bord de la rivière.,French,"[""Let's go eat by the river.""]"
,Nine,Allons marcher.,French,"[""Let's go for a walk.""]"
,Ten,Allons par ce chemin.,French,"[""Let's go this way.""]"
,Eleven,Allons prendre quelque chose à manger !,French,"[""Let's have something to eat!""]"
,Twelve,Allons regarder la télévision.,French,"[""Let's go watch TV.""]"
,Thirteen,Allons-nous faire une promenade ?,French,"[""Shall we go for a walk?""]"
,Fourteen,Allons-y en train.,French,"[""Let's go by train.""]"
,Sixteen,Allons-y et voyons autant de choses que nous pourrons.,French,"[""Let's go ahead and see as much as we can.""]"
,Seventeen,Allume la bougie !,French,"[""Light the candle!""]"
,Eighteen,Amusez-vous bien !,French,"[""Have fun!""]"
,Nineteen,Appelez une ambulance.,French,"[""Call an ambulance.""]"
,Twenty,Appelez-moi ce soir.,French,"[""Call me tonight.""]"
,Twenty one,Appelez-moi quand vous arriverez chez vous,French,"[""Call me when you get home""]"
,Twenty two,Appelez-moi si vous avez des problèmes.,French,"[""Call me if you have any problems.""]"
,Twenty three,Appelle la police!,French,"[""Call the police!""]"
,Twenty four,Appelle un plombier !,French,"[""Call a plumber!""]"
,Twenty five,Appelle-moi !,French,"[""Call me!""]"
,Twenty six,Appelle-moi quand tu veux.,French,"[""Call me when you want.""]"
,Twenty seven,Appelle-moi si tu as des problèmes.,French,"[""Call me if you have any problems.""]"
,Twenty eight,Appelle-nous !,French,"[""Call us!""]"
,Twenty nine,Apporte-moi la flûte.,French,"[""Bring me the flute.""]"
,Thirty,Apportez-le-moi.,French,"[""Bring it to me.""]"
,Thirty one,Apportez-moi ma canne.,French,"[""Bring me my cane.""]"
,Thirty two,Apportez-moi mes lunettes.,French,"[""Bring me my glasses.""]"
,Thirty three,apprendre le français est plus facile qu'on ne pense,French,"[""learning French is easier than you think""]"
,One,Apprenez à définir vos objectifs.,French,"[""Learn how to define your goals.""]"
,Two,Apprenez ces noms par cœur.,French,"[""Learn these names by heart.""]"
,Three,Approche.,French,"[""Approach.""]"
,Four,Approchez.,French,"[""Come closer.""]"
,Five,Appuie sur le champignon !,French,"[""Put your foot down!""]"
,Six,Après vous.,French,"[""After you.""]"
,Seven,Arnie est fort.,French,"[""Arnie is strong.""]"
,Eight,Arrête !,French,"[""Stopped!""]"
,Nine,Arrête ça !,French,"[""Stop that!""]"
,Ten,Arrête de fumer si tu veux vivre longtemps.,French,"[""Stop smoking if you want to live long.""]"
,Eleven,Arrête de fumer.,French,"[""Stop smoking.""]"
,Twelve,Arrête de lire.,French,"[""Stop reading.""]"
,Thirteen,Arrête de mentir.,French,"[""Stop lying.""]"
,Fourteen,Arrête de râler.,French,"[""Stop bitching.""]"
,Sixteen,Arrête de tirer.,French,"[""Stop shooting.""]"
,Seventeen,Arrête immédiatement !,French,"[""Stop immediately!""]"
,Eighteen,Arrête ton char.,French,"[""Stop your chariot.""]"
,Nineteen,Arrête-toi où tu es.,French,"[""Stop where you are.""]"
,Twenty,Arrêtez !,French,"[""Stop!""]"
,Twenty one,Arrêtez d'écrire et rendez votre feuille.,French,"[""Stop writing and return your sheet.""]"
,Twenty two,Arrêtez de lire.,French,"[""Stop reading.""]"
,Twenty three,Arrêtez de tirer.,French,"[""Stop shooting.""]"
,Twenty four,Arrêtez-vous où vous êtes.,French,"[""Stop where you are.""]"
,Twenty five,As-tu aimé la salade ?,French,"[""Did you like the salad?""]"
,Twenty six,As-tu appelé le plombier ?,French,"[""Did you call the plumber?""]"
,Twenty seven,As-tu apprécié Boston ?,French,"[""Did you like Boston?""]"
,Twenty eight,As-tu de la fièvre ?,French,"[""Do you have a fever?""]"
,Twenty nine,As-tu déjà eu une relation à distance ?,French,"[""Have you ever had a long distance relationship?""]"
,Thirty,As-tu déjà fini ton petit-déjeuner ?,French,"[""Have you already finished your breakfast?""]"
,Thirty one,As-tu déjà mangé de la dinde ?,French,"[""Have you ever eaten turkey?""]"
,Thirty two,As-tu déjà mangé une tarte à la banane ?,French,"[""Have you ever eaten a banana pie?""]"
,Thirty three,As-tu déjà payé la facture?,French,"[""Have you already paid the bill?""]"
,One,As-tu déjà pris ton déjeuner ?,French,"[""Have you already had your lunch?""]"
,Two,As-tu déjà rêvé de moi ?,French,"[""Have you ever dreamed of me?""]"
,Three,As-tu déjà visité Kyoto ?,French,"[""Have you ever visited Kyoto?""]"
,Four,As-tu déjà vu un éléphant ?,French,"[""Have you ever seen an elephant?""]"
,Five,As-tu déjà vu un singe ?,French,"[""Have you ever seen a monkey?""]"
,Six,As-tu déjeuné ?,French,"[""Have you had lunch?""]"
,Seven,As-tu dit oui ou non ?,French,"[""Did you say yes or no?""]"
,Eight,As-tu encore besoin de thé ?,French,"[""Do you still need tea?""]"
,Nine,As-tu encore peur ?,French,"[""Are you still afraid?""]"
,Ten,As-tu encore soif ?,French,"[""Are you still thirsty?""]"
,Eleven,As-tu envie de vomir ?,French,"[""Do you want to vomit?""]"
,Twelve,As-tu faim maintenant ?,French,"[""Are you hungry now?""]"
,Thirteen,As-tu honte de moi ?,French,"[""Are you ashamed of me?""]"
,Fourteen,As-tu jamais vu un accident de voiture ?,French,"[""Have you ever seen a car accident?""]"
,Sixteen,As-tu nourri le chien ?,French,"[""Did you feed the dog?""]"
,Seventeen,As-tu quelque chose à ajouter ?,French,"[""Do you have anything to add?""]"
,Eighteen,As-tu quelque chose à lire ?,French,"[""Do you have something to read?""]"
,Nineteen,As-tu reçu le chèque ?,French,"[""Did you receive the check?""]"
,Twenty,As-tu tes clefs ?,French,"[""Do you have your keys?""]"
,Twenty one,As-tu trouvé du travail ?,French,"[""Have you found a job?""]"
,Twenty two,As-tu trouvé un remède ?,French,"[""Did you find a cure?""]"
,Twenty three,As-tu un appareil photo ?,French,"[""Do you have a camera?""]"
,Twenty four,As-tu un billet ?,French,"[""Do you have a ticket?""]"
,Twenty five,As-tu un crayon ?,French,"[""Do you have a pencil?""]"
,Twenty six,As-tu un stylo ?,French,"[""Do you have a pen?""]"
,Twenty seven,As-tu un ticket ?,French,"[""Do you have a ticket?""]"
,Twenty eight,As-tu un travail à temps partiel ?,French,"[""Do you have a part-time job?""]"
,Twenty nine,As-tu une maison ?,French,"[""Do you have a house?""]"
,Thirty,As-tu une voiture ?,French,"[""Do you have a car?""]"
,Thirty one,As-tu vu mon appareil photo ?,French,"[""Have you seen my camera?""]"
,Thirty two,As-tu vu un docteur ?,French,"[""Have you seen a doctor?""]"
,Thirty three,Asseyez-vous !,French,"[""Sit down!""]"
,One,Asseyez-vous ici.,French,"[""Sit here.""]"
,Two,Assieds-toi !,French,"[""Sit down!""]"
,Three,Assieds-toi ici.,French,"[""Sit here.""]"
,Four,Attendez la chute de cette blague,French,"[""Wait for the conclusion of the joke""]"
,Five,Attendez précisément ici.,French,"[""Wait precisely here.""]"
,Six,Attendez un moment.,French,"[""Wait a minute.""]"
,Seven,Attends un peu !,French,"[""Wait a bit!""]"
,Eight,Attrape ça !,French,"[""Catch this!""]"
,Nine,Attrape ce livre pour moi.,French,"[""Grab this book for me.""]"
,Ten,Attrape-le.,French,"[""Grab it.""]"
,Eleven,au bar,French,"[""in the bar""]"
,Twelve,au bois,French,"[""in the woods""]"
,Thirteen,Au lit !,French,"[""In bed!""]"
,Fourteen,Au mieux il aura peut-être la troisième place.,French,"[""At best he might get third place.""]"
,Sixteen,Au temps pour moi.,French,"[""My mistake.""]"
,Seventeen,Aucun antidote n'est disponible.,French,"[""No antidote is available.""]"
,Eighteen,Aucun problème !,French,"[""No problem!""]"
,Nineteen,Aucune n'est acceptable.,French,"[""None is acceptable.""]"
,Twenty,Aujourd'hui je vais vous apprendre quelques mots hawaïens.,French,"[""Today I am going to teach you some Hawaiian words.""]"
,Twenty one,Avais-tu les yeux bandés ?,French,"[""Were you blindfolded?""]"
,Twenty two,Avance !,French,"[""Advance!""]"
,Twenty three,Avancez !,French,"[""Come on!""]"
,Twenty four,Avez-vous aimé le repas ?,French,"[""Did you like the meal?""]"
,Twenty five,Avez-vous apprécié Boston ?,French,"[""Did you like Boston?""]"
,Twenty six,Avez-vous besoin de lui ?,French,"[""Do you need him?""]"
,Twenty seven,Avez-vous de la bière ?,French,"[""Do you have beer?""]"
,Twenty eight,Avez-vous déjà appelé une ambulance?,French,"[""Have you ever called an ambulance?""]"
,Twenty nine,Avez-vous déjà entendu cette histoire ?,French,"[""Have you ever heard this story?""]"
,Thirty,Avez-vous déjà eu une maladie grave ?,French,"[""Have you ever had a serious illness?""]"
,Thirty one,Avez-vous déjà fait une liste ?,French,"[""Have you ever made a list?""]"
,Thirty two,Avez-vous déjà lu ce livre ?,French,"[""Have you read this book before?""]"
,Thirty three,Avez-vous déjà rêvé de moi ?,French,"[""Have you ever dreamed of me?""]"
,One,Avez-vous déjà terminé votre travail ?,French,"[""Have you already finished your work?""]"
,Two,Avez-vous déjà visité Rome ?,French,"[""Have you ever visited Rome?""]"
,Three,Avez-vous déjà vu un tigre par ici ?,French,"[""Have you ever seen a tiger around here?""]"
,Four,Avez-vous des allumettes ?,French,"[""Do you have any matches?""]"
,Five,Avez-vous des frères ?,French,"[""Do you have brothers?""]"
,Six,Avez-vous des frères et sœurs ?,French,"[""Do you have brothers or sisters?""]"
,Seven,Avez-vous des sœurs ?,French,"[""Do you have sisters?""]"
,Eight,Avez-vous encore peur ?,French,"[""Are you still scared?""]"
,Nine,Avez-vous envie de danser ?,French,"[""Do you want to dance?""]"
,Ten,Avez-vous essayé le poulet ?,French,"[""Have you tried chicken?""]"
,Eleven,Avez-vous fini de lire le journal?,French,"[""Have you finished reading the newspaper?""]"
,Twelve,Avez-vous fini votre travail ?,French,"[""Have you finished your work?""]"
,Thirteen,Avez-vous jamais vu un ange ?,French,"[""Have you ever seen an angel?""]"
,Fourteen,Avez-vous prévu de participer à la réunion ?,French,"[""Do you plan to attend the meeting?""]"
,Sixteen,Avez-vous un bateau de pêche ?,French,"[""Do you have a fishing boat?""]"
,Seventeen,Avez-vous un chien ?,French,"[""Do you have a dog?""]"
,Eighteen,Avez-vous un dictionnaire de français ?,French,"[""Do you have a French dictionary?""]"
,Nineteen,Avez-vous un fils ?,French,"[""Do you have a son?""]"
,Twenty,Avez-vous un frère jumeau ?,French,"[""Do you have a twin brother?""]"
,Twenty one,Avez-vous un menu en anglais ?,French,"[""Do you have a menu in English?""]"
,Twenty two,Avez-vous un portable ?,French,"[""Do you have a cell phone?""]"
,Twenty three,Avez-vous un stylo ?,French,"[""Do you have a pen?""]"
,Twenty four,Avez-vous un tatouage ?,French,"[""Do you have a tattoo?""]"
,Twenty five,Avez-vous un téléphone ?,French,"[""Do you have a phone?""]"
,Twenty six,Avez-vous un vélo ?,French,"[""Do you have a bicycle?""]"
,Twenty seven,Avez-vous une bicyclette ?,French,"[""Do you have a bicycle?""]"
,Twenty eight,Avez-vous une bière étrangère ?,French,"[""Do you have a foreign beer?""]"
,Twenty nine,Avez-vous une question ?,French,"[""Do you have a question?""]"
,Thirty,Avez-vous une voiture ?,French,"[""Do you have a car?""]"
,Thirty one,Avez-vous utilisé mon appareil photo ?,French,"[""Did you use my camera?""]"
,Thirty two,Avez-vous vu cette voiture ?,French,"[""Have you seen this car?""]"
,Thirty three,Avez-vous vu le spectacle ?,French,"[""Did you see the show?""]"
,One,Avez-vous vu mon manteau ?,French,"[""Have you seen my coat?""]"
,Two,Avez-vous vu mon stylo ?,French,"[""Have you seen my pen?""]"
,Three,Avoir des fourmis dans les jambes.,French,"[""To have pins and needles in one's legs.""]"
,Four,avoir des relations sexuelles,French,"[""to have sexual relations""]"
,Five,avoir le cafard,French,"[""to feel blue""]"
,Six,Baisse la radio.,French,"[""Turn down the radio.""]"
,Seven,Baisse le ton.,French,"[""Lower your tone.""]"
,Eight,Baissez le volume.,French,"[""Lower the volume.""]"
,Nine,balle de golf,French,"[""golf ball""]"
,Ten,balle de tennis,French,"[""tennis ball""]"
,Eleven,Bande de voyous!,French,"[""You hooligans!""]"
,Twelve,Beaucoup de poissons ont péri.,French,"[""Many fish perished.""]"
,Thirteen,Bien cuit !,French,"[""Well done!""]"
,Fourteen,Bien sûr.,French,"[""Of course.""]"
,Sixteen,bien traiter quelqu'un,French,"[""to treat someone well""]"
,Seventeen,Bien vu !,French,"[""Well seen!""]"
,Eighteen,Bienvenue à Boston.,French,"[""Welcome to Boston.""]"
,Nineteen,Bienvenue à la maison.,French,"[""Welcome to the house.""]"
,Twenty,Bill est complètement différent de son frère.,French,"[""Bill is completely different from his brother.""]"
,Twenty one,bleu clair,French,"[""light blue""]"
,Twenty two,Bob est mon ami.,French,"[""Bob is my friend.""]"
,Twenty three,Boire trois tasses par jour réduirait de 20 % les risques de contracter une maladie.,French,"[""Drinking three cups a day would reduce the risks of catching an illness by 20%.""]"
,Twenty four,boire un coup,French,"[""to have a drink""]"
,Twenty five,Bois ce jus !,French,"[""Drink this juice!""]"
,Twenty six,boite à musique,French,"[""music box""]"
,Twenty seven,Bon vol.,French,"[""Good flight.""]"
,Twenty eight,Bon week-end.,French,"[""Have a nice week end.""]"
,Twenty nine,Bonjour !,French,"[""Hello!""]"
,Thirty,Bonjour.,French,"[""Hello.""]"
,Thirty one,Bonne année !,French,"[""Happy New Year!""]"
,Thirty two,Bonne chance !,French,"[""Good luck!""]"
,Thirty three,Boston est une grande ville.,French,"[""Boston is a big city.""]"
,One,Brian est dans la cuisine,French,"[""Brian is in the kitchen.""]"
,Two,Brosse tes dents.,French,"[""Brush your teeth.""]"
,Three,C'est à côté de ce bâtiment.,French,"[""It is next to this building.""]"
,Four,C'est à elle.,French,"[""It's hers.""]"
,Five,C'est à son avantage.,French,"[""It is to his advantage.""]"
,Six,C'est à toi de décider ce que tu veux faire.,French,"[""It is up to you to decide what you want to do.""]"
,Seven,C'est à ton tour de chanter.,French,"[""It's your turn to sing.""]"
,Eight,C'est adorable.,French,"[""It's adorable.""]"
,Nine,C'est après minuit.,French,"[""It is after midnight.""]"
,Ten,C'est arrivé en octobre.,French,"[""It happened in October.""]"
,Eleven,C'est beau !,French,"[""It is beautiful!""]"
,Twelve,C'est beaucoup de liquide.,French,"[""It's a lot of liquid.""]"
,Thirteen,C'est bizarre que je ne mange rien.,French,"[""It's strange that I don't eat anything.""]"
,Fourteen,C'est charmant.,French,"[""It is charming.""]"
,Sixteen,C'est clair qu'il l'a fait exprès.,French,"[""It's obvious that he did it on purpose.""]"
,Seventeen,C'est comme une drogue.,French,"[""It is like a drug.""]"
,Eighteen,C'est complet.,French,"[""It's complete.""]"
,Nineteen,C'est complètement dingue.,French,"[""This is completely crazy.""]"
,Twenty,C'est contre ma religion.,French,"[""It is against my religion.""]"
,Twenty one,C'est dans la poche !,French,"[""It's in the pocket!""]"
,Twenty two,C'est de l'ouest de la France.,French,"[""It's from the west of France.""]"
,Twenty three,c'est de ma faute,French,"[""I'm to blame""]"
,Twenty four,C'est de votre responsabilité.,French,"[""It is your responsibility.""]"
,Twenty five,C'est délicieux.,French,"[""It's delicious.""]"
,Twenty six,C'est du chantage.,French,"[""It is blackmail.""]"
,Twenty seven,C'est du même tabac.,French,"[""It's the same old stuff.""]"
,Twenty eight,C'est du poison.,French,"[""It is poison.""]"
,Twenty nine,C'est du poulet.,French,"[""It's chicken.""]"
,Thirty,C'est du sable.,French,"[""It's sand.""]"
,Thirty one,C'est dur de choisir.,French,"[""It's hard to choose.""]"
,Thirty two,C'est également ce que je pensais.,French,"[""This is also what I thought.""]"
,Thirty three,C'est en trichant qu'il est devenu champion.,French,"[""It was by cheating that he became champion.""]"
,One,C'est énorme.,French,"[""It's huge.""]"
,Two,C'est entièrement de ta faute.,French,"[""It is entirely your fault.""]"
,Three,C'est flagrant.,French,"[""It stares you in the face.""]"
,Four,C'est ici le monde réel.,French,"[""This is the real world.""]"
,Five,C'est illégal.,French,"[""It is illegal.""]"
,Six,C'est injuste.,French,"[""It is unfair.""]"
,Seven,C'est juste un fantasme.,French,"[""It's just a fantasy.""]"
,Eight,C'est juste une expression.,French,"[""It's just an expression.""]"
,Nine,C'est juste une suggestion.,French,"[""It is just a suggestion.""]"
,Ten,C'est l'évidence même.,French,"[""It is completely obvious.""]"
,Eleven,C'est la différence entre vous et moi.,French,"[""It's the difference between you and me.""]"
,Twelve,C'est la folie.,French,"[""This is madness.""]"
,Thirteen,C'est la limite.,French,"[""This is the limit.""]"
,Fourteen,C'est la plus belle fille du monde.,French,"[""She is the most beautiful girl in the world.""]"
,Sixteen,C'est la pratique de ce pays.,French,"[""Those are the customs of this country.""]"
,Seventeen,C'est la raison de ma présence.,French,"[""This is the reason for my presence.""]"
,Eighteen,C'est la réalité.,French,"[""It is reality.""]"
,Nineteen,C'est la recette de ma mère.,French,"[""This is my mother's recipe.""]"
,Twenty,C'est le drapeau du Japon.,French,"[""It is the flag of Japan.""]"
,Twenty one,C'est le lieu où la bataille a eu lieu.,French,"[""This is the place where the battle took place.""]"
,Twenty two,C'est le maximum.,French,"[""It is the maximum.""]"
,Twenty three,C'est le moment idéal pour en acheter.,French,"[""Now is the perfect time to buy it.""]"
,Twenty four,C'est le printemps que je préfère.,French,"[""It is spring that I prefer.""]"
,Twenty five,C'est lui qui a dit cela.,French,"[""It's he who said that.""]"
,Twenty six,C'est lui qui gagne le moins d'argent dans sa famille.,French,"[""He earns the least money in his family.""]"
,Twenty seven,C'est ma spécialité.,French,"[""This is my specialty.""]"
,Twenty eight,C'est mal fait.,French,"[""It's done badly.""]"
,Twenty nine,C'est marrant de voyager.,French,"[""It's fun to travel.""]"
,Thirty,C'est moins cher de prendre le bus.,French,"[""It is cheaper to take the bus.""]"
,Thirty one,C'est mon associé.,French,"[""He is my partner.""]"
,Thirty two,C'est mon béguin.,French,"[""She's my crush.""]"
,Thirty three,C'est mon métier.,French,"[""It's my job.""]"
,One,C'est mon objectif.,French,"[""That is my goal.""]"
,Two,C'est mon opinion.,French,"[""This is my opinion.""]"
,Three,C'est mon pantalon.,French,"[""It's my pants.""]"
,Four,C'est mon sandwich.,French,"[""This is my sandwich.""]"
,Five,C'est mon tour de te raconter un secret.,French,"[""It's my turn to tell you a secret.""]"
,Six,C'est mon travail de vous convaincre.,French,"[""It's my job to convince you.""]"
,Seven,C'est notre maison.,French,"[""It's our house.""]"
,Eight,C'est ouvert.,French,"[""It's open.""]"
,Nine,C'est plein de légendes.,French,"[""It's full of stories""]"
,Ten,C'est pour votre protection.,French,"[""It is for your protection.""]"
,Eleven,C'est presque aussi bien que la pêche.,French,"[""It is almost as good as fishing.""]"
,Twelve,C'est silencieux.,French,"[""It is silent.""]"
,Thirteen,C'est superbe.,French,"[""It is superb.""]"
,Fourteen,C'est sympa d'avoir pensé à moi.,French,"[""It's nice that you thought of me.""]"
,Sixteen,C'est toi qui t'y connais!,French,"[""You're the expert!""]"
,Seventeen,C'est ton destin.,French,"[""It is your destiny.""]"
,Eighteen,C'est ton tour de faire la vaisselle.,French,"[""It's your turn to do the dishes.""]"
,Nineteen,c'est toujours la faute aux autres,French,"[""other people are always to blame""]"
,Twenty,C'est toujours le même tabac.,French,"[""It's always the same thing.""]"
,Twenty one,C'est très agréable.,French,"[""It is very pleasant.""]"
,Twenty two,C'est très excitant.,French,"[""It is very exciting.""]"
,Twenty three,C'est très généreux de votre part.,French,"[""It is very generous of you.""]"
,Twenty four,C'est très impressionnant.,French,"[""It is very impressive.""]"
,Twenty five,C'est très ingénieux.,French,"[""It is very ingenious.""]"
,Twenty six,C'est très intéressant.,French,"[""It is very interesting.""]"
,Twenty seven,C'est très marrant.,French,"[""It's very funny.""]"
,Twenty eight,C'est très mignon.,French,"[""It's very cute.""]"
,Twenty nine,C'est très pratique.,French,"[""It is very practical.""]"
,Thirty,C'est très précieux.,French,"[""It is very precious.""]"
,Thirty one,C'est un acteur.,French,"[""He is an actor.""]"
,Thirty two,C'est un adulte.,French,"[""He is an adult.""]"
,Thirty three,C'est un ami à moi.,French,"[""This is a friend of mine.""]"
,One,C'est un article très populaire.,French,"[""This is a very popular article.""]"
,Two,C'est un beau travers de porc.,French,"[""It is a beautiful rib of pork.""]"
,Three,C'est un bleu.,French,"[""It is a blue.""]"
,Four,C'est un bon programme.,French,"[""It is a good program.""]"
,Five,C'est un canon.,French,"[""It is a cannon.""]"
,Six,C'est un cercle de garçons.,French,"[""It is a circle of boys.""]"
,Seven,C'est un champignon.,French,"[""It is a mushroom.""]"
,Eight,C'est un couteau de cuisine.,French,"[""It is a kitchen knife.""]"
,Nine,C'est un crayon.,French,"[""It is a pencil.""]"
,Ten,C'est un dictionnaire.,French,"[""It is a dictionary.""]"
,Eleven,C'est un employé de bureau.,French,"[""He is an office worker.""]"
,Twelve,C'est un étudiant.,French,"[""He is a student.""]"
,Thirteen,C'est un exemplaire très rare.,French,"[""It is a very rare copy.""]"
,Fourteen,C'est un goût subtil.,French,"[""It's a subtle taste.""]"
,Sixteen,C'est un homme de foi.,French,"[""He is a man of faith.""]"
,Seventeen,C'est un homme que je connais très bien.,French,"[""He's a man whom I know very well.""]"
,Eighteen,C'est un homme qui a la pratique des affaires.,French,"[""This is a man with business experience.""]"
,Nineteen,C'est un homme qui ne dit jamais ce qu'il pense.,French,"[""That's a man who never says what he thinks.""]"
,Twenty,C'est un homme qui pense toujours mal des autres.,French,"[""It's a man who always thinks badly of others.""]"
,Twenty one,C'est un joueur.,French,"[""He is a player.""]"
,Twenty two,C'est un journal.,French,"[""It is a newspaper.""]"
,Twenty three,C'est un lion.,French,"[""It is a lion.""]"
,Twenty four,C'est un mannequin.,French,"[""He is a mannequin.""]"
,Twenty five,C'est un mari idéal pour moi.,French,"[""He is an ideal husband for me.""]"
,Twenty six,C'est un membre du comité.,French,"[""He is a member of the committee.""]"
,Twenty seven,C'est un miracle que tu aies pu survivre.,French,"[""It is a miracle that you were able to survive.""]"
,Twenty eight,C'est un miracle.,French,"[""It is a miracle.""]"
,Twenty nine,C'est un modèle plus ancien.,French,"[""It is an older model.""]"
,Thirty,C'est un mot difficile à prononcer.,French,"[""It is a difficult word to pronounce.""]"
,Thirty one,C'est un mythe.,French,"[""It is a myth.""]"
,Thirty two,C'est un nombre négatif.,French,"[""It's a negative number.""]"
,Thirty three,c'est un pan à part,French,"[""it's a special part""]"
,One,C'est un petit détail.,French,"[""This is a small detail.""]"
,Two,C'est un peu léger.,French,"[""It is a bit light.""]"
,Three,C'est un phénomène de mode.,French,"[""It is a fashion phenomenon.""]"
,Four,C'est un plan vraiment merveilleux.,French,"[""It is a truly wonderful plan.""]"
,Five,C'est un raccourci.,French,"[""It is a shortcut.""]"
,Six,C'est un record du monde.,French,"[""It is a world record.""]"
,Seven,C'est un renard.,French,"[""He is a fox.""]"
,Eight,C'est un snob.,French,"[""He's a snob.""]"
,Nine,C'est un soulagement.,French,"[""It is a relief.""]"
,Ten,C'est un sujet très délicat.,French,"[""This is a very delicate subject.""]"
,Eleven,C'est un système très complexe.,French,"[""It is a very complex system.""]"
,Twelve,C'est un thème très important chez Baudelaire.,French,"[""That is a very important theme in Baudelaire's work.""]"
,Thirteen,C'est un village de 800 âmes.,French,"[""It's a village of 800 souls.""]"
,Fourteen,C'est un/e célébrité.,French,"[""He/she/it is a celebrity.""]"
,Sixteen,C'est une banane.,French,"[""It is a banana.""]"
,Seventeen,C'est une blague entre nous.,French,"[""This is a joke between us.""]"
,Eighteen,C'est une bonne assiette.,French,"[""It's a good dish.""]"
,Nineteen,C'est une comédie.,French,"[""It is a comedy.""]"
,Twenty,C'est une embuscade !,French,"[""It is an ambush!""]"
,Twenty one,C'est une exception à la règle.,French,"[""This is an exception to the rule.""]"
,Twenty two,C'est une fleur tellement belle !,French,"[""It is such a beautiful flower!""]"
,Twenty three,C'est une joie de te revoir.,French,"[""It's a joy to see you again.""]"
,Twenty four,C'est une jolie robe.,French,"[""It is a pretty dress.""]"
,Twenty five,C'est une malédiction.,French,"[""It is a curse.""]"
,Twenty six,C'est une meilleure chanteuse que moi.,French,"[""She's a better singer than I am.""]"
,Twenty seven,C'est une période de pleine lune.,French,"[""It is a full moon period.""]"
,Twenty eight,C'est une poupée.,French,"[""It is a doll.""]"
,Twenty nine,C'est une procédure de routine.,French,"[""It is a routine procedure.""]"
,Thirty,C'est une promesse.,French,"[""It is a promise.""]"
,Thirty one,C'est une propriété privée.,French,"[""It is private property.""]"
,Thirty two,C'est une question de fierté.,French,"[""It is a matter of pride.""]"
,Thirty three,C'est une question de goût.,French,"[""It is a matter of taste.""]"
,One,C'est une question de principe.,French,"[""It is a matter of principle.""]"
,Two,C'est une question de sécurité nationale.,French,"[""It is a matter of national security.""]"
,Three,C'est une question de survie.,French,"[""It is a matter of survival.""]"
,Four,C'est une règle.,French,"[""It is a rule.""]"
,Five,C'est une rumeur.,French,"[""It is a rumor.""]"
,Six,C'est une sensation vraiment bonne.,French,"[""It is a really good feeling.""]"
,Seven,C'est une sorte de pain.,French,"[""It is a kind of bread.""]"
,Eight,C'est une tradition.,French,"[""It is a tradition.""]"
,Nine,C'est une tragédie.,French,"[""It is a tragedy.""]"
,Ten,C'est une tronche en maths.,French,"[""That guy is a pro at math.""]"
,Eleven,C'est une vraie beauté.,French,"[""It is a real beauty.""]"
,Twelve,C'est vache!,French,"[""That is harsh!""]"
,Thirteen,C'est vert.,French,"[""It is green.""]"
,Fourteen,C'est votre devoir de voter.,French,"[""It is your duty to vote.""]"
,Sixteen,C'est vrai?,French,"[""Really?""]"
,Seventeen,C'est vraiment chouette de votre part.,French,"[""This is really cool from you.""]"
,Eighteen,C'est-tu possible ?,French,"[""Is it possible?""]"
,Nineteen,C'était compréhensible.,French,"[""It was understandable.""]"
,Twenty,C'était correct.,French,"[""It was correct.""]"
,Twenty one,C'était efficace.,French,"[""It was effective.""]"
,Twenty two,C'était effrayant.,French,"[""It was scary.""]"
,Twenty three,C'était évident.,French,"[""It was obvious.""]"
,Twenty four,C'était exactement son intention.,French,"[""It was exactly his intention.""]"
,Twenty five,C'était excessif.,French,"[""It was excessive.""]"
,Twenty six,C'était excitant.,French,"[""It was exciting.""]"
,Twenty seven,C'était extrêmement amusant.,French,"[""It was extremely fun.""]"
,Twenty eight,C'était impardonnable.,French,"[""It was unforgivable.""]"
,Twenty nine,C'était la chose la moins surprenante.,French,"[""It was the least surprising thing.""]"
,Thirty,C'était logique.,French,"[""It was logical.""]"
,Thirty one,C'était nécessaire.,French,"[""It was necessary.""]"
,Thirty two,C'était personnel.,French,"[""It was personal.""]"
,Thirty three,C'était pratique.,French,"[""It was practical.""]"
,One,C'était un bon achat,French,"[""It was a good buy""]"
,Two,C'eût été dommage.,French,"[""It would have been a pity.""]"
,Three,Ça a échoué.,French,"[""It failed.""]"
,Four,Ça a été magnifique.,French,"[""It was magnificent.""]"
,Five,Ça a été merveilleux.,French,"[""It was wonderful.""]"
,Six,Ça a été son seul espoir.,French,"[""It was his only hope.""]"
,Seven,Ça a été un plaisir de vous rencontrer.,French,"[""It was a pleasure to meet you.""]"
,Eight,Ça a fonctionné.,French,"[""It functioned.""]"
,Nine,Ça a marché.,French,"[""It worked.""]"
,Ten,Ça a pris du temps.,French,"[""It took a long time.""]"
,Eleven,Ça a pris une demi-heure.,French,"[""It took half an hour.""]"
,Twelve,Ça a toujours été comme ça.,French,"[""It has always been like that.""]"
,Thirteen,Ça a un défaut.,French,"[""It has a defect.""]"
,Fourteen,Ça arrive parfois.,French,"[""It happens sometimes.""]"
,Sixteen,Ça casse comme le verre.,French,"[""That breaks like glass.""]"
,Seventeen,Ça doit être dur à faire.,French,"[""It must be hard to do.""]"
,Eighteen,Ça doit être un rêve.,French,"[""It must be a dream.""]"
,Nineteen,Ça expliquerait.,French,"[""That would explain.""]"
,Twenty,Ça fait dix ans que nous nous connaissons.,French,"[""We have known each other for ten years.""]"
,Twenty one,Ça fait quinze ans que je suis professeur.,French,"[""I have been a teacher for fifteen years.""]"
,Twenty two,Ça fait quoi ?,French,"[""What does it do?""]"
,Twenty three,Ça fait un moment que je l'attends,French,"[""I've been waiting for him for a while""]"
,Twenty four,Ça fonctionne.,French,"[""It works.""]"
,Twenty five,Ça ira.,French,"[""It will be fine.""]"
,Twenty six,Ça lui a presque coûté la vie.,French,"[""It almost cost him his life.""]"
,Twenty seven,Ça marche comme par magie.,French,"[""It works like magic.""]"
,Twenty eight,Ça me donne la migraine !,French,"[""It gives me a headache!""]"
,Twenty nine,Ça me plaît beaucoup.,French,"[""I really like it.""]"
,Thirty,Ça me regarde.,French,"[""That's my business.""]"
,Thirty one,Ça n'est toujours pas correct.,French,"[""It is still not correct.""]"
,Thirty two,Ça ne brûle pas.,French,"[""It does not burn.""]"
,Thirty three,Ça ne fait pas partie de ma juridiction.,French,"[""It's not within my jurisdiction.""]"
,One,Ça ne fait rien.,French,"[""It does not matter.""]"
,Two,Ça ne m'arrive jamais.,French,"[""That never happens to me.""]"
,Three,Ça ne me plaisait pas.,French,"[""I didn't like it.""]"
,Four,Ça ne me plaît pas.,French,"[""I do not like it.""]"
,Five,Ça ne prend guère de temps.,French,"[""It hardly takes a long time.""]"
,Six,Ça nous affecte tous.,French,"[""It affects us all.""]"
,Seven,Ça peut arriver.,French,"[""It could happen.""]"
,Eight,Ça pourrait être utile.,French,"[""It could be useful.""]"
,Nine,Ça prend des heures.,French,"[""It takes hours.""]"
,Ten,Ça prend du temps.,French,"[""It takes time.""]"
,Eleven,Ça pue.,French,"[""It stinks.""]"
,Twelve,Ça ressemble à de la neige.,French,"[""It looks like snow.""]"
,Thirteen,Ça roule bien chez mon ami.,French,"[""It's going well at my friend's house.""]"
,Fourteen,Ça semblait approprié.,French,"[""It seemed appropriate.""]"
,Sixteen,Ça semblerait probable.,French,"[""It would seem likely.""]"
,Seventeen,Ça sent bon !,French,"[""It smells good!""]"
,Eighteen,Ça sent bon.,French,"[""It smells good.""]"
,Nineteen,Ça sent la pluie.,French,"[""It looks like rain.""]"
,Twenty,Ça sent mauvais.,French,"[""It smells bad.""]"
,Twenty one,Ça sera différent.,French,"[""It will be different.""]"
,Twenty two,Ça serait drôle.,French,"[""It would be funny.""]"
,Twenty three,Ça serait trop facile.,French,"[""It would be too easy.""]"
,Twenty four,Ça serait un bon début.,French,"[""It would be a good start.""]"
,Twenty five,Ça te botterait d'aller au ciné?,French,"[""Would you like to go the cinema?""]"
,Twenty six,Ça te plaît ?,French,"[""Do you like it?""]"
,Twenty seven,Ça utilise l'énergie solaire.,French,"[""It uses solar energy.""]"
,Twenty eight,Ça va ?,French,"[""It's okay?""]"
,Twenty nine,Ça va bien ?,French,"[""How's it going?""]"
,Thirty,Ça va bientôt être le matin.,French,"[""It will soon be morning.""]"
,Thirty one,Ça va être facile.,French,"[""It will be easy.""]"
,Thirty two,Ça va être juste.,French,"[""It will be fair.""]"
,Thirty three,Ça va être sympa de revoir tout le monde.,French,"[""It will be nice to see everyone again.""]"
,One,Ça va être un défi.,French,"[""It will be a challenge.""]"
,Two,Ça va exploser !,French,"[""It will explode!""]"
,Three,Ça va se rafraîchir ce soir.,French,"[""It will cool off tonight.""]"
,Four,Ça va tout le monde ?,French,"[""How's it going everybody?""]"
,Five,Ça va.,French,"[""It's okay.""]"
,Six,Ça vaut le voyage.,French,"[""It's worth the trip.""]"
,Seven,Ça vous plaît ?,French,"[""How do you like it?""]"
,Eight,Ça y est.,French,"[""That's it.""]"
,Nine,Calme-toi.,French,"[""Calm down.""]"
,Ten,Calmez-vous pendant un moment.,French,"[""Calm down for a while.""]"
,Eleven,cap stratégique,French,"[""strategic course""]"
,Twelve,cas clinique,French,"[""clinical case""]"
,Thirteen,Ce baiser était fantastique.,French,"[""That kiss was fantastic.""]"
,Fourteen,Ce baiser était incroyable.,French,"[""That kiss was incredible.""]"
,Sixteen,Ce ballon est le trésor de ce garçon.,French,"[""This balloon is the boy's treasure.""]"
,Seventeen,Ce bar est plutôt sale.,French,"[""This bar is pretty dirty.""]"
,Eighteen,Ce bâtiment appartient à ma famille.,French,"[""This building belongs to my family.""]"
,Nineteen,Ce bâtiment doit être en feu.,French,"[""This building must be on fire.""]"
,Twenty,Ce bâtiment gris ?,French,"[""This gray building?""]"
,Twenty one,Ce chapeau est trop petit pour vous.,French,"[""This hat is too small for you.""]"
,Twenty two,Ce chat est noir.,French,"[""This cat is black.""]"
,Twenty three,Ce chien est à moi.,French,"[""This dog is mine.""]"
,Twenty four,Ce chien est blanc.,French,"[""This dog is white.""]"
,Twenty five,Ce chien est gros.,French,"[""This dog is fat.""]"
,Twenty six,Ce costume te va bien.,French,"[""This suit looks good on you.""]"
,Twenty seven,Ce dictionnaire est à jour.,French,"[""This dictionary is up to date.""]"
,Twenty eight,ce dont je parlais,French,"[""that which I was speaking of""]"
,Twenty nine,Ce drap est léger.,French,"[""This sheet is light.""]"
,Thirty,Ce film est complètement bidon.,French,"[""This film is complete crap.""]"
,Thirty one,Ce film est insensé.,French,"[""This film is insane.""]"
,Thirty two,Ce film était vraiment émouvant.,French,"[""This film was really moving.""]"
,Thirty three,Ce fromage vient d'Espagne.,French,"[""This cheese is from Spain.""]"
,One,Ce fut un acte de courage.,French,"[""It was an act of courage.""]"
,Two,Ce fut un choc.,French,"[""It was a shock.""]"
,Three,Ce fut une révélation pour moi.,French,"[""It was a revelation for me.""]"
,Four,Ce fut une tragédie.,French,"[""It was a tragedy.""]"
,Five,Ce garçon a fait exprès de frapper son fils.,French,"[""This boy hit his son on purpose.""]"
,Six,Ce garçon est malin.,French,"[""This boy is smart.""]"
,Seven,Ce garçon est mon fils.,French,"[""This boy is my son.""]"
,Eight,Ce garçon est très habile.,French,"[""This boy is very clever.""]"
,Nine,Ce garçon est très ingénieux.,French,"[""This boy is very ingenious.""]"
,Ten,Ce gâteau est délicieux !,French,"[""This cake is delicious!""]"
,Eleven,Ce groupe est vraiment bon.,French,"[""This group is really good.""]"
,Twelve,Ce jeune aux cheveux longs est rude.,French,"[""This young man with long hair is rough.""]"
,Thirteen,Ce jouet est fait en bois.,French,"[""This toy is made of wood.""]"
,Fourteen,Ce lac est profond.,French,"[""This lake is deep.""]"
,Sixteen,Ce lieu est ouvert à tous.,French,"[""This place is open to everyone.""]"
,Seventeen,Ce lieu est pratique pour se baigner.,French,"[""This place is convenient for swimming.""]"
,Eighteen,Ce lit est très confortable.,French,"[""This bed is very comfortable.""]"
,Nineteen,Ce livre est très ancien.,French,"[""This book is very old.""]"
,Twenty,Ce livre est très petit.,French,"[""This book is very small.""]"
,Twenty one,Ce livre s'est vendu à des millions d'exemplaires.,French,"[""This book has sold millions of copies.""]"
,Twenty two,Ce magasin a plus de bonbons que celui-là.,French,"[""This store has more candy than this one.""]"
,Twenty three,Ce manteau est à ta taille.,French,"[""This coat is your size.""]"
,Twenty four,Ce manuel scolaire est trop dur pour moi.,French,"[""This textbook is too hard for me.""]"
,Twenty five,Ce mec est une grande gueule.,French,"[""This guy is a big mouth.""]"
,Twenty six,Ce meurtre demeure un mystère.,French,"[""This murder remains a mystery.""]"
,Twenty seven,Ce n'est pas très similaire.,French,"[""It is not very similar.""]"
,Twenty eight,Ce n'est que le commencement.,French,"[""This is just the beginning.""]"
,Twenty nine,Ce n'est que votre imagination.,French,"[""It is only your imagination.""]"
,Thirty,Ce parfum sent bon.,French,"[""This fragrance smells good.""]"
,Thirty one,ce peuvent être,French,"[""these may be""]"
,Thirty two,Ce poisson ne contient pas de poison.,French,"[""This fish does not contain poison.""]"
,Thirty three,Ce pont est très beau.,French,"[""This bridge is very beautiful.""]"
,One,Ce quartier fait très peur.,French,"[""This neighborhood is very scary.""]"
,Two,Ce que tu dis est insensé.,French,"[""What you say is insane.""]"
,Three,Ce que tu fais est illégal.,French,"[""What you do is illegal.""]"
,Four,Ce repas était incroyable.,French,"[""This meal was incredible.""]"
,Five,Ce repas sent l'ail.,French,"[""This meal smells/tastes of garlic.""]"
,Six,Ce sac est à la fois bien et cher.,French,"[""This bag is both good and expensive.""]"
,Seven,ce semble,French,"[""it seems""]"
,Eight,Ce sera bientôt le moment de partir.,French,"[""It will soon be time to leave.""]"
,Nine,Ce sera tout pour le moment.,French,"[""That will be it for the moment.""]"
,Ten,Ce serait facile de faire ça.,French,"[""It would be easy to do that.""]"
,Eleven,Ce serait fou de ne pas faire cela.,French,"[""It would be crazy not to do that.""]"
,Twelve,Ce serait le dernier à te décevoir.,French,"[""It would be the last to disappoint you.""]"
,Thirteen,Ce serait très drôle.,French,"[""It would be very funny.""]"
,Fourteen,Ce serait une sage décision.,French,"[""It would be a wise decision.""]"
,Sixteen,Ce serait vraiment génial.,French,"[""It would be really great.""]"
,Seventeen,Ce soldat est un vrai bleu,French,"[""This soldier is a real rookie""]"
,Eighteen,Ce sont des célébrités.,French,"[""These are celebrities.""]"
,Nineteen,Ce sont les siens.,French,"[""They are his.""]"
,Twenty,Ce sont les vôtres ?,French,"[""Are these yours?""]"
,Twenty one,Ce sont mes amis.,French,"[""These are my friends.""]"
,Twenty two,Ce sont tes oignons.,French,"[""These are your onions.""]"
,Twenty three,Ce sont tous les deux de bons professeurs.,French,"[""They are both good teachers.""]"
,Twenty four,Ce sont tous les deux mes collègues.,French,"[""They are both my colleagues.""]"
,Twenty five,Ce style de chapeau est à la mode en ce moment.,French,"[""This style of hat is in fashion right now.""]"
,Twenty six,Ce texte est paru il y a longtemps.,French,"[""This text was published long ago.""]"
,Twenty seven,Ce thé sent bon.,French,"[""This tea smells good.""]"
,Twenty eight,Ce ticket est valable pendant trois mois.,French,"[""This ticket is valid for three months.""]"
,Twenty nine,Ce travail ne paie pas.,French,"[""This work does not pay.""]"
,Thirty,Ce truc me rend dingue!,French,"[""This thing drives me crazy!""]"
,Thirty one,Ce type est célèbre.,French,"[""This guy is famous.""]"
,Thirty two,Ce type est un bandit.,French,"[""This guy is a bandit.""]"
,Thirty three,Ceci est du pain de son.,French,"[""This bread is done with bran.""]"
,One,Ceci est la maison où je suis né.,French,"[""This is the house where I was born.""]"
,Two,Ceci est le magazine dont je t'ai parlé.,French,"[""This is the magazine that I told you about.""]"
,Three,Ceci est ma lettre de démission.,French,"[""This is my letter of resignation.""]"
,Four,Ceci est pour mon ami.,French,"[""This is for my friend.""]"
,Five,Ceci est un crayon.,French,"[""This is a pencil.""]"
,Six,Ceci est un lion.,French,"[""This is a lion.""]"
,Seven,Ceci est un livre.,French,"[""This is a book.""]"
,Eight,Ceci est un tableau.,French,"[""This is a table.""]"
,Nine,Ceci est une carte.,French,"[""This is a map.""]"
,Ten,Ceci est une photo de ma voiture.,French,"[""This is a photo of my car.""]"
,Eleven,Ceci est une pomme.,French,"[""This is an apple.""]"
,Twelve,Ceci n'est pas un avion anglais.,French,"[""This is not an English airplane""]"
,Thirteen,Ceci semble excessif.,French,"[""This seems excessive.""]"
,Fourteen,céder le passage,French,"[""to give way to other road users""]"
,Sixteen,Cela a une bonne odeur.,French,"[""That smells good.""]"
,Seventeen,Cela aide beaucoup.,French,"[""It helps a lot.""]"
,Eighteen,Cela arrive toujours ainsi.,French,"[""It always happens that way.""]"
,Nineteen,Cela coûtera trente mille yens selon la plus faible estimation.,French,"[""It will cost thirty thousand yen according to the lowest estimate.""]"
,Twenty,Cela devrait être possible.,French,"[""It should be possible.""]"
,Twenty one,Cela doit être si difficile pour vous.,French,"[""It must be so difficult for you.""]"
,Twenty two,Cela est basé sur des suppositions.,French,"[""This is based on guesswork.""]"
,Twenty three,Cela fait presque trois ans que je suis ici.,French,"[""I have been here for almost three years.""]"
,Twenty four,Cela fait toute la différence.,French,"[""It makes all the difference.""]"
,Twenty five,Cela fera deux ans que nous vivons ici avril prochain.,French,"[""We will be living here for two years next April.""]"
,Twenty six,Cela me rend si heureux.,French,"[""It makes me so happy.""]"
,Twenty seven,Cela me surprend toujours à quel point il peut être stupide.,French,"[""It always amazes me how stupid he can be.""]"
,Twenty eight,Cela n'aurait pas été une si bonne idée.,French,"[""That wouldn't have been such a good idea.""]"
,Twenty nine,Cela ne fait pas de différence pour moi si Fred vient ou pas.,French,"[""It doesn't make a difference to me whether Fred is coming or not.""]"
,Thirty,Cela ne va pas faire mal.,French,"[""It's not going to hurt.""]"
,Thirty one,Cela ne va pas prendre longtemps.,French,"[""It won't take long.""]"
,Thirty two,Cela nous arrive souvent.,French,"[""It happens to us often.""]"
,Thirty three,Cela paraît très improbable.,French,"[""It seems very unlikely.""]"
,One,Cela pourrait être un piège.,French,"[""This could be a trap.""]"
,Two,Cela pourrait être une coïncidence.,French,"[""It could be a coincidence.""]"
,Three,Cela prend du temps.,French,"[""This takes time.""]"
,Four,Cela ressemble à une vache.,French,"[""It looks like a cow.""]"
,Five,Cela reste une possibilité.,French,"[""That remains a possibility.""]"
,Six,Cela semble bon marché.,French,"[""It looks cheap.""]"
,Seven,Cela semble être risqué.,French,"[""It seems to be risky.""]"
,Eight,Cela semble être un conte de fées.,French,"[""It sounds like a fairy tale.""]"
,Nine,Cela semble raisonnable.,French,"[""That sounds reasonable.""]"
,Ten,Cela va sans dire que M. Tanaka a tout fait par lui-même.,French,"[""It goes without saying that Mr. Tanaka did it all on his own.""]"
,Eleven,Celle-ci est plus jolie.,French,"[""This one is prettier.""]"
,Twelve,Celui qui craint les nouveaux remèdes doit endurer les vieux maux.,French,"[""Whoever fears new remedies must endure old evils.""]"
,Thirteen,Celui qui ne respecte pas les règles devra partir sur-le-champ.,French,"[""Anyone who does not follow the rules will have to leave immediately.""]"
,Fourteen,Celui-ci est plus joli.,French,"[""This one is prettier.""]"
,Sixteen,Certaines personnes sont vraiment petites à propos des plus petites choses.,French,"[""Some people are really petty about the smallest things.""]"
,Seventeen,Certaines photos ont été prises au péril de la vie.,French,"[""Some photos were taken at risk of life.""]"
,Eighteen,Ces cris et ces pleurs sont bidon puisqu'elle ne l'aimait pas.,French,"[""These cries and tears are phoney because she didn't love him.""]"
,Nineteen,Ces gars-là sont vraiment les meilleurs.,French,"[""Those guys really are the best.""]"
,Twenty,Ces jours-ci John boit trop.,French,"[""These days John drinks too much.""]"
,Twenty one,Ces livres sont à moi.,French,"[""These books are mine.""]"
,Twenty two,Ces livres sont les nôtres.,French,"[""These books are ours.""]"
,Twenty three,Ces livres sont miens.,French,"[""These books are mine.""]"
,Twenty four,Ces prunes sont mûres.,French,"[""These plums are ripe.""]"
,Twenty five,Ces stylos sont à lui.,French,"[""These pens are his.""]"
,Twenty six,Cesse d'être cruel.,French,"[""Stop being cruel.""]"
,Twenty seven,Cessez le feu !,French,"[""Cease fire!""]"
,Twenty eight,Cet acteur a joué dans plusieurs films à suspense.,French,"[""This actor played in a lot of thrillers.""]"
,Twenty nine,Cet appareil ne marche plus.,French,"[""This device quit working.""]"
,Thirty,Cet arbre est plus vieux que cette voiture.,French,"[""This tree is older than this car.""]"
,Thirty one,Cet avion décolle à huit heures du matin.,French,"[""This plane takes off at eight in the morning.""]"
,Thirty two,Cet avion est si moche.,French,"[""This plane is so ugly.""]"
,Thirty three,Cet endroit est fantastique.,French,"[""This place is fantastic.""]"
,One,Cet endroit est parfait.,French,"[""This place is perfect.""]"
,Two,Cet homme est fort.,French,"[""This man is strong.""]"
,Three,Cet homme est indigne de toi.,French,"[""This man is unworthy of you.""]"
,Four,Cet homme est soldat.,French,"[""This man is a soldier.""]"
,Five,Cet homme me plaît,French,"[""I fancy that man""]"
,Six,Cet hôtel est meilleur que celui-là.,French,"[""This hotel is better than this one.""]"
,Seven,Cet hôtel est très proche du lac.,French,"[""This hotel is very close to the lake.""]"
,Eight,Cet oiseau ne peut pas voler.,French,"[""This bird cannot fly.""]"
,Nine,Cet oiseau sait voler.,French,"[""This bird knows how to fly.""]"
,Ten,Cet ordinateur fonctionne sur batteries.,French,"[""This computer runs on batteries.""]"
,Eleven,Cet ordinateur portable est léger.,French,"[""This laptop is light.""]"
,Twelve,Cette bicyclette m'appartient.,French,"[""This bicycle is mine.""]"
,Thirteen,Cette biographie est fascinante.,French,"[""This biography is fascinating.""]"
,Fourteen,Cette boîte contient cinq pommes.,French,"[""This box contains five apples.""]"
,Sixteen,Cette boîte est faite en papier.,French,"[""This box is made of paper.""]"
,Seventeen,Cette boîte-là est plus grande que celle-ci.,French,"[""This box is bigger than this one.""]"
,Eighteen,Cette bouteille est dans la saleté.,French,"[""This bottle is in the dirt.""]"
,Nineteen,Cette cabane est un endroit très spécial.,French,"[""This cabin is a very special place.""]"
,Twenty,Cette chaise est en plastique.,French,"[""This chair is made of plastic.""]"
,Twenty one,Cette chaise est laide.,French,"[""This chair is ugly.""]"
,Twenty two,Cette chaise est très confortable.,French,"[""This chair is very comfortable.""]"
,Twenty three,Cette chanson me rappelle mon enfance.,French,"[""This song reminds me of my childhood.""]"
,Twenty four,Cette croyance est partie d'un mauvais principe.,French,"[""This belief emanates from an evil principle.""]"
,Twenty five,Cette épée est en assez bon état.,French,"[""This sword is in fairly good condition.""]"
,Twenty six,Cette horloge est à moi.,French,"[""This clock is mine.""]"
,Twenty seven,Cette image rend mieux de loin.,French,"[""This image looks better from afar.""]"
,Twenty eight,Cette information nous est très importante.,French,"[""This information is very important to us.""]"
,Twenty nine,Cette invention vous rendra très riches.,French,"[""This invention will make you very rich.""]"
,Thirty,Cette lettre est pour toi.,French,"[""This letter is for you.""]"
,Thirty one,Cette maison a six pièces.,French,"[""This house has six rooms.""]"
,Thirty two,Cette maison est à louer.,French,"[""This house is for rent.""]"
,Thirty three,Cette maison est assez semblable.,French,"[""This house is quite similar.""]"
,One,Cette maison est célèbre.,French,"[""This house is famous.""]"
,Two,Cette maison est très agréable à vivre.,French,"[""This house is very pleasant to live in.""]"
,Three,Cette maison est très bonne.,French,"[""This house is very good.""]"
,Four,Cette maladie se voit souvent chez les chiens.,French,"[""This illness is often seen among dogs.""]"
,Five,Cette meuf a un bon boule.,French,"[""This girl has a great ass.""]"
,Six,Cette meuf est chaude!,French,"[""That chick's horny as hell!""]"
,Seven,Cette meuf est fin bonne !,French,"[""That chick is fine as hell!""]"
,Eight,Cette montagne est difficile à escalader.,French,"[""This mountain is difficult to climb.""]"
,Nine,Cette montre est vraiment une bonne affaire.,French,"[""This watch is really a good deal.""]"
,Ten,Cette nouvelle m'inquiète.,French,"[""This news worries me.""]"
,Eleven,Cette opération est simple.,French,"[""This operation is simple.""]"
,Twelve,Cette peinture à l'huile date du 17e siècle.,French,"[""This oil painting dates from the 17th century.""]"
,Thirteen,Cette peinture part facilement.,French,"[""This painting leaves easily.""]"
,Fourteen,Cette pomme est acide.,French,"[""This apple is sour.""]"
,Sixteen,Cette robe me plaît,French,"[""I like this dress""]"
,Seventeen,Cette robe me va à ravir.,French,"[""This dress looks great on me.""]"
,Eighteen,Cette route est redoutable.,French,"[""This route is formidable.""]"
,Nineteen,Cette soupe est trop salée.,French,"[""This soup is too salty.""]"
,Twenty,Cette soupe est vraiment très bonne.,French,"[""This soup is really very good.""]"
,Twenty one,Cette tarte goûte la cannelle.,French,"[""This pie tastes like cinnamon.""]"
,Twenty two,Cette théorie est généralement acceptée.,French,"[""This theory is generally accepted.""]"
,Twenty three,Cette viande sent mauvais.,French,"[""This meat smells bad.""]"
,Twenty four,Cette ville vous plaît-elle ?,French,"[""Do you like this city?""]"
,Twenty five,Cette voiture bleue qui passe me plait beaucoup.,French,"[""This blue car which is passing I like a lot.""]"
,Twenty six,Cette voiture est à John.,French,"[""This is John's car.""]"
,Twenty seven,Cette voiture est la sienne.,French,"[""This car is his.""]"
,Twenty eight,Cette voiture est très rapide.,French,"[""This car is very fast.""]"
,Twenty nine,Cette zone était calme.,French,"[""This area was quiet.""]"
,Thirty,Cette zone était calme.,French,"[""This area was calm.""]"
,Thirty one,celles dont je parlais,French,"[""those that I was speaking of""]"
,Thirty,ceux dont je parlais,French,"[""those that I was speaking of""]"
,Thirty two,ceux que,French,"[""those that""]"
,Thirty three,celles que,French,"[""those that""]"
,Thirty two,celles qui,French,"[""those who"",""those that""]"
,Thirty three,ceux qui,French,"[""those who"",""those that""]"
,One,Chacun de nous devrait faire de son mieux.,French,"[""Each of us should do our best.""]"
,Two,Chacun de nous te fait confiance.,French,"[""Each of us trust you.""]"
,Three,Chacun est unique.,French,"[""Everyone is unique.""]"
,Four,Chacun l'aime.,French,"[""Everyone likes it.""]"
,Five,Chacune de ses chansons était un tube.,French,"[""Every one of his/her songs was a hit.""]"
,Six,Change de vêtements.,French,"[""Change of clothes.""]"
,Seven,changez le temps du verbe,French,"[""change the tense of the verb""]"
,Eight,Chaque chose était à sa place.,French,"[""Everything was in its place.""]"
,Nine,Chaque minute compte.,French,"[""Every minute counts.""]"
,Ten,Chaque personne est unique.,French,"[""Each person is unique.""]"
,Eleven,chauffeur de taxi,French,"[""taxi driver""]"
,Twelve,Cherchez des indices.,French,"[""Look for clues.""]"
,Thirteen,Chère Marie,French,"[""Dear Marie""]"
,Fourteen,chez Françoise,French,"[""at Françoise's""]"
,Sixteen,chez l'avocat,French,"[""at the lawyer's office""]"
,Seventeen,chez le dentiste,French,"[""at the dentist""]"
,Eighteen,chez lui,French,"[""at his house""]"
,Nineteen,chez moi,French,"[""at my house""]"
,Twenty,Choisis soigneusement.,French,"[""Choose carefully.""]"
,Twenty one,Choisis une personne.,French,"[""Pick a person.""]"
,Twenty two,Choisissez une personne.,French,"[""Pick a person.""]"
,Twenty three,Chouette ! On va à la mer cet été !,French,"[""Super! We're going to the sea this summer!""]"
,Twenty four,Chuis tellement désolé ! T'es correct ?,French,"[""I'm so sorry! You OK?""]"
,Twenty five,chute de tension,French,"[""drop in blood pressure""]"
,Twenty six,Ci-joint la grille d'évaluation.,French,"[""Attachment: assessment grid.""]"
,Twenty seven,Cinq kilos de pommes.,French,"[""Five kilograms of apples.""]"
,Twenty eight,Cinq moins deux font trois,French,"[""Five minus two makes three.""]"
,Twenty nine,Cinquante kilomètres à l'heure.,French,"[""fifty kilometres an hour""]"
,Thirty,Cite-moi un exemple.,French,"[""Give me an example.""]"
,Thirty one,clouer le bec à,French,"[""to shut someone up""]"
,Thirty two,Combien ça coûte ?,French,"[""How much does it cost?""]"
,Thirty three,Combien ça prend de temps en voiture ?,French,"[""How long does it take by car?""]"
,One,Combien coûte ce stylo ?,French,"[""How much does this pen cost?""]"
,Two,Combien coûte cette cravate ?,French,"[""How much does this tie cost?""]"
,Three,Combien coûtent ces pommes de terre ?,French,"[""How much do these potatoes cost?""]"
,Four,Combien de fois par semaine mangez-vous en ville ?,French,"[""How many times a week do you eat in town?""]"
,Five,Combien de fois par semaine prenez-vous un bain ?,French,"[""How many times a week do you take a bath?""]"
,Six,Combien de personnes étaient-elles présentes à la réunion ?,French,"[""How many people were present at the meeting?""]"
,Seven,Combien de temps ça prend ?,French,"[""How much time does it take?""]"
,Eight,Combien de temps ça prend pour aller là-bas en bus ?,French,"[""How long does it take to get there by bus?""]"
,Nine,Combien de temps comptes-tu rester ?,French,"[""How long do you plan to stay?""]"
,Ten,Combien de temps puis-je garder ce livre ?,French,"[""How long can I keep this book?""]"
,Eleven,Combien est-ce que ça coûte ?,French,"[""How much is it?""]"
,Twelve,Combien y a-t-il de garçons dans votre classe ?,French,"[""How many boys are there in your class?""]"
,Thirteen,Comme c'est malin !,French,"[""How smart!""]"
,Fourteen,Comme il est fort !,French,"[""How strong he is!""]"
,Sixteen,comme je l'entends,French,"[""as I wish""]"
,Seventeen,Commence à écrire.,French,"[""Start writing.""]"
,Eighteen,Commencez à écrire.,French,"[""Start writing.""]"
,Nineteen,Commençons par le commencement !,French,"[""Let's start at the beginning!""]"
,Twenty,Comment a-t-il fait pour vivre dans une telle pauvreté ?,French,"[""How did he manage to live in such poverty?""]"
,Twenty one,Comment a-t-il pu pénétrer le site?,French,"[""How did he get into the site?""]"
,Twenty two,Comment allez-vous ?,French,"[""How are you?""]"
,Twenty three,Comment avez-vous appris à cuisiner si bien ?,French,"[""How did you learn to cook so well?""]"
,Twenty four,Comment ça marche ?,French,"[""How does it work?""]"
,Twenty five,Comment ça pourrait ne pas vous déranger ?,French,"[""How could that not bother you?""]"
,Twenty six,Comment cela pourrait ne pas vous déranger ?,French,"[""How could that not bother you?""]"
,Twenty seven,Comment dit-on ... ?,French,"[""How do you say...?""]"
,Twenty eight,Comment écrit-on votre nom de famille ?,French,"[""How do you write your last name?""]"
,Twenty nine,Comment est-il ?,French,"[""How is it?""]"
,Thirty,Comment était la plage ?,French,"[""How was the beach?""]"
,Thirty one,Comment était le concert ?,French,"[""How was the concert?""]"
,Thirty two,Comment était le film ?,French,"[""How was the film?""]"
,Thirty three,Comment était ton weekend ?,French,"[""How was your week-end?""]"
,One,Comment était-elle ?,French,"[""How was she?""]"
,Two,Comment il va ?,French,"[""How is he?""]"
,Three,Comment le prouver ?,French,"[""How to prove it?""]"
,Four,Comment ose-t-il ouvrir mon courrier !,French,"[""How dare he open my mail!""]"
,Five,Comment peut-il agir autrement ?,French,"[""How can he do otherwise?""]"
,Six,Comment puis-je le prouver ?,French,"[""How can I prove it?""]"
,Seven,Comment puis-je perdre ?,French,"[""How can I lose?""]"
,Eight,Comment puis-je quitter ce travail ?,French,"[""How can I quit this job?""]"
,Nine,Comment sais-tu ce qui est réel ?,French,"[""How do you know what is real?""]"
,Ten,Comment savez-vous ce qui est réel ?,French,"[""How do you know what is real?""]"
,Eleven,Comment se fait-il que tu ne le saches pas ?,French,"[""How come you don't know?""]"
,Twelve,Comment se fait-il que tu saches parler cette langue ?,French,"[""How come you know how to speak this language?""]"
,Thirteen,Comment se prononce le mot ?,French,"[""How do you pronounce the word?""]"
,Fourteen,Comment se prononce ton prénom ?,French,"[""How do you pronounce your first name?""]"
,Sixteen,Comment se sont passées tes vacances ?,French,"[""How were your holidays?""]"
,Seventeen,Comment sont-ils devenus si riches ?,French,"[""How did they get so rich?""]"
,Eighteen,Comment te sens-tu ?,French,"[""How do you feel?""]"
,Nineteen,Comment te sens-tu ce soir ?,French,"[""How are you feeling tonight?""]"
,Twenty,Comment va le travail ?,French,"[""How is work going?""]"
,Twenty one,Comment va ton papa ?,French,"[""How is your dad?""]"
,Twenty two,Comment va ton père ?,French,"[""How is your father?""]"
,Twenty three,Comment va tout le monde ?,French,"[""How is everybody?""]"
,Twenty four,Comment va votre père ?,French,"[""How is your father?""]"
,Twenty five,Comment vas-tu dernièrement ?,French,"[""How have you been lately?""]"
,Twenty six,Comment vous appelez-vous ?,French,"[""What is your name?""]"
,Twenty seven,Comment vous sentez-vous ?,French,"[""How do you feel?""]"
,Twenty eight,Comment vous sentez-vous ce soir ?,French,"[""How are you feeling tonight?""]"
,Twenty nine,commettre un délit.,French,"[""to commit a crime""]"
,Thirty,Comprenez-vous ce que je veux dire ?,French,"[""Do you understand what I mean?""]"
,Thirty one,comptabilité en partie simple et double,French,"[""single-entry and double-entry bookkeping""]"
,Thirty two,Compte de un à dix.,French,"[""Count from one to ten.""]"
,Thirty three,Conduire me détend.,French,"[""Driving relaxes me.""]"
,One,Conduis lentement.,French,"[""Drive slowly.""]"
,Two,Conduis prudemment.,French,"[""Drive carefully.""]"
,Three,confier à quelqu'un le soin de faire quelque chose,French,"[""to entrust somebody with the task of doing something""]"
,Four,Connais-tu cet hôtel ?,French,"[""Do you know this hotel?""]"
,Five,Connaissez-vous son frère ?,French,"[""Do you know his brother?""]"
,Six,Connaissez-vous son nom de famille ?,French,"[""Do you know his last name?""]"
,Seven,Conserver la glace dans un congélateur.,French,"[""Keep the ice cream in a freezer.""]"
,Eight,Continue à rouler !,French,"[""Keep rolling!""]"
,Nine,Contre sa volonté.,French,"[""Against one's will.""]"
,Ten,coup de tonnerre,French,"[""crash of thunder""]"
,Eleven,Courez chercher mon livre!,French,"[""Go get my book!""]"
,Twelve,Courez-vous tous les jours ?,French,"[""Do you run every day?""]"
,Thirteen,crever de chaud,French,"[""to be boiling""]"
,Fourteen,crever de faim,French,"[""to be starving""]"
,Sixteen,crever de froid,French,"[""to be freezing""]"
,Seventeen,crever de soif,French,"[""to be parched""]"
,Eighteen,Crois-tu en Dieu ?,French,"[""Do you believe in God?""]"
,Nineteen,Crois-tu en moi ?,French,"[""Do you believe in me?""]"
,Twenty,Damien est irresponsable. — Ouais ; ça lui jouera des tours.,French,"[""Damian is irresponsible. — Yeah; it will play tricks on him in the future.""]"
,Twenty one,Dan aime réaliser des modèles réduits de voitures.,French,"[""Dan enjoys making model cars.""]"
,Twenty two,Dans dix ans notre ville aura beaucoup changé.,French,"[""In ten years our city will have changed a lot.""]"
,Twenty three,dans l'intention de devenir roi,French,"[""with the intention of becoming king""]"
,Twenty four,Dans la vie; il s'agit de faire son devoir.,French,"[""Life is all about doing your duty.""]"
,Twenty five,Dans le livre il s'agit d'une femme perdue.,French,"[""The book is about a lost woman.""]"
,Twenty six,dans le lointain,French,"[""in the distance""]"
,Twenty seven,Dans quel but ?,French,"[""What purpose?""]"
,Twenty eight,Dans quel but est-il venu ici ?,French,"[""What did he come here for?""]"
,Twenty nine,Dans quel coin dites-vous que ça a eu lieu ?,French,"[""In what corner do you say that it took place?""]"
,Thirty,Dans quel département travaillez-vous ?,French,"[""What department do you work in?""]"
,Thirty one,dans un temps donné,French,"[""during a given time""]"
,Thirty two,Danse avec moi.,French,"[""Dance with Me.""]"
,Thirty three,Dansez avec moi.,French,"[""Dance with me.""]"
,One,De 9:00 à 11:00 je ne serai pas libre.,French,"[""From 9 to 11 I won't be free.""]"
,Two,De la fumée sortait de la cheminée.,French,"[""Smoke came out of the chimney.""]"
,Three,De moins en moins de personnes peuvent se permettre de passer des vacances à l'étranger.,French,"[""Fewer and fewer people can afford to spend holidays abroad.""]"
,Four,De nombreux livres furent volés.,French,"[""Many books were stolen.""]"
,Five,De nos jours personne ne peut imaginer une vie sans télévision.,French,"[""These days no one can imagine a life without television.""]"
,Six,de prestige,French,"[""prestigious""]"
,Seven,De quelle couleur sont-ils?,French,"[""What color are they?""]"
,Eight,De qui êtes-vous le fils ?,French,"[""Who are you the son of?""]"
,Nine,De quoi as-tu besoin ?,French,"[""What do you need?""]"
,Ten,De quoi il cause ?,French,"[""What's he banging on about?""]"
,Eleven,De quoi parlais-tu ?,French,"[""What did you talk about?""]"
,Twelve,De quoi parliez-vous ?,French,"[""What were you talking about?""]"
,Thirteen,De quoi puis-je me débarrasser ?,French,"[""What can I get rid of?""]"
,Fourteen,De quoi veulent-elles parler ?,French,"[""What do they want to talk about?""]"
,Sixteen,De quoi veulent-ils parler ?,French,"[""What do they want to talk about?""]"
,Seventeen,Débrouille-toi!,French,"[""Figure it out! informal""]"
,Eighteen,Débrouillez-vous!,French,"[""Figure it out! Deal with it!""]"
,Nineteen,décorer la vitrine,French,"[""to decorate the shop window""]"
,Twenty,Décrivez cet accident en détail.,French,"[""Describe this accident in detail.""]"
,Twenty one,défense de fumer,French,"[""no smoking""]"
,Twenty two,Dégage !,French,"[""Get out!""]"
,Twenty three,Demain c'est dimanche.,French,"[""Tomorrow is Sunday.""]"
,Twenty four,Demain est mon anniversaire.,French,"[""Tomorrow is my birthday.""]"
,Twenty five,Demain est mon premier jour de travail.,French,"[""Tomorrow is my first day of work.""]"
,Twenty six,Demain est un autre jour.,French,"[""Tomorrow is another day.""]"
,Twenty seven,Demande à quiconque !,French,"[""Ask anyone!""]"
,Twenty eight,Demandez-moi quelque chose de plus simple.,French,"[""Ask me for something simpler.""]"
,Twenty nine,Dépêche-toi ou tu vas rater ton train.,French,"[""Hurry or you will miss your train.""]"
,Thirty,Dépêche-toi!,French,"[""Hurry up!""]"
,Thirty one,Dépêche-toi.,French,"[""Hurry up.""]"
,Thirty two,déposer une plainte officielle,French,"[""to lodge a formal complaint""]"
,Thirty three,Déposez votre lourd fardeau.,French,"[""Lay down your heavy burden.""]"
,One,Depuis combien de temps connais-tu Jack ?,French,"[""How long have you known Jack?""]"
,Two,Depuis combien de temps es-tu à Shanghai ?,French,"[""How long have you been in Shanghai?""]"
,Three,des abricots secs,French,"[""dried apricots""]"
,Four,Des années ont passé.,French,"[""Years have passed.""]"
,Five,Des crêpes ? Chouette !,French,"[""Crêpes? Super!""]"
,Six,Des erreurs peuvent s'être glissées.,French,"[""Some mistakes could have slipped in.""]"
,Seven,Des gens sont en train de protester contre les armes nucléaires.,French,"[""People are protesting against nuclear weapons.""]"
,Eight,des heures durant,French,"[""for hours on end""]"
,Nine,des mesures visant à réduire la fréquence et la gravité des accidents de la route,French,"[""measures aiming to reduce the frequency and gravity of road accidents""]"
,Ten,Des milliers de personnes voulaient connaître la réponse.,French,"[""Thousands of people wanted to know the answer.""]"
,Eleven,des plats à emporter,French,"[""meals to take away""]"
,Twelve,Des pluies torrentielles se sont abattues la semaine dernière.,French,"[""Torrential rain struck down last week.""]"
,Thirteen,des verres de lunettes,French,"[""spectacles""]"
,Fourteen,des verres grossissants,French,"[""magnifying lenses""]"
,Sixteen,désastre qui peut nous frapper,French,"[""disaster which may strike us""]"
,Seventeen,Descendons ici.,French,"[""Let's go down here.""]"
,Eighteen,Descends !,French,"[""Come down!""]"
,Nineteen,Désirez-vous un autre verre de vin ?,French,"[""Would you like another glass of wine?""]"
,Twenty,Désolé de venir si tard.,French,"[""Sorry to come so late.""]"
,Twenty one,Désolé de vous appeler si tôt.,French,"[""Sorry to call you so soon.""]"
,Twenty two,Désolé pour ça.,French,"[""Sorry for that.""]"
,Twenty three,Désolé si j'ai été un peu sec.,French,"[""Sorry if I was a bit harsh.""]"
,Twenty four,Désolé.,French,"[""Sorry.""]"
,Twenty five,Dessine-moi un mouton !,French,"[""Draw me a sheep!""]"
,Twenty six,Détends-toi !,French,"[""Relax!""]"
,Twenty seven,Détruisez la famille et vous détruisez le pays.,French,"[""Destroy the family and you destroy the country. - Erin Pizzey""]"
,Twenty eight,Deux boules de glace.,French,"[""Two scoops of ice cream.""]"
,Twenty nine,deux doigts de whiskey,French,"[""two fingers of whiskey""]"
,Thirty,Deux voitures se sont accrochées.,French,"[""Two cars collided.""]"
,Thirty one,Devine combien ça m'a coûté?,French,"[""Guess how much it cost me?""]"
,Thirty two,Devine qui a gagné.,French,"[""Guess who won.""]"
,Thirty three,Devine qui je suis !,French,"[""Guess who I am!""]"
,One,Devrions-nous annuler ?,French,"[""Should we cancel?""]"
,Two,Devrions-nous intervenir ?,French,"[""Should we intervene?""]"
,Three,Dieu vous bénisse !,French,"[""God bless you!""]"
,Four,Dis bonjour à ta maman de ma part.,French,"[""Say hello to your mom for me.""]"
,Five,Dis bonjour.,French,"[""Say hello.""]"
,Six,Dis lequel tu voudrais.,French,"[""Say which one you would like.""]"
,Seven,Dis-le en anglais.,French,"[""Say it in English.""]"
,Eight,Dis-le en français.,French,"[""Say it in French.""]"
,Nine,Dis-moi !,French,"[""Tell me!""]"
,Ten,Dis-moi comment jouer au jeu.,French,"[""Tell me how to play the game.""]"
,Eleven,Dis-moi quand le dîner est prêt.,French,"[""Tell me when dinner is ready.""]"
,Twelve,Dis-moi que tu comprends la différence.,French,"[""Tell me you understand the difference.""]"
,Thirteen,Dis-moi quoi faire.,French,"[""Tell me what to do.""]"
,Fourteen,Discutons-en maintenant.,French,"[""Let's discuss it now.""]"
,Sixteen,Discutons.,French,"[""Let's discuss.""]"
,Seventeen,Disparais !,French,"[""Disappear!""]"
,Eighteen,disque dur,French,"[""hard disk""]"
,Nineteen,Dites librement ce que vous pensez.,French,"[""Cavalierly state your opinion.""]"
,Twenty,Dites-le en français.,French,"[""Say it in French.""]"
,Twenty one,Dites-moi la vérité.,French,"[""Tell me the truth.""]"
,Twenty two,Dites-moi lequel vous voulez.,French,"[""Tell me which one you want.""]"
,Twenty three,Diviser pour régner.,French,"[""Divide and rule.""]"
,Twenty four,Dix francs de monnaie.,French,"[""Ten francs change.""]"
,Twenty five,Donna est née avec une cuillère en argent dans la bouche.,French,"[""Donna was born with a silver spoon in her mouth.""]"
,Twenty six,Donne-moi ce livre.,French,"[""Give me this book.""]"
,Twenty seven,Donne-moi juste le pistolet.,French,"[""Just give me the gun.""]"
,Twenty eight,Donne-moi la main.,French,"[""Give me your hand.""]"
,Twenty nine,Donne-moi la moitié.,French,"[""Give me half.""]"
,Thirty,Donne-moi le vin.,French,"[""Give me the wine.""]"
,Thirty one,Donne-moi quelque chose sur quoi écrire.,French,"[""Give me something to write about.""]"
,Thirty two,Donne-moi ta main droite.,French,"[""Give me your right hand.""]"
,Thirty three,Donne-moi ta montre.,French,"[""Give me your watch.""]"
,One,Donne-moi ton adresse !,French,"[""Give me your address!""]"
,Two,Donne-moi ton argent.,French,"[""Give me your money.""]"
,Three,Donne-moi ton épée.,French,"[""Give me your sword.""]"
,Four,Donne-moi un autre moyen.,French,"[""Give me another way.""]"
,Five,Donne-moi un exemple.,French,"[""Give me an example.""]"
,Six,Donne-moi un marteau.,French,"[""Give me a hammer.""]"
,Seven,Donne-moi un peu de lait.,French,"[""Give me some milk.""]"
,Eight,Donne-moi un peu de temps pour réfléchir.,French,"[""Give me some time to think.""]"
,Nine,Donne-moi une minute.,French,"[""Give me a minute.""]"
,Ten,Donne-moi une raison de t'aimer.,French,"[""Give me a reason to like you.""]"
,Eleven,Donne-moi une seconde !,French,"[""Give me a second!""]"
,Twelve,donner la chasse à,French,"[""to give chase to""]"
,Thirteen,Doucement ! Ça ne sert à rien de trop serrer cette vis.,French,"[""Gently! It's no use to tighten this screw too much.""]"
,Fourteen,du poisson sec,French,"[""dried fish""]"
,Sixteen,Écarte-toi !,French,"[""Move out of the way!""]"
,Seventeen,Écarte-toi de mon chemin.,French,"[""Get out of my way.""]"
,Eighteen,échapper à la mort,French,"[""to escape death""]"
,Nineteen,échapper des mains de quelqu'un,French,"[""to slip out of someone's hands""]"
,Twenty,éclair au chocolat,French,"[""chocolate éclair""]"
,Twenty one,Écoute attentivement.,French,"[""Listen carefully.""]"
,Twenty two,Écoute bien.,French,"[""Listen carefully.""]"
,Twenty three,Écoutez !,French,"[""Listen!""]"
,Twenty four,Écris-le encore une fois!,French,"[""Write it once again!""]"
,Twenty five,Écris-moi !,French,"[""Write me!""]"
,Twenty six,Elle a 19 ans.,French,"[""She is 19 years old.""]"
,Twenty seven,Elle a acheté du poulet.,French,"[""She bought chicken.""]"
,Twenty eight,Elle a acheté un jouet pour le gosse.,French,"[""She bought a toy for the kid.""]"
,Twenty nine,Elle a acheté un poulet.,French,"[""She bought a chicken.""]"
,Thirty,Elle a arrêté de parler.,French,"[""She stopped talking.""]"
,Thirty one,Elle a bon cœur.,French,"[""She has a good heart.""]"
,Thirty two,Elle a cinq ans de moins que moi.,French,"[""She is five years younger than me.""]"
,Thirty three,Elle a cinq ans.,French,"[""She is five.""]"
,One,Elle a commencé à chanter.,French,"[""She started to sing.""]"
,Two,Elle a continué de travailler.,French,"[""She continued to work.""]"
,Three,Elle a coupé la pomme avec un couteau.,French,"[""She cut the apple with a knife.""]"
,Four,Elle a de longs cheveux.,French,"[""She has long hair.""]"
,Five,Elle a de petits pieds.,French,"[""She has small feet.""]"
,Six,Elle a disparu.,French,"[""She disappeared.""]"
,Seven,Elle a dix enfants.,French,"[""She has ten children.""]"
,Eight,Elle a éclaté en sanglots.,French,"[""She burst into tears.""]"
,Nine,Elle a écrit un livre sur cet oiseau.,French,"[""She wrote a book on this bird.""]"
,Ten,Elle a épousé un marin.,French,"[""She married a sailor.""]"
,Eleven,Elle a épousé un musicien.,French,"[""She married a musician.""]"
,Twelve,Elle a essayé diverses méthodes pour maigrir.,French,"[""She tried various methods to lose weight.""]"
,Thirteen,Elle a essayé.,French,"[""She tried.""]"
,Fourteen,Elle a été la première à le remarquer.,French,"[""She was the first to notice it.""]"
,Sixteen,Elle a été très heureuse de mon cadeau.,French,"[""She was very happy with my gift.""]"
,Seventeen,Elle a eu le billet pour rien.,French,"[""She got the ticket for nothing.""]"
,Eighteen,Elle a eu pitié de lui.,French,"[""She took pity on him.""]"
,Nineteen,Elle a fait beaucoup d'efforts pour améliorer son français.,French,"[""She made a lot of effort to improve her French.""]"
,Twenty,Elle a joué du violon.,French,"[""She played the violin.""]"
,Twenty one,Elle a mis les enfants au lit.,French,"[""She put the children to bed.""]"
,Twenty two,Elle a oublié de lui écrire.,French,"[""She forgot to write to him.""]"
,Twenty three,Elle a ouvert la porte.,French,"[""She opened the door.""]"
,Twenty four,Elle a parlé avec le président.,French,"[""She spoke with the president.""]"
,Twenty five,Elle a pas de mère.,French,"[""She doesn't have a mother.""]"
,Twenty six,Elle a perdu la clé de sa voiture.,French,"[""She lost the key to her car.""]"
,Twenty seven,Elle a perdu son chapeau.,French,"[""She lost her hat.""]"
,Twenty eight,Elle a plus de chocolat.,French,"[""She has more chocolate.""]"
,Twenty nine,Elle a pris un stylo dans sa poche.,French,"[""She took a pen from her pocket.""]"
,Thirty,Elle a quarante balais,French,"[""She's forty""]"
,Thirty one,Elle a quelque chose dans la main.,French,"[""She has something in her hand.""]"
,Thirty two,Elle a reçu un présent de son ami.,French,"[""She received a present from her friend.""]"
,Thirty three,elle a retourné sa chaise,French,"[""she turned her chair over""]"
,One,Elle a six ans de plus que moi.,French,"[""She is six years older than me.""]"
,Two,Elle a souri.,French,"[""She smiled.""]"
,Three,Elle a tort.,French,"[""She is wrong.""]"
,Four,Elle a travaillé dur.,French,"[""She worked hard.""]"
,Five,Elle a trouvé un ballon dans le jardin.,French,"[""She found a balloon in the garden.""]"
,Six,Elle a trouvé une balle dans le jardin.,French,"[""She found a ball in the garden.""]"
,Seven,Elle a un argument.,French,"[""She has an argument.""]"
,Eight,Elle a un avantage sur moi.,French,"[""She has an advantage over me.""]"
,Nine,Elle a un visage rond.,French,"[""She has a round face.""]"
,Ten,Elle a une longue chevelure.,French,"[""She has long hair.""]"
,Eleven,Elle a une rose dans la main.,French,"[""She has a rose in her hand.""]"
,Twelve,Elle adore jouer au tennis.,French,"[""She loves to play tennis.""]"
,Thirteen,Elle adore les animaux.,French,"[""She loves animals.""]"
,Fourteen,Elle adore les chats.,French,"[""She loves cats.""]"
,Sixteen,Elle aimait le tennis et devint coach.,French,"[""She loved tennis and became a coach.""]"
,Seventeen,Elle aimait ses enfants pareil.,French,"[""She loved her children the same.""]"
,Eighteen,Elle aime aussi le chocolat.,French,"[""She also likes chocolate.""]"
,Nineteen,Elle aime cuisiner pour sa famille.,French,"[""She enjoys cooking for her family.""]"
,Twenty,Elle aime quand un garçon la regarde.,French,"[""She loves when a boy is looking at her.""]"
,Twenty one,Elle alla dans sa chambre pour changer sa robe.,French,"[""She went to her room to change her dress.""]"
,Twenty two,Elle avait peur de faire un discours.,French,"[""She was afraid to give a speech.""]"
,Twenty three,Elle avait une fleur dans la main.,French,"[""She had a flower in her hand.""]"
,Twenty four,Elle commence à jouer du piano.,French,"[""She begins to play the piano.""]"
,Twenty five,Elle continue de sourire tout le temps.,French,"[""She continues to smile all the time.""]"
,Twenty six,Elle dépense la plupart de son argent dans ses robes.,French,"[""She spends most of her money on her dresses.""]"
,Twenty seven,Elle descend en se tenant aux racines.,French,"[""She comes down using the roots for handles holding on to the roots.""]"
,Twenty eight,Elle devint heureuse.,French,"[""She became happy.""]"
,Twenty nine,Elle devrait être là à midi.,French,"[""She should be there at noon.""]"
,Thirty,Elle doit être malade.,French,"[""She must be sick.""]"
,Thirty one,Elle donnera sa photo à qui la veut.,French,"[""She will give her photo to whoever wants it.""]"
,Thirty two,Elle dort sur le ventre.,French,"[""She sleeps on her stomach.""]"
,Thirty three,Elle essaie de perdre du poids.,French,"[""She is trying to lose weight.""]"
,One,Elle est à l'ordinateur.,French,"[""She is at the computer.""]"
,Two,Elle est active.,French,"[""She is active.""]"
,Three,Elle est arrivé un jour avant moi.,French,"[""She arrived one day before me.""]"
,Four,Elle est arrivée dernière.,French,"[""She came last.""]"
,Five,Elle est arrivée en voiture.,French,"[""She arrived by car.""]"
,Six,Elle est attirante.,French,"[""She is attractive.""]"
,Seven,Elle est au premier rang.,French,"[""She is in the front row.""]"
,Eight,Elle est aussi jolie que sa sœur.,French,"[""She is as pretty as her sister.""]"
,Nine,Elle est de loin celle qui travaille le plus dur dans mon entreprise.,French,"[""She is by far the hardest working person in my business.""]"
,Ten,Elle est de mauvaise humeur.,French,"[""She is in a bad mood.""]"
,Eleven,Elle est devenue chanteuse.,French,"[""She became a singer.""]"
,Twelve,Elle est diplômée en psychologie infantile.,French,"[""She graduated in child psychology.""]"
,Thirteen,Elle est en colère contre moi.,French,"[""She's mad at me.""]"
,Fourteen,Elle est en relation avec cette société.,French,"[""She is in contact with this company.""]"
,Sixteen,Elle est en réunion.,French,"[""She is in a meeting.""]"
,Seventeen,Elle est enceinte.,French,"[""She is pregnant.""]"
,Eighteen,Elle est étudiante à la fac.,French,"[""She's a college student.""]"
,Nineteen,Elle est étudiante.,French,"[""She is a student.""]"
,Twenty,Elle est fermement déterminée à posséder son propre magasin.,French,"[""She is firmly determined to own her own store.""]"
,Twenty one,Elle est gentille.,French,"[""She's nice.""]"
,Twenty two,Elle est ici.,French,"[""She is here.""]"
,Twenty three,Elle est infirmière.,French,"[""She is a nurse.""]"
,Twenty four,Elle est ivre de bonheur.,French,"[""She is drunk with happiness.""]"
,Twenty five,Elle est jolie avec cette robe.,French,"[""She is pretty with this dress.""]"
,Twenty six,Elle est la femme de mon ami.,French,"[""She is my friend's wife.""]"
,Twenty seven,Elle est lycéenne.,French,"[""She is a high school student.""]"
,Twenty eight,Elle est ma camarade de classe.,French,"[""She is my classmate.""]"
,Twenty nine,Elle est maladroite.,French,"[""She's clumsy.""]"
,Thirty,Elle est mariée à un Américain.,French,"[""She is married to an American.""]"
,Thirty one,Elle est mariée à un étranger.,French,"[""She is married to a foreigner.""]"
,Thirty two,Elle est mère célibataire.,French,"[""She is a single mother.""]"
,Thirty three,Elle est mon genre.,French,"[""She is my type.""]"
,One,Elle est mon premier amour.,French,"[""She is my first love.""]"
,Two,Elle est montée sur un chameau.,French,"[""She is riding on a camel.""]"
,Three,Elle est morte paisiblement dans son sommeil.,French,"[""She died peacefully in her sleep.""]"
,Four,Elle est non seulement belle mais aussi intelligente.,French,"[""She is not only beautiful but also intelligent.""]"
,Five,Elle est partie se coucher.,French,"[""She's gone to bed.""]"
,Six,Elle est partie.,French,"[""She left.""]"
,Seven,Elle est plus belle que sa cousine.,French,"[""She is more beautiful than her cousin.""]"
,Eight,Elle est plus vieille que lui.,French,"[""She is older than him.""]"
,Nine,Elle est presque tombée dans les pommes.,French,"[""She almost fell for the crop.""]"
,Ten,Elle est rapide pour tout.,French,"[""She is fast for everything.""]"
,Eleven,Elle est relativement jolie.,French,"[""She is relatively pretty.""]"
,Twelve,elle est remontée par la colline,French,"[""she came back up by the hill""]"
,Thirteen,Elle est rentrée chez elle.,French,"[""She's gone back home.""]"
,Fourteen,elle est retournée chez elle,French,"[""she went back to her house""]"
,Sixteen,Elle est secrétaire au supermarché.,French,"[""She is a secretary in the supermarket.""]"
,Seventeen,Elle est si malade qu'elle ne peut pas venir.,French,"[""She is so ill that she cannot come.""]"
,Eighteen,Elle est sur le point de partir.,French,"[""She's about to leave.""]"
,Nineteen,Elle est sûre de réussir.,French,"[""She is sure to succeed.""]"
,Twenty,Elle est susceptible.,French,"[""She is susceptible.""]"
,Twenty one,Elle est sympa avec moi.,French,"[""She is nice to me.""]"
,Twenty two,Elle est sympathique avec tout le monde.,French,"[""She is nice to everyone.""]"
,Twenty three,Elle est timide et parle peu.,French,"[""She is shy and speaks little.""]"
,Twenty four,Elle est tombée gravement malade.,French,"[""She fell seriously ill.""]"
,Twenty five,Elle est toujours au bas de la classe.,French,"[""She is still at the bottom of the class.""]"
,Twenty six,Elle est toujours en mouvement.,French,"[""It is always on the move.""]"
,Twenty seven,Elle est tout pour lui.,French,"[""She is everything to him.""]"
,Twenty eight,Elle est tranquille.,French,"[""She is calm.""]"
,Twenty nine,Elle est très belle.,French,"[""She is very beautiful.""]"
,Thirty,Elle est très occupée.,French,"[""She is very busy.""]"
,Thirty one,Elle est très sage.,French,"[""She is very wise.""]"
,Thirty two,Elle est trop belle !,French,"[""She is so beautiful!""]"
,Thirty three,Elle est vraiment belle.,French,"[""She is really beautiful.""]"
,One,Elle est vraiment belle. J'ai craqué pour elle.,French,"[""She's so beautiful. I've fallen in love with her.""]"
,Two,Elle était en Amérique le mois dernier.,French,"[""She was in America last month.""]"
,Three,Elle était là ce matin.,French,"[""She was there this morning.""]"
,Four,Elle était là toute la matinée.,French,"[""She was there all morning.""]"
,Five,Elle fait un régime.,French,"[""She is on a diet.""]"
,Six,Elle fera une bonne épouse.,French,"[""She will make a good wife.""]"
,Seven,Elle garde des secrets.,French,"[""She keeps secrets.""]"
,Eight,Elle joue du piano tous les jours.,French,"[""She plays the piano every day.""]"
,Nine,Elle l'a délibérément exposé au danger.,French,"[""She deliberately exposed him to danger.""]"
,Ten,Elle l'a fait soigneusement.,French,"[""She did it carefully.""]"
,Eleven,Elle le déteste.,French,"[""She hates him.""]"
,Twelve,Elle le fait plus rapidement que lui.,French,"[""She does it more quickly than he does.""]"
,Thirteen,Elle le fit chanter.,French,"[""She made him sing.""]"
,Fourteen,Elle le hait.,French,"[""She hates him.""]"
,Sixteen,Elle le lui a fait faire.,French,"[""She made him do it.""]"
,Seventeen,Elle le lui donna.,French,"[""She gave it to him.""]"
,Eighteen,Elle le traite souvent de tous les noms.,French,"[""She often calls him names.""]"
,Nineteen,Elle lui a donné son premier baiser.,French,"[""She gave him her first kiss.""]"
,Twenty,Elle lui a donné un morceau de papier.,French,"[""She gave him a piece of paper.""]"
,Twenty one,Elle lui a envoyé un grand sourire.,French,"[""She sent him a big smile.""]"
,Twenty two,Elle lui a fait un massage.,French,"[""She gave him a massage.""]"
,Twenty three,Elle lui prête des qualités qu'il n'a pas.,French,"[""She attributes qualities to him that he lacks.""]"
,Twenty four,Elle m'a amené en voiture à la gare.,French,"[""She gave me a lift to the station.""]"
,Twenty five,Elle m'a demandé de lui passer le sel.,French,"[""She asked me to give her the salt.""]"
,Twenty six,Elle m'a dit d'aller siffler là-haut sur la colline.,French,"[""She told me to go and whistle up there on the hills.""]"
,Twenty seven,Elle m'a dit de venir.,French,"[""She told me to come.""]"
,Twenty eight,Elle m'a fait un bec en partant.,French,"[""She gave me a kiss in parting.""]"
,Twenty nine,Elle marche.,French,"[""She walks.""]"
,Thirty,Elle me connaît.,French,"[""She knows me.""]"
,Thirty one,Elle n'avait même pas un crayon.,French,"[""She did not even have a pencil.""]"
,Thirty two,Elle n'avait plus de papier.,French,"[""She was out of paper.""]"
,Thirty three,Elle ne court pas.,French,"[""She's not running.""]"
,One,Elle ne parle pas ma langue.,French,"[""She does not speak my language.""]"
,Two,Elle ne peut avoir plus de trente ans.,French,"[""She cannot be more than thirty years old.""]"
,Three,Elle ne va pas le leur expliquer.,French,"[""She will not explain it to them.""]"
,Four,Elle ne voulait pas lui donner de cadeau.,French,"[""She did not want to give him a gift.""]"
,Five,Elle parle beaucoup.,French,"[""She speaks a lot.""]"
,Six,Elle parle couramment français.,French,"[""She speaks French fluently""]"
,Seven,Elle passe beaucoup de temps à exercer son piano.,French,"[""She spends a lot of time practicing her piano.""]"
,Eight,Elle passe de la crème sur son ventre.,French,"[""She's rubbing cream on her belly.""]"
,Nine,Elle peut sauter haut.,French,"[""She can jump high.""]"
,Ten,Elle portait une robe de soie.,French,"[""She was wearing a silk dress.""]"
,Eleven,Elle porte un collier de prix.,French,"[""She is wearing an award necklace.""]"
,Twelve,Elle prend des leçons de piano une fois par semaine.,French,"[""She takes piano lessons once a week.""]"
,Thirteen,Elle prend du poids.,French,"[""She is gaining weight.""]"
,Fourteen,elle prend un café,French,"[""she is drinking a coffee""]"
,Sixteen,Elle prend une douche chaque matin.,French,"[""She takes a shower every morning.""]"
,Seventeen,Elle prit une profonde respiration.,French,"[""She took a deep breath.""]"
,Eighteen,Elle rassemble du matériel pour un livre.,French,"[""She collects material for a book.""]"
,Nineteen,Elle ressemble à sa mère.,French,"[""She looks like her mother.""]"
,Twenty,Elle ressemble à sa tante.,French,"[""She looks like her aunt.""]"
,Twenty one,Elle roule dans un véhicule neuf.,French,"[""She drives a new vehicle.""]"
,Twenty two,Elle s'est assise à l'arrière du car.,French,"[""She sat down at the back of the coach.""]"
,Twenty three,Elle s'est convertie à l'islam.,French,"[""She converted to Islam.""]"
,Twenty four,Elle sait jouer de la batterie.,French,"[""She can play the drums.""]"
,Twenty five,Elle sait parler français.,French,"[""She can speak French.""]"
,Twenty six,Elle sait patiner.,French,"[""She can skate.""]"
,Twenty seven,Elle se fait les ongles.,French,"[""She is doing her nails.""]"
,Twenty eight,Elle se tient immobile sur la corde raide.,French,"[""She stays still on the tightrope.""]"
,Twenty nine,Elle semblait plus belle que jamais.,French,"[""She looked more beautiful than ever.""]"
,Thirty,Elle sera étudiante dans le supérieur le printemps prochain.,French,"[""She will be a graduate student next spring.""]"
,Thirty one,Elle sera là ce soir.,French,"[""She will be there this evening.""]"
,Thirty two,Elle sera là dans une demi-heure.,French,"[""She will be here in half an hour.""]"
,Thirty three,Elle siffle un air bizarre.,French,"[""She's whistling a strange tune.""]"
,One,Elle travaille dans une banque.,French,"[""She works in a bank.""]"
,Two,Elle travaille dur.,French,"[""She works hard.""]"
,Three,Elle travaille pour un hôpital.,French,"[""She works for a hospital.""]"
,Four,Elle va avoir un bébé le mois prochain.,French,"[""She is going to have a baby next month.""]"
,Five,Elle va mieux de jour en jour.,French,"[""She is getting better day by day.""]"
,Six,Elle veut épouser un millionnaire.,French,"[""She wants to marry a millionaire.""]"
,Seven,Elle veut un nouveau chapeau.,French,"[""She wants a new hat.""]"
,Eight,Elle vient de finir de faire la vaisselle.,French,"[""She has just finished doing the dishes.""]"
,Nine,Elle vient de France.,French,"[""She comes from France.""]"
,Ten,Elle vit dans ce village.,French,"[""She lives in this village.""]"
,Eleven,Elle vit dans le confort.,French,"[""She lives in comfort.""]"
,Twelve,Elle vit dans le quartier.,French,"[""She lives in the neighborhood.""]"
,Thirteen,Elles le méritent.,French,"[""They deserve it.""]"
,Fourteen,Elles ont menti.,French,"[""They lied.""]"
,Sixteen,elles ont monté les valises dans la chambre,French,"[""they put the suitcases in the bedroom""]"
,Seventeen,Elles ont monté les valises dans la chambre.,French,"[""They put the suitcases in the bedroom.""]"
,Eighteen,Elles ont perdu à nouveau.,French,"[""They lost again.""]"
,Nineteen,Elles ont voté.,French,"[""They voted.""]"
,Twenty,Elles se tenaient les mains.,French,"[""They were holding hands.""]"
,Twenty one,Elles sont allées au zoo.,French,"[""They went to the zoo.""]"
,Twenty two,Elles sont inutiles.,French,"[""They are unnecessary.""]"
,Twenty three,Elles sont parties.,French,"[""They left.""]"
,Twenty four,Elles sont tombées.,French,"[""They fell.""]"
,Twenty five,Elles sont toutes plus entêtées les unes que les autres.,French,"[""They are each more stubborn than the last.""]"
,Twenty six,Elles sont très occupées.,French,"[""They are very busy.""]"
,Twenty seven,Elles sont trop grosses.,French,"[""They are too big.""]"
,Twenty eight,Elles suggéraient une démonstration de maquillage.,French,"[""They suggested a cosmetic makeover.""]"
,Twenty nine,emprunter un chemin,French,"[""follow a path""]"
,Thirty,en 1993,French,"[""in 1993""]"
,Thirty one,En as-tu fini avec le papier ?,French,"[""Are you finished with the paper?""]"
,Thirty two,En aucune manière !,French,"[""In no way!""]"
,Thirty three,en détresse,French,"[""in distress""]"
,One,en équipe,French,"[""on a team""]"
,Two,En est-il ainsi ?,French,"[""Is it so?""]"
,Three,en janvier,French,"[""in January""]"
,Four,en plein concert,French,"[""mid-concert""]"
,Five,en plein essor,French,"[""on the rise""]"
,Six,en plein match,French,"[""right in the middle of a match""]"
,Seven,en pleine attaque,French,"[""mid-attack""]"
,Eight,en pleine poire,French,"[""straight in the face""]"
,Nine,en prendre de la graine,French,"[""to take away a lesson""]"
,Ten,en présence du président,French,"[""in the president's presence""]"
,Eleven,En quelle année de médecine êtes-vous ?,French,"[""What year of medicine are you in?""]"
,Twelve,En quoi puis-je vous aider ?,French,"[""What can I help you with?""]"
,Thirteen,En selle.,French,"[""In the saddle.""]"
,Fourteen,en septembre 2001,French,"[""in September 2001""]"
,Sixteen,En va-t-il ainsi ?,French,"[""Is it so?""]"
,Seventeen,encaisser un coup,French,"[""to take a blow""]"
,Eighteen,Encore un petit effort.,French,"[""Just a little more effort.""]"
,Nineteen,Enlève ton manteau.,French,"[""Take off your coat.""]"
,Twenty,Entre !,French,"[""Between!""]"
,Twenty one,Entre une minute.,French,"[""Come in a minute.""]"
,Twenty two,Entrer dans la salle.,French,"[""Enter the room.""]"
,Twenty three,Entrez !,French,"[""Come in!""]"
,Twenty four,Envoie-moi un message quand tu as des problèmes.,French,"[""Send me a message when you have problems.""]"
,Twenty five,Envoie-moi une carte postale.,French,"[""Send me a postcard.""]"
,Twenty six,Épouse-moi !,French,"[""Marry me!""]"
,Twenty seven,éprouver un sentiment d'intense satisfaction,French,"[""feel the thought of intense satisfaction""]"
,Twenty eight,Es-tu à Boston ?,French,"[""Are you in Boston?""]"
,Twenty nine,Es-tu debout ?,French,"[""Are you up?""]"
,Thirty,Es-tu déjà allé à Hawaï ?,French,"[""Have you ever been to Hawaii?""]"
,Thirty one,Es-tu déjà allé en Amérique ?,French,"[""Have you ever been to America?""]"
,Thirty two,Es-tu en route pour chez toi ?,French,"[""Are you on your way home?""]"
,Thirty three,Es-tu encore au bureau ?,French,"[""Are you still at the office?""]"
,One,Es-tu étudiant ?,French,"[""Are you a student?""]"
,Two,Es-tu fatigué ?,French,"[""Are you tired?""]"
,Three,Es-tu inscrit ?,French,"[""Are you registered?""]"
,Four,Es-tu jamais allé en France ?,French,"[""Have you ever been to France?""]"
,Five,Es-tu japonais ?,French,"[""Are you japanese?""]"
,Six,Es-tu levé ?,French,"[""Are you up?""]"
,Seven,Es-tu levée ?,French,"[""Are you up?""]"
,Eight,Es-tu libre ce soir ?,French,"[""Are you free tonight?""]"
,Nine,Es-tu satisfait ?,French,"[""Are you satisfied?""]"
,Ten,Es-tu seul ?,French,"[""Are you alone?""]"
,Eleven,Es-tu toujours effrayé ?,French,"[""Are you still scared?""]"
,Twelve,Es-tu toujours effrayée ?,French,"[""Are you still scared?""]"
,Thirteen,Es-tu toujours heureuse ?,French,"[""Are you still happy?""]"
,Fourteen,Es-tu un criminel ?,French,"[""Are you a criminal?""]"
,Sixteen,Es-tu un esprit ?,French,"[""Are you a spirit?""]"
,Seventeen,Es-tu un fantôme ?,French,"[""Are you a ghost?""]"
,Eighteen,Es-tu un malade mental ?,French,"[""Are you a mental patient?""]"
,Nineteen,Es-tu un policier ?,French,"[""Are you a policeman?""]"
,Twenty,Es-tu une sorcière ?,French,"[""Are you a witch?""]"
,Twenty one,Es-tu vraiment sincère ?,French,"[""Are you really sincere?""]"
,Twenty two,espace insécable,French,"[""non-breaking space""]"
,Twenty three,Espere-voir un bout.,French,"[""Please wait a bit.""]"
,Twenty four,Essaie ce pull.,French,"[""Try this sweater.""]"
,Twenty five,Essaie ce tricot.,French,"[""Try this knitting.""]"
,Twenty six,Essaie ceci !,French,"[""Try this!""]"
,Twenty seven,Essaie cette sauce.,French,"[""Try this sauce.""]"
,Twenty eight,Essaie de ne pas y penser !,French,"[""Try not to think about it!""]"
,Twenty nine,Essaie de ne rien oublier.,French,"[""Try not to forget anything.""]"
,Thirty,Essaie de rester calme.,French,"[""Try to stay calm.""]"
,Thirty one,Essaie de rester éveillé.,French,"[""Try to stay awake.""]"
,Thirty two,Essaie de te calmer !,French,"[""Try to calm down!""]"
,Thirty three,Essaie de te mettre à la place de ta mère.,French,"[""Try to put yourself in your mother's place.""]"
,One,Essaie encore.,French,"[""Try again.""]"
,Two,Essaies-en !,French,"[""Try it!""]"
,Three,Essayez de résister.,French,"[""Try to resist.""]"
,Four,Essayons ce gâteau.,French,"[""Let's try this cake.""]"
,Five,Essayons de nouveau.,French,"[""Let's try again.""]"
,Six,Essuie tes yeux.,French,"[""Wipe your eyes.""]"
,Seven,Est-ce à toi ?,French,"[""Is it yours?""]"
,Eight,Est-ce à vous ?,French,"[""Is it up to you?""]"
,Nine,Est-ce ce que tu veux faire ?,French,"[""Do you wanna do?""]"
,Ten,Est-ce ce que vous voulez faire ?,French,"[""Do you want to do this?""]"
,Eleven,Est-ce cela ?,French,"[""This is it?""]"
,Twelve,Est-ce cela que veut le gouvernement?,French,"[""Is that what the government wants?""]"
,Thirteen,Est-ce éloigné ?,French,"[""Is it far?""]"
,Fourteen,Est-ce inoffensif ?,French,"[""Is it harmless?""]"
,Sixteen,Est-ce la raison de ton retour ?,French,"[""Is this the reason for your return?""]"
,Seventeen,Est-ce là une sorte de plaisanterie ?,French,"[""Is this some kind of joke?""]"
,Eighteen,Est-ce le cas ?,French,"[""Is that the case?""]"
,Nineteen,Est-ce loin ?,French,"[""Is it far?""]"
,Twenty,Est-ce moi qui ai gagné ?,French,"[""Did I win?""]"
,Twenty one,Est-ce pour moi ?,French,"[""Is it for me?""]"
,Twenty two,Est-ce qu'elle a joui?,French,"[""Did she cum?""]"
,Twenty three,Est-ce qu'il s'adressait à la table?,French,"[""Has he been addressing the table?""]"
,Twenty four,Est-ce qu'il y a de la bonne musique ?,French,"[""Is there any good music?""]"
,Twenty five,Est-ce que ça fait mal ?,French,"[""Does it hurt?""]"
,Twenty six,Est-ce que ce sont des explosifs ?,French,"[""Are these explosives?""]"
,Twenty seven,Est-ce que je me trompe ?,French,"[""Am I wrong?""]"
,Twenty eight,Est-ce que je perds mon temps ?,French,"[""Am I wasting my time?""]"
,Twenty nine,Est-ce que je peux aller au lit ?,French,"[""Can I go to bed?""]"
,Thirty,Est-ce que je peux te parler ?,French,"[""Can I talk to you?""]"
,Thirty one,Est-ce que je peux vous accompagner ?,French,"[""Can I accompany you?""]"
,Thirty two,Est-ce que je peux y réfléchir un moment ?,French,"[""Can I think about it for a moment?""]"
,Thirty three,Est-ce que je pue ?,French,"[""Do I stink?""]"
,One,Est-ce que je suis seul ici ?,French,"[""Am I alone here?""]"
,Two,Est-ce que la réunion peut finir dans les deux heures ?,French,"[""Can the meeting end within two hours?""]"
,Three,Est-ce que la voiture paraissait vieille ?,French,"[""Did the car look old?""]"
,Four,Est-ce que le film était bien ?,French,"[""Was the movie good?""]"
,Five,Est-ce que les boissons sont gratuites ?,French,"[""Are the drinks complimentary?""]"
,Six,Est-ce que t'aimes bien manger du maïs?,French,"[""Do you like eating corn?""]"
,Seven,Est-ce que ton coffre est fermé à clé ?,French,"[""Is your safe locked?""]"
,Eight,Est-ce que tout va bien ?,French,"[""Is everything alright?""]"
,Nine,Est-ce que tu aimes écrire ?,French,"[""Do you like to write?""]"
,Ten,Est-ce que tu aimes les chiens ?,French,"[""Do you like dogs?""]"
,Eleven,Est-ce que tu manges du poisson ?,French,"[""Do you eat fish?""]"
,Twelve,Est-ce que tu sais nager ?,French,"[""Can you swim?""]"
,Thirteen,Est-ce que tu vas bien ?,French,"[""Are you fine?""]"
,Fourteen,Est-ce que tu veux boire ?,French,"[""Do you want to drink?""]"
,Sixteen,Est-ce que tu viendras avec nous ?,French,"[""Will you come with us?""]"
,Seventeen,Est-ce que vous êtes pressé ?,French,"[""Are you in a hurry?""]"
,Eighteen,Est-ce que vous savez nager ?,French,"[""Can you swim?""]"
,Nineteen,Est-ce que vous viendrez avec nous ?,French,"[""Will you come with us?""]"
,Twenty,Est-ce sale ?,French,"[""Is it dirty?""]"
,Twenty one,Est-ce sans danger ?,French,"[""Is it safe?""]"
,Twenty two,Est-ce si urgent ?,French,"[""Is it so urgent?""]"
,Twenty three,Est-ce sûr ?,French,"[""Is it sure?""]"
,Twenty four,Est-ce ta nouvelle petite amie ?,French,"[""Is this your new girlfriend?""]"
,Twenty five,Est-ce toi ?,French,"[""Is it you?""]"
,Twenty six,Est-ce ton argent ?,French,"[""Is this your money?""]"
,Twenty seven,Est-ce un compliment ?,French,"[""Is this a compliment?""]"
,Twenty eight,Est-ce un compliment ou une insulte ?,French,"[""Is this a compliment or an insult?""]"
,Twenty nine,Est-ce un crime ?,French,"[""Is this a crime?""]"
,Thirty,Est-ce un loup ?,French,"[""Is it a wolf?""]"
,Thirty one,Est-ce un non ?,French,"[""Is it a no?""]"
,Thirty two,Est-ce une blague ?,French,"[""Is this a joke?""]"
,Thirty three,Est-ce une bonne affaire ?,French,"[""Is this a good deal?""]"
,One,Est-ce une image de moi ?,French,"[""Is this a picture of me?""]"
,Two,Est-ce une simulation ?,French,"[""Is this a simulation?""]"
,Three,Est-ce votre enfant ?,French,"[""Is this your child?""]"
,Four,Est-ce vous ?,French,"[""Is it you?""]"
,Five,Est-ce vous ?,French,"[""Is that you?""]"
,Six,Est-ce vraiment toi ?,French,"[""Is it really you?""]"
,Seven,Est-il allé là ?,French,"[""Did he go there?""]"
,Eight,Est-il allé là-bas ?,French,"[""Did he go there?""]"
,Nine,Est-il Américain ?,French,"[""Is he an American?""]"
,Ten,Est-il arrivé quelque chose ?,French,"[""Did something happen?""]"
,Eleven,Est-il en train de dormir ?,French,"[""Is he sleeping?""]"
,Twelve,Est-il encore là ?,French,"[""Is he still there?""]"
,Thirteen,Est-il grand ?,French,"[""Is he tall?""]"
,Fourteen,Est-il occupé ?,French,"[""Is he busy?""]"
,Sixteen,Et après ?,French,"[""And after?""]"
,Seventeen,Et ça a longtemps été vrai.,French,"[""And that's been true for a long time.""]"
,Eighteen,Et vous ?,French,"[""And you?""]"
,Nineteen,Étais-tu sincère ?,French,"[""Were you sincere?""]"
,Twenty,Était-ce là un écureuil ?,French,"[""Was that a squirrel?""]"
,Twenty one,Était-ce un écureuil ?,French,"[""Was it a squirrel?""]"
,Twenty two,Eteins la lumière.,French,"[""Turn off the light.""]"
,Twenty three,Éteins la lumière.,French,"[""Turn off the light.""]"
,Twenty four,Éteins la radio.,French,"[""Turn off the radio.""]"
,Twenty five,Éteins la télévision.,French,"[""Turn off the television.""]"
,Twenty six,Êtes-vous allé voir un médecin ?,French,"[""Did you go to see a doctor?""]"
,Twenty seven,Êtes-vous chinois ou japonais ?,French,"[""Are you Chinese or Japanese?""]"
,Twenty eight,Êtes-vous de Suisse ?,French,"[""Are you from Switzerland?""]"
,Twenty nine,Êtes-vous déjà allé à Paris ?,French,"[""Have you ever been to Paris?""]"
,Thirty,Êtes-vous déjà allé en Afrique ?,French,"[""Have you ever been to Africa?""]"
,Thirty one,Êtes-vous encore dans les parages ?,French,"[""Are you still around?""]"
,Thirty two,Êtes-vous encore là?,French,"[""Are you still there?""]"
,Thirty three,Êtes-vous fatigué ?,French,"[""Are you tired?""]"
,One,Êtes-vous fatiguée ?,French,"[""Are you tired?""]"
,Two,Êtes-vous fatigués ?,French,"[""Are you tired?""]"
,Three,Êtes-vous inscrit ?,French,"[""Are you registered?""]"
,Four,Êtes-vous inscrite ?,French,"[""Are you registered?""]"
,Five,Êtes-vous inscrits ?,French,"[""Are you registered?""]"
,Six,Êtes-vous japonais ?,French,"[""Are you Japanese?""]"
,Seven,Êtes-vous las ?,French,"[""Are you weary?""]"
,Eight,Êtes-vous le directeur ?,French,"[""Are you the manager?""]"
,Nine,Êtes-vous le maire ?,French,"[""Are you the mayor?""]"
,Ten,Êtes-vous le meneur du groupe ?,French,"[""Are you the leader of the group?""]"
,Eleven,Êtes-vous levé ?,French,"[""Are you up?""]"
,Twelve,Êtes-vous levée ?,French,"[""Are you up?""]"
,Thirteen,Êtes-vous levés ?,French,"[""Are you up?""]"
,Fourteen,Êtes-vous pour ou contre son idée ?,French,"[""Are you for or against his idea?""]"
,Sixteen,Êtes-vous pressés ?,French,"[""Are you in a hurry?""]"
,Seventeen,Êtes-vous satisfait de votre poids ?,French,"[""Are you satisfied with your weight?""]"
,Eighteen,Êtes-vous sûr que tout va bien ?,French,"[""Are you sure everything is fine?""]"
,Nineteen,Êtes-vous toujours effrayés ?,French,"[""Are you still scared?""]"
,Twenty,Êtes-vous toujours heureuse ?,French,"[""Are you still happy?""]"
,Twenty one,Êtes-vous tous prêts ?,French,"[""Are you all ready?""]"
,Twenty two,Êtes-vous vraiment une princesse ?,French,"[""Are you really a princess?""]"
,Twenty three,Étudies-tu le français tous les jours ?,French,"[""Do you study French every day?""]"
,Twenty four,Étudiez-vous ?,French,"[""Are you studying?""]"
,Twenty five,Étudiez-vous le français ?,French,"[""Are you studying French?""]"
,Twenty six,Évitez de traverser cette rue quand il pleut.,French,"[""Avoid crossing this street when it is raining.""]"
,Twenty seven,Excellent !,French,"[""Excellent!""]"
,Twenty eight,Excusez-moi mais je ne comprends pas.,French,"[""Excuse me but I do not understand.""]"
,Twenty nine,Faire cela est très important.,French,"[""Doing this is very important.""]"
,Thirty,faire de la contrebande,French,"[""to smuggle""]"
,Thirty one,Faire des exercices est bon pour la santé.,French,"[""Exercising is good for your health.""]"
,Thirty two,Faire la vaisselle.,French,"[""To do the washing-up.""]"
,Thirty three,faire les vitrines,French,"[""to do shopping""]"
,One,Faire ou dire une chose sans penser à mal.,French,"[""Do or say something without meaning to harm.""]"
,Two,faire parler la langue française,French,"[""to make speak the French language""]"
,Three,Faire tourner un programme sur son ordinateur.,French,"[""To run a program on one's computer.""]"
,Four,faire un bœuf,French,"[""to have a jam session""]"
,Five,Faire une erreur.,French,"[""To make a mistake.""]"
,Six,Fais attention à toi.,French,"[""Take care of yourself.""]"
,Seven,Fais bouillir l'eau.,French,"[""Boil the water.""]"
,Eight,Fais ce que tu aimes.,French,"[""Do what you love.""]"
,Nine,Fais comme il te dit.,French,"[""Do as he tells you.""]"
,Ten,Fais comme tu veux.,French,"[""Do as you like.""]"
,Eleven,Fais juste le boulot.,French,"[""Just do the job.""]"
,Twelve,Fais profil bas.,French,"[""Keep a low profile.""]"
,Thirteen,Fais tes devoirs maintenant.,French,"[""Do your homework now.""]"
,Fourteen,Fais tes devoirs.,French,"[""Do your homework.""]"
,Sixteen,Fais un effort.,French,"[""Make an effort.""]"
,Seventeen,Fais une copie de ce rapport.,French,"[""Make a copy of this report.""]"
,Eighteen,Fais une liste !,French,"[""Make a list!""]"
,Nineteen,Fais une offre.,French,"[""Make an offer.""]"
,Twenty,Fais une pause.,French,"[""Take a break.""]"
,Twenty one,Fais-le mais maintenant !,French,"[""Do it now!""]"
,Twenty two,Fais-moi confiance.,French,"[""Trust me.""]"
,Twenty three,Fais-moi une faveur.,French,"[""Do me a favor.""]"
,Twenty four,Faisons la vaisselle.,French,"[""Let's do the dishes.""]"
,Twenty five,Faisons un compromis.,French,"[""Let's make a compromise.""]"
,Twenty six,Faisons une pause maintenant.,French,"[""Let's take a break now.""]"
,Twenty seven,Faites ça comme ça.,French,"[""Do it like that.""]"
,Twenty eight,Faites ce que je dis.,French,"[""Do what I say.""]"
,Twenty nine,Faites moins de bruit.,French,"[""Make less noise.""]"
,Thirty,Faites un autre choix.,French,"[""Make another choice.""]"
,Thirty one,Faites un bon voyage !,French,"[""Have a good trip!""]"
,Thirty two,Faites-le lorsque vous en aurez le temps.,French,"[""Do it when you have the time.""]"
,Thirty three,Faites-le vous-même.,French,"[""Do it yourself.""]"
,One,Faites-moi confiance.,French,"[""Trust me.""]"
,Two,Faites-moi connaître votre façon de penser.,French,"[""Tell me how you think about it.""]"
,Three,Faut que j'y aille.,French,"[""Got to go.""]"
,Four,Ferme la fenêtre.,French,"[""Close the window.""]"
,Five,Ferme le coffre.,French,"[""Close the trunk.""]"
,Six,Ferme-la !,French,"[""Shut up!""]"
,Seven,Fermez le tiroir.,French,"[""Close the drawer.""]"
,Eight,File !,French,"[""Go!""]"
,Nine,Filez !,French,"[""Go!""]"
,Ten,fort en histoire,French,"[""good at history""]"
,Eleven,Fous le camp !,French,"[""Get out!""]"
,Twelve,frappé par Dieu,French,"[""struck down by God""]"
,Thirteen,frapper l'imagination,French,"[""to strike the imagination.""]"
,Fourteen,Fumer a touché ses poumons.,French,"[""Smoking hit his lungs.""]"
,Sixteen,Fumer tue.,French,"[""Smoking kills.""]"
,Seventeen,Garde ça en tête.,French,"[""Keep that in mind.""]"
,Eighteen,Garde cette information pour toi.,French,"[""Keep this information for yourself.""]"
,Nineteen,Garde la porte ouverte.,French,"[""Keep the door open.""]"
,Twenty,Garde ton manteau sur toi.,French,"[""Keep your coat on you.""]"
,Twenty one,Garde un œil sur cette mallette.,French,"[""Keep an eye on this briefcase.""]"
,Twenty two,Garde un œil sur les filles.,French,"[""Keep an eye on the girls.""]"
,Twenty three,Garde-le !,French,"[""Keep it!""]"
,Twenty four,Garde-le à l'œil !,French,"[""Keep an eye on it!""]"
,Twenty five,Gardez ces places pour les personnes âgées.,French,"[""Keep these places for the elderly.""]"
,Twenty six,Gardez la monnaie.,French,"[""Keep the change.""]"
,Twenty seven,Gardez la porte verrouillée.,French,"[""Keep the door locked.""]"
,Twenty eight,Génial !,French,"[""Awesome!""]"
,Twenty nine,George a épousé ma sœur.,French,"[""George married my sister.""]"
,Thirty,Gwenda a agité sa baguette magique.,French,"[""Gwenda waved her magic wand.""]"
,Thirty one,habillé en père Noël,French,"[""dressed as Father Christmas""]"
,Thirty two,Habituellement je me déplace à pied.,French,"[""Usually I travel on foot.""]"
,Thirty three,Halte au feu !,French,"[""Stop the fire!""]"
,One,Hé ! Quoi de neuf ?,French,"[""Hey! What's up?""]"
,Two,Helen est très inquiète pour sa fille.,French,"[""Helen is very worried about her daughter.""]"
,Three,Hier elle a vu un homme très grand.,French,"[""Yesterday she saw a very tall man.""]"
,Four,Hier soir nous avons entendu le président parler à la télévision.,French,"[""Last night we heard the president speak on television.""]"
,Five,hommes forts,French,"[""strong men""]"
,Six,Il a à peu près mon âge.,French,"[""He's about my age.""]"
,Seven,Il a accepté notre proposition.,French,"[""He accepted our proposal.""]"
,Eight,Il a agi sagement.,French,"[""He acted wisely.""]"
,Nine,Il a appris à être patient.,French,"[""He learned to be patient.""]"
,Ten,Il a appris le poème par cœur.,French,"[""He learned the poem by heart.""]"
,Eleven,Il a aspiré la poussière.,French,"[""He vacuumed the dust up.""]"
,Twelve,Il a atteint son but.,French,"[""He achieved his goal.""]"
,Thirteen,Il a battu le record.,French,"[""He broke the record.""]"
,Fourteen,Il a beaucoup changé de look.,French,"[""He has changed his look a lot.""]"
,Sixteen,Il a beaucoup gagné à la pratique de la bonne société.,French,"[""He's gained a lot by frequenting good people.""]"
,Seventeen,Il a bu directement à la bouteille.,French,"[""He drank directly from the bottle.""]"
,Eighteen,Il a bu une bière.,French,"[""He drank a beer.""]"
,Nineteen,Il a cédé.,French,"[""He gave in.""]"
,Twenty,Il a changé de sujet de conversation.,French,"[""He changed the subject of conversation.""]"
,Twenty one,Il a changé en l'espace de deux minutes.,French,"[""It changed in the space of two minutes.""]"
,Twenty two,Il a changé.,French,"[""He changed.""]"
,Twenty three,Il a chanté une chanson.,French,"[""He sang a song.""]"
,Twenty four,Il a choisi une bonne épouse.,French,"[""He chose a good wife.""]"
,Twenty five,Il a commencé à courir.,French,"[""He started to run.""]"
,Twenty six,Il a commencé à parler à l'âge de quatre ans.,French,"[""He began to speak at the age of four.""]"
,Twenty seven,Il a connaissance de la tradition.,French,"[""He is aware of the tradition.""]"
,Twenty eight,Il a de longues jambes.,French,"[""He has long legs.""]"
,Twenty nine,Il a décidé de quitter la troupe.,French,"[""He decided to leave the troop.""]"
,Thirty,Il a décidé de vendre sa voiture.,French,"[""He decided to sell his car.""]"
,Thirty one,Il a décroché de l'école à l'âge de douze ans.,French,"[""He dropped out of school at twelve.""]"
,Thirty two,Il a déménagé pour le Canada.,French,"[""He moved to Canada.""]"
,Thirty three,Il a des ennuis.,French,"[""He's in trouble.""]"
,One,Il a des yeux derrière la tête.,French,"[""He has eyes behind his head.""]"
,Two,Il a deux chats.,French,"[""He has two cats.""]"
,Three,Il a deux garçons et une fille.,French,"[""He has two boys and a daughter.""]"
,Four,Il a disparu dans la foule.,French,"[""He disappeared from the crowd.""]"
,Five,Il a dû déposer son bilan.,French,"[""He had to file for bankruptcy.""]"
,Six,Il a entendu un bruit de la cuisine.,French,"[""He heard a noise from the kitchen.""]"
,Seven,Il a essayé de se lever.,French,"[""He tried to get up.""]"
,Eight,Il a été absent de la réunion.,French,"[""He was absent from the meeting.""]"
,Nine,Il a été blessé dans un cambriolage.,French,"[""He was injured in a burglary.""]"
,Ten,Il a été blessé pendant la bataille.,French,"[""He was injured during the battle.""]"
,Eleven,Il a été élu maire.,French,"[""He was elected mayor.""]"
,Twelve,Il a été occupé.,French,"[""He's been busy.""]"
,Thirteen,Il a été placé en isolement.,French,"[""He was placed in isolation.""]"
,Fourteen,Il a été super.,French,"[""He was great.""]"
,Sixteen,Il a eu de la chance.,French,"[""He got lucky.""]"
,Seventeen,Il a eu du succès en affaires.,French,"[""He has had success in business.""]"
,Eighteen,Il a eu une bonne idée.,French,"[""He had a good idea.""]"
,Nineteen,Il a fait bon usage de cet argent.,French,"[""He made good use of this money.""]"
,Twenty,Il a fait cette action de sa pure et franche volonté.,French,"[""His action was performed out of his free will.""]"
,Twenty one,Il a fait très froid le mois dernier.,French,"[""It was very cold last month.""]"
,Twenty two,Il a fait un robot.,French,"[""He made a robot.""]"
,Twenty three,Il a fondu en larmes.,French,"[""He burst into tears.""]"
,Twenty four,Il a forcé la serrure.,French,"[""He broke the lock.""]"
,Twenty five,Il a gagné la loterie.,French,"[""He won the lottery.""]"
,Twenty six,Il a honte de son attitude.,French,"[""He is ashamed of his attitude.""]"
,Twenty seven,Il a huit ans.,French,"[""He is eight.""]"
,Twenty eight,Il a joué au tennis.,French,"[""He played tennis.""]"
,Twenty nine,Il a joué un rôle clé dans le mouvement.,French,"[""He played a key role in the movement.""]"
,Thirty,Il a la grippe.,French,"[""He has the flu.""]"
,Thirty one,Il a mangé la plupart du gâteau,French,"[""He ate most of the cake.""]"
,Thirty two,Il a marché sur la lune.,French,"[""He walked on the moon.""]"
,Thirty three,Il a parlé de paix.,French,"[""He spoke of peace.""]"
,One,Il a pas de crayon.,French,"[""He doesn't have a pencil.""]"
,Two,Il a passé l'examen.,French,"[""He passed the exam.""]"
,Three,Il a passé la porte.,French,"[""He went through the door.""]"
,Four,Il a passé la rivière.,French,"[""He crossed the river.""]"
,Five,Il a perdu son chapeau.,French,"[""He lost his hat.""]"
,Six,Il a peur de ce chien.,French,"[""He is afraid of this dog.""]"
,Seven,Il a peur de nager.,French,"[""He is afraid to swim.""]"
,Eight,Il a peur de son ombre.,French,"[""He is afraid of his shadow.""]"
,Nine,Il a placé son crayon derrière l'oreille.,French,"[""He placed his pencil behind the ear.""]"
,Ten,Il a plus de force que moi.,French,"[""He has more strength than I do.""]"
,Eleven,Il a pris un gros risque.,French,"[""He took a big risk.""]"
,Twelve,Il a raccroché.,French,"[""He hung up.""]"
,Thirteen,il a remonté son pantalon,French,"[""he pulled his pants back up""]"
,Fourteen,Il a rencontré beaucoup d'amis sur internet la semaine dernière.,French,"[""He met a lot of friends on the internet last week.""]"
,Sixteen,Il a rencontré sa femme sur Internet.,French,"[""He met his wife on the Internet.""]"
,Seventeen,Il a retenu sa respiration.,French,"[""He held his breath.""]"
,Eighteen,Il a retenu son souffle.,French,"[""He held his breath.""]"
,Nineteen,Il a retiré son chapeau.,French,"[""He took off his hat.""]"
,Twenty,Il a réussi.,French,"[""He succeeded.""]"
,Twenty one,Il a sauvé un marin.,French,"[""He saved a sailor.""]"
,Twenty two,Il a soigné ma maladie.,French,"[""He cured my illness.""]"
,Twenty three,Il a su tirer profit de ses connaissances.,French,"[""He managed to take advantage of his knowledge.""]"
,Twenty four,Il a suffisamment de volonté.,French,"[""He has enough willpower.""]"
,Twenty five,Il a touché un bon paquet.,French,"[""He got a big wad./He got a fat sum.""]"
,Twenty six,Il a toujours été fidèle à sa femme.,French,"[""He has always been faithful to his wife.""]"
,Twenty seven,Il a tout ce qu'il te faut.,French,"[""He has everything that you need.""]"
,Twenty eight,Il a tout mangé.,French,"[""He ate it all.""]"
,Twenty nine,Il a tranché ses jours.,French,"[""He has concluded his days on earth.""]"
,Thirty,Il a travaillé très dur.,French,"[""He worked very hard.""]"
,Thirty one,Il a trois ans de plus que moi.,French,"[""He is three years older than me.""]"
,Thirty two,Il a trouvé la boîte sous la table.,French,"[""He found the box under the table.""]"
,Thirty three,Il a trouvé mon vélo.,French,"[""He found my bike.""]"
,One,Il a trouvé son maître.,French,"[""He found his master.""]"
,Two,Il a un bon appétit.,French,"[""He has a good appetite.""]"
,Three,Il a un casier aussi long que mon bras.,French,"[""He has a locker as long as my arm.""]"
,Four,Il a un livre.,French,"[""He has a book.""]"
,Five,Il a un long nez.,French,"[""He has a long nose.""]"
,Six,Il a un nom à coucher dehors.,French,"[""He has a name to sleep outside.""]"
,Seven,Il a un ordinateur.,French,"[""He has a computer.""]"
,Eight,Il a un peu bu.,French,"[""He drank a little.""]"
,Nine,Il a une bonne vue.,French,"[""He has good eyesight.""]"
,Ten,Il a une cicatrice au visage.,French,"[""He has a scar on the face. / He has a scar on his face.""]"
,Eleven,Il a une grande gueule.,French,"[""He has a big mouth.""]"
,Twelve,Il a une mauvaise vue.,French,"[""He has poor eyesight.""]"
,Thirteen,Il a voulu te rencontrer.,French,"[""He wanted to meet you.""]"
,Fourteen,Il a vraiment apprécié son apprentissage à la boucherie.,French,"[""He really enjoyed his apprenticeship at the butcher's.""]"
,Sixteen,Il adore la lecture.,French,"[""He loves reading.""]"
,Seventeen,Il adore la musique.,French,"[""He loves music.""]"
,Eighteen,Il adore la peinture.,French,"[""He loves painting.""]"
,Nineteen,Il adore les trains.,French,"[""He loves trains.""]"
,Twenty,Il adore se rendre au théâtre.,French,"[""He loves going to the theater.""]"
,Twenty one,Il adore voyager.,French,"[""He loves to travel.""]"
,Twenty two,Il agit comme un fou.,French,"[""He's acting like a madman.""]"
,Twenty three,Il aime aller à la plage de temps en temps.,French,"[""He likes to go to the beach from time to time.""]"
,Twenty four,Il aime beaucoup ce genre de musique.,French,"[""He really likes this kind of music.""]"
,Twenty five,Il aime beaucoup la musique.,French,"[""He really likes music.""]"
,Twenty six,Il aime beaucoup le baseball.,French,"[""He is very fond of baseball.""]"
,Twenty seven,Il aime bien danser.,French,"[""He likes dancing.""]"
,Twenty eight,Il aime chanter des chansons populaires.,French,"[""He likes to sing popular songs.""]"
,Twenty nine,Il aime le café sans sucre.,French,"[""He likes coffee without sugar.""]"
,Thirty,Il aime regarder la télévision.,French,"[""He likes to watch television.""]"
,Thirty one,Il alla en Amérique étudier la médecine.,French,"[""He went to America to study medicine.""]"
,Thirty two,Il allait visiter sa famille.,French,"[""He was going to visit his family.""]"
,Thirty three,Il arrive difficilement à écrire son nom.,French,"[""He can hardly write his name.""]"
,One,Il arrive souvent qu'il soit tard.,French,"[""It often happens that he is late.""]"
,Two,Il aurait dû acheter quelques stylos.,French,"[""He should have bought a few pens.""]"
,Three,Il avait mal à la tête.,French,"[""He had a headache.""]"
,Four,Il avait un stylo dans les mains.,French,"[""He had a pen in his hands.""]"
,Five,Il boit beaucoup.,French,"[""He drinks a lot.""]"
,Six,Il boit tout le temps son café noir.,French,"[""He drinks his black coffee all the time.""]"
,Seven,Il buvait et courait les filles avant qu'il ne contracte la cirrhose et la blennorragie.,French,"[""He drank and consorted with hookers before contracting cirrhosis and gonorrhea.""]"
,Eight,Il commença à chercher un travail.,French,"[""He started looking for a job.""]"
,Nine,Il connaît le maire.,French,"[""He knows the mayor.""]"
,Ten,Il connaît le secret.,French,"[""He knows the secret.""]"
,Eleven,Il connaît son métier.,French,"[""He knows his job.""]"
,Twelve,Il connaît tout dans ce domaine.,French,"[""He knows everything in this area.""]"
,Thirteen,Il continue de m'embêter.,French,"[""He keeps annoying me.""]"
,Fourteen,Il court.,French,"[""He is running.""]"
,Sixteen,Il craint la chaleur.,French,"[""Keep out of the heat.""]"
,Seventeen,Il déteste les araignées.,French,"[""He hates spiders.""]"
,Eighteen,Il deviendra docteur quand il sera grand.,French,"[""He will become a doctor when he grows up.""]"
,Nineteen,Il deviendra un bon mari.,French,"[""He will become a good husband.""]"
,Twenty,Il devrait déjà être arrivé maintenant.,French,"[""It should have happened by now.""]"
,Twenty one,Il devrait pleuvoir bientôt.,French,"[""It should be raining soon.""]"
,Twenty two,Il dispose de sa propre chambre.,French,"[""He has his own bedroom.""]"
,Twenty three,Il doit avoir la quarantaine.,French,"[""He must be in his forties.""]"
,Twenty four,Il doit en être ainsi.,French,"[""It must be so.""]"
,Twenty five,Il doit être le principal.,French,"[""He must be the principal.""]"
,Twenty six,Il doit rester au lit.,French,"[""He must stay in bed.""]"
,Twenty seven,Il doit venir du sud.,French,"[""He must come from the south.""]"
,Twenty eight,Il doit y avoir quelque chose là-dedans.,French,"[""There must be something in there.""]"
,Twenty nine,Il doit y avoir un espion parmi nous.,French,"[""There must be a spy among us.""]"
,Thirty,Il doit y avoir un moyen.,French,"[""There has to be a way.""]"
,Thirty one,Il dort ?,French,"[""He is sleeping?""]"
,Thirty two,Il dort le jour et travaille la nuit.,French,"[""He sleeps during the day and works at night.""]"
,Thirty three,Il espérait avoir réussi.,French,"[""He hoped he had succeeded.""]"
,One,Il est à la radio.,French,"[""He is on the radio.""]"
,Two,Il est allé en France.,French,"[""He went to France.""]"
,Three,Il est anglais,French,"[""He is English.""]"
,Four,Il est Anglais.,French,"[""He's English.""]"
,Five,Il est arrivé à minuit.,French,"[""He arrived at midnight.""]"
,Six,Il est arrivé trop tôt.,French,"[""He arrived too early.""]"
,Seven,Il est au bureau.,French,"[""He is in the office.""]"
,Eight,Il est aussi grand que mon frère.,French,"[""He is as tall as my brother.""]"
,Nine,Il est aussi un vendeur.,French,"[""He is also a seller.""]"
,Ten,Il est celui qui travaille le plus dur dans sa classe.,French,"[""He's the hardest working one in his class.""]"
,Eleven,Il est certain de venir.,French,"[""He's sure to come.""]"
,Twelve,Il est cinq heures et demie.,French,"[""It is half past five.""]"
,Thirteen,Il est curieux de tout.,French,"[""He is curious about everything.""]"
,Fourteen,Il est dans la douche.,French,"[""He is in the shower.""]"
,Sixteen,Il est dans la lune.,French,"[""He is in the moon.""]"
,Seventeen,Il est dans la maison. Il y est.,French,"[""He is in the house. He is there.""]"
,Eighteen,Il est dans le frigo.,French,"[""It is in the fridge.""]"
,Nineteen,Il est dans le pétrin.,French,"[""He's in trouble.""]"
,Twenty,Il est de loin le meilleur des étudiants.,French,"[""He is by far the best student.""]"
,Twenty one,Il est de ton devoir de terminer ce boulot.,French,"[""It is your job to finish this job.""]"
,Twenty two,Il est déjà onze heures.,French,"[""It is already eleven o'clock.""]"
,Twenty three,Il est déjà parti.,French,"[""He is already gone.""]"
,Twenty four,Il est déjà six heures.,French,"[""It is already six o'clock.""]"
,Twenty five,Il est descendu du bus.,French,"[""He got off the bus.""]"
,Twenty six,Il est deux heures du matin.,French,"[""It is two hours in the morning.""]"
,Twenty seven,Il est devenu aveugle.,French,"[""He has gone blind.""]"
,Twenty eight,Il est différent de son frère.,French,"[""He is different from his brother.""]"
,Twenty nine,Il est difficile de répondre à ta question.,French,"[""It is difficult to answer your question.""]"
,Thirty,Il est difficilement amical avec ses compagnons de travail.,French,"[""He is hardly friendly with his fellow workers.""]"
,Thirty one,Il est diplômé de Cambridge avec mention.,French,"[""He graduated from Cambridge with honors.""]"
,Thirty two,Il est DJ.,French,"[""He's a DJ.""]"
,Thirty three,Il est en fait le président de la société.,French,"[""He is actually the president of the company.""]"
,One,Il est en harmonie avec tous ses camarades.,French,"[""He is in harmony with all his comrades.""]"
,Two,Il est en route.,French,"[""He is on his way.""]"
,Three,Il est en train de déjeuner.,French,"[""He's having lunch.""]"
,Four,Il est en train de faire des cookies.,French,"[""He's baking cookies.""]"
,Five,Il est en train de lire un livre.,French,"[""He's reading a book.""]"
,Six,Il est en train de nager.,French,"[""He is swimming.""]"
,Seven,Il est encore ici.,French,"[""He is still here.""]"
,Eight,Il est encore trop tôt.,French,"[""It is still too early.""]"
,Nine,Il est enseignant.,French,"[""He is a teacher.""]"
,Ten,Il est étudiant en droit.,French,"[""He is a law student.""]"
,Eleven,Il est étudiant.,French,"[""He is a student.""]"
,Twelve,Il est faible en chimie.,French,"[""He is weak in chemistry.""]"
,Thirteen,Il est fainéant.,French,"[""He is lazy.""]"
,Fourteen,Il est fier que son père soit un grand scientifique.,French,"[""He is proud that his father is a great scientist.""]"
,Sixteen,Il est fou.,French,"[""He is crazy.""]"
,Seventeen,Il est frais mon poisson !,French,"[""My fish is fresh!""]"
,Eighteen,Il est furieux de ce qu'ils lui ont fait.,French,"[""He is furious at what they did to him.""]"
,Nineteen,Il est génial.,French,"[""He is great.""]"
,Twenty,Il est gentil.,French,"[""He is nice.""]"
,Twenty one,Il est ici !,French,"[""It is here!""]"
,Twenty two,Il est ici pour chercher la bagarre.,French,"[""He is here to look for the fight.""]"
,Twenty three,Il est ici pour moi.,French,"[""He is here for me.""]"
,Twenty four,Il est idiot au point de croire ça ?,French,"[""Is he stupid enough to believe that?""]"
,Twenty five,Il est important de se brosser les dents.,French,"[""It is important to brush your teeth.""]"
,Twenty six,Il est incapable de le faire.,French,"[""He is unable to do so.""]"
,Twenty seven,Il est innocent du crime.,French,"[""He is innocent of the crime.""]"
,Twenty eight,Il est intelligent.,French,"[""He is intelligent.""]"
,Twenty nine,Il est ivre.,French,"[""He is drunk.""]"
,Thirty,Il est jeune et célibataire.,French,"[""He is young and single.""]"
,Thirty one,Il est juste derrière toi.,French,"[""He's right behind you.""]"
,Thirty two,Il est juste là!,French,"[""It is right there!""]"
,Thirty three,Il est le bébé de la famille.,French,"[""He is the baby of the family.""]"
,One,Il est le chef du département de vente.,French,"[""He is the head of the sales department.""]"
,Two,Il est le meilleur joueur de notre équipe.,French,"[""He is the best player on our team.""]"
,Three,Il est loin de chez lui.,French,"[""He is far from home.""]"
,Four,Il est lycéen.,French,"[""He is a high school student.""]"
,Five,Il est maintenant temps de réparer.,French,"[""Now is the time to repair.""]"
,Six,Il est malade.,French,"[""He is ill.""]"
,Seven,Il est malpoli.,French,"[""He's rude.""]"
,Eight,Il est méchant.,French,"[""He's nasty.""]"
,Nine,Il est meilleur que moi au piano.,French,"[""He is better than me at the piano.""]"
,Ten,Il est mieux de donner que de recevoir.,French,"[""It is better to give than to receive.""]"
,Eleven,Il est mon collègue.,French,"[""He is my colleague.""]"
,Twelve,Il est nécessaire que tu ailles voir un docteur.,French,"[""You need to go see a doctor.""]"
,Thirteen,Il est nécessaire que tu viennes ici immédiatement.,French,"[""It is necessary that you come here immediately.""]"
,Fourteen,Il est noir.,French,"[""He is drunk.""]"
,Sixteen,Il est normal de se parler.,French,"[""It is normal to talk to oneself.""]"
,Seventeen,Il est pareil à son père.,French,"[""He's like his father.""]"
,Eighteen,Il est paresseux.,French,"[""He is lazy.""]"
,Nineteen,Il est parti pour rester avec son cousin.,French,"[""He left to stay with his cousin.""]"
,Twenty,Il est parti très loin.,French,"[""He went very far.""]"
,Twenty one,Il est parti voici trois jours.,French,"[""He left three days ago.""]"
,Twenty two,Il est parti.,French,"[""He left.""]"
,Twenty three,Il est passé à l'examen.,French,"[""He passed the exam.""]"
,Twenty four,Il est peintre.,French,"[""He is a painter.""]"
,Twenty five,Il est peu intelligent.,French,"[""He is not very intelligent.""]"
,Twenty six,Il est plus grand que son frère.,French,"[""He is taller than his brother.""]"
,Twenty seven,Il est plus grand que son père.,French,"[""He is taller than his father.""]"
,Twenty eight,Il est précieux pour nous.,French,"[""It is precious to us.""]"
,Twenty nine,Il est presque minuit.,French,"[""It is almost midnight.""]"
,Thirty,Il est presque toujours chez lui.,French,"[""He is almost always at home.""]"
,Thirty one,Il est probablement toujours en vie.,French,"[""He is probably still alive.""]"
,Thirty two,Il est professeur de biologie à Harvard.,French,"[""He is professor of biology at Harvard.""]"
,Thirty three,Il est reporter pour le Time.,French,"[""He is a reporter for Time.""]"
,One,Il est resté chez sa tante.,French,"[""He stayed with his aunt.""]"
,Two,Il est resté silencieux.,French,"[""He remained silent.""]"
,Three,Il est revenu chez lui à dix heures.,French,"[""He came home at ten o'clock.""]"
,Four,Il est revenu ici.,French,"[""He came back here.""]"
,Five,Il est revenu peu après.,French,"[""He returned soon after.""]"
,Six,Il est riche mais il n'est pas heureux.,French,"[""He is rich but he is not happy.""]"
,Seven,Il est scénariste.,French,"[""He is a screenwriter.""]"
,Eight,Il est scientifique.,French,"[""He's a scientist.""]"
,Nine,Il est si mignon !,French,"[""He's so cute!""]"
,Ten,Il est souvent en retard au travail.,French,"[""He is often late for work.""]"
,Eleven,Il est super beau,French,"[""he's very handsome""]"
,Twelve,Il est sur une autre ligne.,French,"[""It is on another line.""]"
,Thirteen,Il est tellement bon !,French,"[""He is so good!""]"
,Fourteen,Il est temps de nettoyer ta chambre.,French,"[""It's time to clean your room.""]"
,Sixteen,Il est temps de partir.,French,"[""It is time to leave.""]"
,Seventeen,Il est temps de partir.,French,"[""It's time to go.""]"
,Eighteen,Il est temps de prendre une décision.,French,"[""It is time to make a decision.""]"
,Nineteen,Il est temps pour moi de te dire la vérité.,French,"[""It is time for me to tell you the truth.""]"
,Twenty,Il est temps pour nous de se préparer.,French,"[""It is time for us to prepare.""]"
,Twenty one,Il est toujours à court de liquide.,French,"[""He is always short of liquid.""]"
,Twenty two,Il est toujours avec moi.,French,"[""He is always with me.""]"
,Twenty three,Il est toujours debout.,French,"[""He is still standing.""]"
,Twenty four,Il est toujours en train de lire.,French,"[""He is still reading.""]"
,Twenty five,Il est toujours en train de rire.,French,"[""He is still laughing.""]"
,Twenty six,Il est toujours en train de se plaindre à propos de son faible salaire.,French,"[""He is still complaining about his low salary.""]"
,Twenty seven,Il est toujours en train de se plaindre que sa chambre est petite.,French,"[""He is always complaining that his room is small.""]"
,Twenty eight,Il est tout à vous.,French,"[""It is all yours.""]"
,Twenty nine,Il est tout neuf.,French,"[""It is brand new.""]"
,Thirty,Il est très amical avec nous.,French,"[""He is very friendly to us.""]"
,Thirty one,Il est très courageux.,French,"[""He is very brave.""]"
,Thirty two,Il est très doué pour jouer du violon.,French,"[""He is very good at playing the violin.""]"
,Thirty three,Il est très honnête.,French,"[""He is very honest.""]"
,One,Il est très jeune.,French,"[""He is very young.""]"
,Two,Il est très malade.,French,"[""He is very ill.""]"
,Three,Il est très prudent.,French,"[""He is very careful.""]"
,Four,Il est trop tôt.,French,"[""It is too early.""]"
,Five,Il est un homme de vision.,French,"[""He is a man of vision.""]"
,Six,Il est venu à mon secours.,French,"[""He came to my rescue.""]"
,Seven,Il est venu de Boston.,French,"[""He came from Boston.""]"
,Eight,Il est venu en voiture.,French,"[""He came by car.""]"
,Nine,Il est venu plusieurs fois.,French,"[""He came several times.""]"
,Ten,Il est venu pour me voir.,French,"[""He came to see me.""]"
,Eleven,Il est vrai que la terre est ronde.,French,"[""It is true that the earth is round.""]"
,Twelve,Il était à peine parti qu'elle a téléphoné à la police.,French,"[""No sooner had he left when she called the police.""]"
,Thirteen,Il était courageux.,French,"[""He was brave.""]"
,Fourteen,Il était dans la douche.,French,"[""He was in the shower.""]"
,Sixteen,Il était dans un état critique.,French,"[""He was in critical condition.""]"
,Seventeen,Il était debout au coin de la rue.,French,"[""He was standing around the corner.""]"
,Eighteen,Il était destiné à ne plus jamais la revoir.,French,"[""He was destined never to see her again.""]"
,Nineteen,Il était embarrassé.,French,"[""He was embarrassed.""]"
,Twenty,Il était en Amérique à ce moment-là.,French,"[""He was in America at the time.""]"
,Twenty one,Il était en faveur de la proposition.,French,"[""He was in favor of the proposal.""]"
,Twenty two,Il était fatigué à ce moment-là.,French,"[""He was tired by then.""]"
,Twenty three,Il était fou de rage.,French,"[""He was mad with rage.""]"
,Twenty four,Il était guidé par ses peurs.,French,"[""He was guided by his fears.""]"
,Twenty five,Il était horriblement pauvre quand il était jeune.,French,"[""He was horribly poor when he was young.""]"
,Twenty six,Il était là pour le travail.,French,"[""He was there for work.""]"
,Twenty seven,Il était loin derrière.,French,"[""He was far behind.""]"
,Twenty eight,Il était né pour être peintre.,French,"[""He was born to be a painter.""]"
,Twenty nine,Il était présent à la réunion.,French,"[""He was present at the meeting.""]"
,Thirty,Il était prêt à affronter son destin.,French,"[""He was ready to face his fate.""]"
,Thirty one,Il était réputé pour être un génie.,French,"[""He was known to be a genius.""]"
,Thirty two,Il était trempé des pieds à la tête.,French,"[""He was soaked from head to toe.""]"
,Thirty three,Il était très patient.,French,"[""He was very patient.""]"
,One,Il faisait chaud et bon dans la maison.,French,"[""It was warm and good in the house.""]"
,Two,il faisait froid,French,"[""it was cold""]"
,Three,Il faisait noir comme dans un four.,French,"[""It was dark as in an oven.""]"
,Four,Il faisait si sombre.,French,"[""It was so dark.""]"
,Five,Il faisait sombre sous le pont.,French,"[""It was dark under the bridge.""]"
,Six,Il faisait très froid hier matin.,French,"[""It was very cold yesterday morning.""]"
,Seven,Il fait à peu près ma taille.,French,"[""He's about my height.""]"
,Eight,il fait beau,French,"[""it's nice weather""]"
,Nine,Il fait ça tout le temps.,French,"[""He does this all the time.""]"
,Ten,Il fait chaud pour la saison.,French,"[""It is hot for the season.""]"
,Eleven,Il fait chaud/froid/noir/beau dehors.,French,"[""It is hot/cold/dark/nice outside.""]"
,Twelve,Il fait froid.,French,"[""It's cold.""]"
,Thirteen,il fait mauvais,French,"[""it's bad weather""]"
,Fourteen,Il fait nuit.,French,"[""It's night.""]"
,Sixteen,Il fait partie du club de football.,French,"[""He is part of the football club.""]"
,Seventeen,Il fait presque six pieds de haut.,French,"[""He is almost six feet tall.""]"
,Eighteen,Il fait sombre dans cette pièce.,French,"[""It is dark in this room.""]"
,Nineteen,Il fait très chaud ici en été.,French,"[""It is very hot here in summer.""]"
,Twenty,Il fait très froid ce soir.,French,"[""It is very cold tonight.""]"
,Twenty one,Il fait très froid maintenant.,French,"[""It is very cold now.""]"
,Twenty two,Il fait une promenade.,French,"[""He takes a walk.""]"
,Twenty three,Il fallait terminer le match après une explosion.,French,"[""The game had to be brought to an end after an explosion.""]"
,Twenty four,Il faut agir pour lutter contre la pauvreté.,French,"[""We must act in order to fight poverty.""]"
,Twenty five,il faut encore du temps,French,"[""I need more time""]"
,Twenty six,Il faut espérer en Dieu.,French,"[""You must trust in God.""]"
,Twenty seven,Il faut espérer.,French,"[""You must have faith.""]"
,Twenty eight,Il faut faire un bon usage de son temps.,French,"[""We must make good use of our time.""]"
,Twenty nine,Il faut que j'y aille,French,"[""I need to go.""]"
,Thirty,Il faut que je te rappelle ta promesse.,French,"[""I need to remind you of your promise.""]"
,Thirty one,Il faut que tu sois prudent.,French,"[""You have to be careful.""]"
,Thirty two,Il faut que tu te caches.,French,"[""You have to hide.""]"
,Thirty three,Il faut s'habituer à l'accent du sud.,French,"[""One must get used to the southern accent.""]"
,One,Il faut se laver avant de manger.,French,"[""You must wash before eating.""]"
,Two,Il faut se rendre à l'évidence.,French,"[""We must face the facts.""]"
,Three,Il fut condamné à mort.,French,"[""He was condemned to death.""]"
,Four,Il gagne deux fois mon salaire.,French,"[""He earns twice my salary.""]"
,Five,Il habite dans le quartier le plus riche de Paris.,French,"[""He lives in the richest district of Paris.""]"
,Six,Il jette la boule.,French,"[""He throws the bowl.""]"
,Seven,Il joue au football.,French,"[""He plays football.""]"
,Eight,Il joue au golf deux ou trois fois par mois.,French,"[""He plays golf two or three times a month.""]"
,Nine,Il joue très bien aux échecs.,French,"[""He plays chess very well.""]"
,Ten,Il joue vraiment bien au football.,French,"[""He plays soccer really well.""]"
,Eleven,Il jouissait d'une santé à toute épreuve.,French,"[""He enjoyed unfailing health.""]"
,Twelve,Il l'a fait volontiers.,French,"[""He did it willingly.""]"
,Thirteen,Il le savait depuis le départ.,French,"[""He knew it from the start.""]"
,Fourteen,Il lui a donné une feuille de papier.,French,"[""He gave her a sheet of paper.""]"
,Sixteen,Il lui reprocha ce qu'il avait fait.,French,"[""He reproached him for what he had done.""]"
,Seventeen,Il lui serra la bras si fort qu'elle en garda une trace pendant trois jours.,French,"[""He squeezed her arm so hard that she had a mark of it for three days.""]"
,Eighteen,Il m'a appris à faire un gâteau.,French,"[""He taught me how to make a cake.""]"
,Nineteen,Il m'a fait marcher.,French,"[""He took me for a ride.""]"
,Twenty,Il m'a frappé le bras.,French,"[""He hit me on the arm.""]"
,Twenty one,Il m'a informé de la situation présente.,French,"[""He has informed me of the present situation.""]"
,Twenty two,Il m'a ordonné de fermer le portail.,French,"[""He ordered me to close the gate.""]"
,Twenty three,il m'a passé ses affaires,French,"[""he passed me his things""]"
,Twenty four,Il m'a pris pour mon frère jumeau.,French,"[""He took me for my twin brother.""]"
,Twenty five,Il mange beaucoup.,French,"[""He eats a lot.""]"
,Twenty six,Il manque de motivation.,French,"[""He lacks motivation.""]"
,Twenty seven,Il marchait tranquillement.,French,"[""He was walking quietly.""]"
,Twenty eight,Il marche au milieu de la rue.,French,"[""He is walking in the middle of the street""]"
,Twenty nine,Il marche sur ses deux jambes.,French,"[""He walks with his two legs.""]"
,Thirty,Il marche très lentement.,French,"[""He walks very slowly.""]"
,Thirty one,Il marche.,French,"[""He believes my joke.""]"
,Thirty two,Il maria sa fille à un banquier.,French,"[""He married his daughter to a banker.""]"
,Thirty three,Il me dit de le rencontrer au restaurant.,French,"[""He tells me to meet him at the restaurant.""]"
,One,Il me dit de le rencontrer chez lui.,French,"[""He tells me to meet him at home.""]"
,Two,Il me dit quand dire oui.,French,"[""He tells me when to say yes.""]"
,Three,Il me faut beaucoup de temps.,French,"[""I need a lot of time.""]"
,Four,Il me faut en prendre note.,French,"[""I must take note of it.""]"
,Five,Il me faut encore acheter du pain.,French,"[""I still have to buy bread.""]"
,Six,Il me faut juste un moment.,French,"[""I just need a moment.""]"
,Seven,Il me faut le voir en entier.,French,"[""I have to see it in full.""]"
,Eight,Il me faut ouvrir la fenêtre.,French,"[""I have to open the window.""]"
,Nine,Il me faut rester ici.,French,"[""I must stay here.""]"
,Ten,Il me faut un casque.,French,"[""I need a helmet.""]"
,Eleven,Il me faut un chapeau.,French,"[""I need a hat.""]"
,Twelve,Il me faut un manteau.,French,"[""I need a coat.""]"
,Thirteen,Il me faut un médecin.,French,"[""I need a doctor.""]"
,Fourteen,Il me faut un miracle.,French,"[""I need a miracle.""]"
,Sixteen,Il me faut un ordinateur.,French,"[""I need a computer.""]"
,Seventeen,Il me faut un sac.,French,"[""I need a bag.""]"
,Eighteen,Il me faut un taxi.,French,"[""I need a taxi.""]"
,Nineteen,Il me faut y aller.,French,"[""I have to go.""]"
,Twenty,Il me le faut.,French,"[""I need it.""]"
,Twenty one,Il me semble que nous devrions partir à présent.,French,"[""It seems to me that we should go now.""]"
,Twenty two,Il me traite en ami.,French,"[""He treats me as a friend.""]"
,Twenty three,"Il mesure 1,81 mètres.",French,"[""He measures 1.81 metres.""]"
,Twenty four,Il n'agit pas comme il devrait.,French,"[""He's not doing as he should.""]"
,Twenty five,Il n'en sait rien.,French,"[""He doesn't know anything about it.""]"
,Twenty six,Il n'est jamais allé à une ville ; c'est un vrai plouc.,French,"[""He's never been to the city; he's a real hick.""]"
,Twenty seven,Il n'y a personne ici.,French,"[""There is nobody here.""]"
,Twenty eight,Il n'y a personne.,French,"[""There is none there.""]"
,Twenty nine,Il n'y a plus de travail.,French,"[""There is no more work.""]"
,Thirty,Il nage bien.,French,"[""He swims well.""]"
,Thirty one,Il ne craignait pas la mort.,French,"[""He did not fear death.""]"
,Thirty two,Il ne dit rien qu'il ne pense.,French,"[""He doesn't say anything he doesn't believe.""]"
,Thirty three,Il ne dort pas.,French,"[""He is not sleeping.""]"
,One,Il ne faut pas fumer dans cette pièce.,French,"[""You must not smoke in this room.""]"
,Two,Il ne faut pas juger une personne à son apparence.,French,"[""You shouldn't judge a person by their appearance.""]"
,Three,Il ne faut pas réveiller le chien qui dort.,French,"[""Do not wake up the sleeping dog.""]"
,Four,Il ne mange les pâtes que le samedi,French,"[""He only eats pasta on Saturday""]"
,Five,Il ne me connaît pas.,French,"[""He doesn't know me.""]"
,Six,Il ne parloit goutte,French,"[""He did not talk at all""]"
,Seven,Il ne pensait pas être observé.,French,"[""He didn't think he was being observed.""]"
,Eight,Il ne pense qu'à celle qu'il aime.,French,"[""He only thinks but of his beloved.""]"
,Nine,Il ne peut dire le vrai du faux.,French,"[""He cannot tell right from wrong.""]"
,Ten,Il ne s'est pas vu partir,French,"[""He has not seen death""]"
,Eleven,Il ne sait pas nager.,French,"[""He does not know how to swim.""]"
,Twelve,Il ne savait pas bien parler français.,French,"[""He did not know how to speak French well.""]"
,Thirteen,Il ne voulait pas se prêter à leurs manœuvres.,French,"[""He didn't want to go along or have anything to do with their schemes.""]"
,Fourteen,il neige,French,"[""it's snowing""]"
,Sixteen,Il neige.,French,"[""It's snowing.""]"
,Seventeen,Il nous a donné le signal pour commencer.,French,"[""He gave us the signal to start.""]"
,Eighteen,Il nous a raconté une histoire tellement drôle que nous avons tous ri.,French,"[""He told us such a funny story that we all laughed.""]"
,Nineteen,Il nous connaît très bien.,French,"[""He knows us very well.""]"
,Twenty,Il nous dit de rester calme.,French,"[""He tells us to stay calm.""]"
,Twenty one,Il nous faut agir.,French,"[""We have to act.""]"
,Twenty two,Il nous faut nous protéger.,French,"[""We have to protect ourselves.""]"
,Twenty three,Il nous faut parler sérieusement.,French,"[""We need to speak seriously.""]"
,Twenty four,Il nous faut une voiture.,French,"[""We need a car.""]"
,Twenty five,Il nous faut y aller.,French,"[""We have to go.""]"
,Twenty six,Il paraissait jeune.,French,"[""He looked young.""]"
,Twenty seven,Il paraît avoir 40 ans.,French,"[""He seems forty years old.""]"
,Twenty eight,Il paraît que tu es bon en français.,French,"[""It seems that you are good at French.""]"
,Twenty nine,Il parle anglais,French,"[""He speaks English""]"
,Thirty,Il parle anglais.,French,"[""He speaks English.""]"
,Thirty one,Il parle comme s'il était un professeur.,French,"[""He speaks as if he were a teacher.""]"
,Thirty two,Il parle français.,French,"[""He speaks French.""]"
,Thirty three,Il parle très bien français.,French,"[""He speaks French very well.""]"
,One,Il partit.,French,"[""He went.""]"
,Two,Il pense beaucoup de choses qu'il ne dit pas.,French,"[""He thinks a lot of things he doesn't say.""]"
,Three,Il pense être plus habile que les autres.,French,"[""He believes being smarter than others.""]"
,Four,Il peut être battu ce soir.,French,"[""He could be beaten this evening.""]"
,Five,Il pleut des cordes ce soir.,French,"[""It's raining heavily tonight.""]"
,Six,Il pleut encore.,French,"[""It's still raining.""]"
,Seven,Il pleut.,French,"[""It's raining.""]"
,Eight,Il pleuvrait ce soir.,French,"[""It might rain tonight.""]"
,Nine,Il portait une canne.,French,"[""He was carrying a cane.""]"
,Ten,Il pourrait pleuvoir demain.,French,"[""It could rain tomorrow.""]"
,Eleven,Il pourrait se casser.,French,"[""It could break.""]"
,Twelve,Il prenait soin de ses semblables.,French,"[""He cared for his kind.""]"
,Thirteen,Il prend sa retraite au printemps prochain.,French,"[""He is retiring next spring.""]"
,Fourteen,Il prend son élan.,French,"[""He is gaining momentum.""]"
,Sixteen,Il présente bien.,French,"[""He looks good.""]"
,Seventeen,Il pressa l'orange afin d'en extraire du jus.,French,"[""He squeezed the orange to extract juice from it.""]"
,Eighteen,Il prit un jour de congé.,French,"[""He took a day off.""]"
,Nineteen,Il regarde la télévision.,French,"[""He watches television.""]"
,Twenty,Il regarde la TV.,French,"[""He's watching TV.""]"
,Twenty one,Il regarde parfois la télé.,French,"[""He sometimes watches TV.""]"
,Twenty two,il rejette la faute sur son patron,French,"[""he laid/put the blame on his boss""]"
,Twenty three,Il ressent ce prix comme la gloire suprême.,French,"[""He feels this prize as the supreme glory.""]"
,Twenty four,Il resta ici un moment.,French,"[""He stayed here a while.""]"
,Twenty five,Il reste deux tâches à finir.,French,"[""There are two things left to finish.""]"
,Twenty six,Il roule en Rolls,French,"[""He drives a Rolls.""]"
,Twenty seven,Il s'agissait de choisir entre les ducs.,French,"[""It was about choosing between the two dukes.""]"
,Twenty eight,Il s'agit d'une motion de censure.,French,"[""It's all about a motion of no confidence.""]"
,Twenty nine,Il s'agit d'une phrase à double sens.,French,"[""It is a phrase of two sentences.""]"
,Thirty,Il s'agit de vous en tirer honorablement.,French,"[""It's all about you getting out of there honorably.""]"
,Thirty one,Il s'appuie sur une canne.,French,"[""He leans on a cane.""]"
,Thirty two,Il s'est approché du trône respectueusement.,French,"[""He approached the throne reverently.""]"
,Thirty three,Il s'est cassé la jambe.,French,"[""He has broken his leg.""]"
,One,Il s'est contenté de manger les restes.,French,"[""He contented himself with eating the leftovers.""]"
,Two,Il s'est imposé vendredi devant Beat Feuz.,French,"[""On Friday he triumphed over Beat Feuz.""]"
,Three,Il s'est remis à fumer.,French,"[""He's started smoking again.""]"
,Four,Il sait comment faire une radio.,French,"[""He knows how to make a radio.""]"
,Five,Il sait jouer de la flûte.,French,"[""He can play the flute.""]"
,Six,Il sait jouer de la trompette.,French,"[""He can play the trumpet.""]"
,Seven,Il sait lire et écrire.,French,"[""He can read and write.""]"
,Eight,Il sait très bien jouer au tennis.,French,"[""He can play tennis very well.""]"
,Nine,Il se fait tard.,French,"[""It is getting late.""]"
,Ten,Il se lève tôt.,French,"[""He gets up early.""]"
,Eleven,Il se met vite en colère.,French,"[""He quickly gets angry.""]"
,Twelve,Il se mit au lit tôt.,French,"[""He went to bed early.""]"
,Thirteen,Il se porte bien.,French,"[""He's in good health.""]"
,Fourteen,Il se prend pour un héros.,French,"[""He thinks he is a hero.""]"
,Sixteen,Il se tenait dans le coin.,French,"[""He stood in the corner.""]"
,Seventeen,Il semble assez content.,French,"[""He seems quite happy.""]"
,Eighteen,Il semble être heureux.,French,"[""He seems to be happy.""]"
,Nineteen,Il semble être malade.,French,"[""He seems to be ill.""]"
,Twenty,Il semble être riche.,French,"[""He seems to be rich.""]"
,Twenty one,Il semble que je sois perdu.,French,"[""I seem to be lost.""]"
,Twenty two,Il semble très agréable.,French,"[""It looks very nice.""]"
,Twenty three,Il semblerait que Jack soit malade.,French,"[""It looks like Jack is sick.""]"
,Twenty four,Il sera bientôt là.,French,"[""He will be here soon.""]"
,Twenty five,Il sera de retour dans une seconde.,French,"[""He will be back in a second.""]"
,Twenty six,Il sera puni.,French,"[""He will be punished.""]"
,Twenty seven,Il sera ravi de te voir.,French,"[""He will be delighted to see you.""]"
,Twenty eight,Il sera toujours dans mon cœur.,French,"[""It will always be in my heart.""]"
,Twenty nine,Il sera très occupé le mois prochain.,French,"[""He will be very busy next month.""]"
,Thirty,Il sera un très bon mari pour elle.,French,"[""He will be a very good husband for her.""]"
,Thirty one,Il te cite souvent.,French,"[""He often quotes you.""]"
,Thirty two,Il te donne le livre.,French,"[""He gives you the book.""]"
,Thirty three,Il te faut sauver la princesse.,French,"[""You have to save the princess.""]"
,One,Il te faut sortir davantage de la maison.,French,"[""You need to get out of the house more.""]"
,Two,Il te faut te retenir.,French,"[""You have to hold back.""]"
,Three,il tient parole,French,"[""he keeps his word""]"
,Four,Il tient un journal en anglais.,French,"[""He keeps a journal in English.""]"
,Five,Il tient un journal intime.,French,"[""He keeps a diary.""]"
,Six,Il tomba à la renverse.,French,"[""He fell backwards.""]"
,Seven,Il tomba en arrière.,French,"[""He fell back.""]"
,Eight,Il travaille à la ferme du matin au soir.,French,"[""He works on the farm from morning to night.""]"
,Nine,Il travaille à peine.,French,"[""He barely works.""]"
,Ten,Il travaille pour une agence de publicité.,French,"[""He works for an advertising agency.""]"
,Eleven,Il va certainement pleuvoir.,French,"[""It will definitely rain.""]"
,Twelve,Il va fêter son quarantième anniversaire demain.,French,"[""He is going to celebrate his 40th anniversary tomorrow.""]"
,Thirteen,Il va le regretter.,French,"[""He will regret it.""]"
,Fourteen,Il va venir chez moi ce soir.,French,"[""He's coming to my house tonight.""]"
,Sixteen,Il va venir dans un instant.,French,"[""He will come in a moment.""]"
,Seventeen,Il vaut mieux prévenir que guérir.,French,"[""Prevention is better than cure.""]"
,Eighteen,il vente / ça souffle,French,"[""the wind is blowing""]"
,Nineteen,Il veut boire quelque chose de froid.,French,"[""He wants to drink something cold.""]"
,Twenty,Il veut étudier la musique et la danse.,French,"[""He wants to study music and dance.""]"
,Twenty one,Il veut passer du temps avec son fils.,French,"[""He wants to spend time with his son.""]"
,Twenty two,Il veut sauver la planète.,French,"[""He wants to save the planet.""]"
,Twenty three,Il veut se procurer un nouveau dictionnaire.,French,"[""He wants to get a new dictionary.""]"
,Twenty four,Il veut toujours avoir le dernier mot.,French,"[""He always wants to have the last word.""]"
,Twenty five,Il veut une pomme.,French,"[""He wants an apple.""]"
,Twenty six,Il veut vivre plus près de la nature.,French,"[""He wants to live closer to nature.""]"
,Twenty seven,Il viendra peut-être.,French,"[""He might come.""]"
,Twenty eight,Il vient à midi.,French,"[""He comes at noon.""]"
,Twenty nine,Il vient ici deux fois par semaine.,French,"[""He comes here twice a week.""]"
,Thirty,Il vient ici une fois par mois.,French,"[""He comes here once a month.""]"
,Thirty one,Il vit au sommet de la colline.,French,"[""He lives on the top of the hill.""]"
,Thirty two,Il vit dans la banlieue de Londres.,French,"[""He lives in the suburbs of London.""]"
,Thirty three,Il vous faudra payer le double.,French,"[""You will have to pay double.""]"
,One,Il vous faut être prêt à tout.,French,"[""You have to be ready for anything.""]"
,Two,Il vous faut faire avec tout ce bruit.,French,"[""You have to deal with all that noise.""]"
,Three,Il vous faut penser à votre famille.,French,"[""You have to think about your family.""]"
,Four,Il vous faut prendre soin de ma veste.,French,"[""You have to take care of my jacket.""]"
,Five,Il vous faut prendre soin de vous.,French,"[""You have to take care of yourself.""]"
,Six,Il vous faut un boulot.,French,"[""You need a job.""]"
,Seven,Il y a beaucoup de gens dans le parc.,French,"[""There are a lot of people in the park.""]"
,Eight,Il y a beaucoup de travail à faire.,French,"[""There is a lot of work to be done.""]"
,Nine,Il y a certainement quelques points qui méritent réflexion.,French,"[""There are certainly a few points that merit consideration.""]"
,Ten,Il y a de la bière à boire.,French,"[""There's some beer to drink.""]"
,Eleven,Il y a de nombreuses choses à faire.,French,"[""There are many things to do.""]"
,Twelve,Il y a des fleurs autour du château.,French,"[""There are flowers around the castle.""]"
,Thirteen,Il y a encore beaucoup à apprendre.,French,"[""There is still much to learn.""]"
,Fourteen,Il y a eu un malentendu.,French,"[""There has been a misunderstanding.""]"
,Sixteen,Il y a ici un restaurant.,French,"[""There is a restaurant here.""]"
,Seventeen,Il y a là un témoin.,French,"[""There is a witness there.""]"
,Eighteen,Il y a pas besoin de paniquer.,French,"[""There's no need to panic.""]"
,Nineteen,Il y a plein de choses à faire.,French,"[""There are plenty of things to do.""]"
,Twenty,Il y a quelques livres sur le bureau.,French,"[""There are a few books on the desk.""]"
,Twenty one,Il y a souvent du brouillard le matin.,French,"[""There is often fog in the morning.""]"
,Twenty two,Il y a suffisamment de pain pour vous tous.,French,"[""There is enough bread for all of you.""]"
,Twenty three,Il y a tellement de gens ici ce soir.,French,"[""There are so many people here tonight.""]"
,Twenty four,Il y a un antidote.,French,"[""There is an antidote.""]"
,Twenty five,Il y a un arrêt de bus pas loin.,French,"[""There is a bus stop nearby.""]"
,Twenty six,Il y a un bureau dans un coin de la pièce.,French,"[""There is a desk in the corner of the room.""]"
,Twenty seven,Il y a un bus toutes les quinze minutes.,French,"[""There is a bus every fifteen minutes.""]"
,Twenty eight,Il y a un chat sous le bureau.,French,"[""There is a cat under the desk.""]"
,Twenty nine,Il y a un château dans ma ville.,French,"[""There is a castle in my town.""]"
,Thirty,Il y a un chemin à travers les champs.,French,"[""There is a path through the fields.""]"
,Thirty one,Il y a un homme à la porte.,French,"[""There is a man at the door.""]"
,Thirty two,Il y a un livre sur la table.,French,"[""There is a book on the table.""]"
,Thirty three,Il y a un message pour toi.,French,"[""There is a message for you.""]"
,One,Il y a un message urgent pour vous.,French,"[""There is an urgent message for you.""]"
,Two,Il y a un paquet pour vous sur la table.,French,"[""There is a package for you on the table.""]"
,Three,Il y a un petit jardin devant ma maison.,French,"[""There is a small garden in front of my house.""]"
,Four,Il y a un peu de vent.,French,"[""There is a bit of wind.""]"
,Five,Il y a un problème ?,French,"[""There is a problem?""]"
,Six,Il y a un sac sur le bureau.,French,"[""There is a bag on the desk.""]"
,Seven,Il y a un téléphone dans ma chambre.,French,"[""There is a telephone in my room.""]"
,Eight,Il y a un temps pour tout.,French,"[""There is a time for everything.""]"
,Nine,Il y a un traître parmi nous.,French,"[""There is a traitor among us.""]"
,Ten,Il y a un vase sur la table.,French,"[""There is a vase on the table.""]"
,Eleven,Il y a une autre question dont nous devons discuter.,French,"[""There is another matter we need to discuss.""]"
,Twelve,Il y a une banque en face de la gare.,French,"[""There is a bank in front of the station.""]"
,Thirteen,Il y a une fuite de gaz.,French,"[""There is a gas leak.""]"
,Fourteen,il y a une grande part de fiction dans son récit,French,"[""his/her account is highly fictional""]"
,Sixteen,Il y a une masse de nuages noirs dans le ciel.,French,"[""There is a mass of dark clouds in the sky.""]"
,Seventeen,Il y a une pomme sur la table.,French,"[""There is an apple on the table.""]"
,Eighteen,Il y a une possibilité de guerre.,French,"[""There is a possibility of war.""]"
,Nineteen,Il y a une subtile différence entre les deux mots.,French,"[""There is a subtle difference between the two words.""]"
,Twenty,Il y avait beaucoup de monde au concert.,French,"[""There were a lot of people at the concert.""]"
,Twenty one,Il y avait deux gâteaux.,French,"[""There were two cakes.""]"
,Twenty two,Il y avait du tonnerre et des éclairs la nuit dernière.,French,"[""There was thunder and lightning last night.""]"
,Twenty three,Il y avait seulement six personnes à la réunion.,French,"[""There were only six people at the meeting.""]"
,Twenty four,Il y avait sur lui une tonne de pression.,French,"[""There was a ton of pressure on him.""]"
,Twenty five,Il y avait un chat sur la table.,French,"[""There was a cat on the table.""]"
,Twenty six,Il y avait un témoin.,French,"[""There was a witness.""]"
,Twenty seven,Il y en a combien ?,French,"[""How many of them are there?""]"
,Twenty eight,Il y est allé en bicyclette.,French,"[""He went there by bicycle.""]"
,Twenty nine,Ils avaient un bateau.,French,"[""They had a boat.""]"
,Thirty,Ils courent maintenant.,French,"[""They are running now.""]"
,Thirty one,Ils doivent bloquer ses adversaires.,French,"[""They must defeat their opponents.""]"
,Thirty two,Ils étaient occupés.,French,"[""They were busy.""]"
,Thirty three,Ils étaient tous en uniforme.,French,"[""They were all in uniform.""]"
,One,Ils étaient tous partis.,French,"[""They were all gone.""]"
,Two,Ils eurent un air soulagé seulement quand il fut en mouvement.,French,"[""They only looked relieved when he was moving.""]"
,Three,Ils font pousser des oranges en Californie.,French,"[""They grow oranges in California.""]"
,Four,Ils font une salade.,French,"[""They make a salad.""]"
,Five,Ils habitent à côté.,French,"[""They live next door.""]"
,Six,Ils jouent aux échecs.,French,"[""They play chess.""]"
,Seven,Ils le méritent.,French,"[""They deserve it.""]"
,Eight,Ils méritent le respect.,French,"[""They deserve respect.""]"
,Nine,Ils ne sont pas morts.,French,"[""They are not dead.""]"
,Ten,Ils ont appelé à mettre fin au combat.,French,"[""They called for an end to the fight.""]"
,Eleven,Ils ont chanté juste.,French,"[""They sang right.""]"
,Twelve,Ils ont des ennuis.,French,"[""They are in trouble.""]"
,Thirteen,Ils ont des jumelles.,French,"[""They have binoculars.""]"
,Fourteen,Ils ont dû avoir un accident.,French,"[""They must have had an accident.""]"
,Sixteen,Ils ont eu une discussion.,French,"[""They had a discussion.""]"
,Seventeen,Ils ont eu une dispute.,French,"[""They had an argument.""]"
,Eighteen,Ils ont eu une réunion.,French,"[""They had a meeting.""]"
,Nineteen,Ils ont fait du bon boulot.,French,"[""They did a good job.""]"
,Twenty,Ils ont fait une bonne chasse.,French,"[""They had a good hunt.""]"
,Twenty one,Ils ont le même goût musical.,French,"[""They have the same taste in music.""]"
,Twenty two,Ils ont menti.,French,"[""They lied.""]"
,Twenty three,Ils ont parlé plusieurs heures avant d'aller se coucher.,French,"[""They spoke several hours before going to sleep.""]"
,Twenty four,Ils ont perdu.,French,"[""They lost.""]"
,Twenty five,Ils ont peu de livres.,French,"[""They have few books.""]"
,Twenty six,Ils ont quatre cours le matin.,French,"[""They have four courses in the morning.""]"
,Twenty seven,ils ont ressuscité le chien,French,"[""they resuscitated the dog""]"
,Twenty eight,Ils ont ressuscité le chien.,French,"[""They resuscitated the dog.""]"
,Twenty nine,Ils ont retrouvé le trésor qu'ils avaient enterré.,French,"[""They re-found the treasure they had buried.""]"
,Thirty,Ils ont ri.,French,"[""They laughed.""]"
,Thirty one,Ils ont tous parlé.,French,"[""They all spoke.""]"
,Thirty two,Ils ont traversé la frontière.,French,"[""They crossed the border.""]"
,Thirty three,Ils ont voté.,French,"[""They voted.""]"
,One,Ils pensent que c'est un jouet.,French,"[""They think it is a toy.""]"
,Two,Ils risquent une peine de prison.,French,"[""They are risking a prison sentence.""]"
,Three,Ils roulent à gauche en Angleterre.,French,"[""They drive on the left in England.""]"
,Four,Ils savent déjà.,French,"[""They already know.""]"
,Five,Ils se sont embrassés.,French,"[""They kissed.""]"
,Six,Ils se sont serrés pour lui faire une place.,French,"[""They squeezed together to make room for him.""]"
,Seven,Ils se tenaient les mains.,French,"[""They were holding hands.""]"
,Eight,Ils sont à moi.,French,"[""They are mine.""]"
,Nine,Ils sont allés au zoo.,French,"[""They went to the zoo.""]"
,Ten,Ils sont au jardin.,French,"[""They are in the garden.""]"
,Eleven,Ils sont avec moi.,French,"[""They are with me.""]"
,Twelve,Ils sont beaux ! Elles sont belles !,French,"[""They are beautiful!""]"
,Thirteen,Ils sont chanteurs.,French,"[""They are singers.""]"
,Fourteen,Ils sont courageux.,French,"[""They are courageous.""]"
,Sixteen,Ils sont dehors.,French,"[""They are outside.""]"
,Seventeen,Ils sont en classe.,French,"[""They are in class.""]"
,Eighteen,Ils sont en faveur de ton plan.,French,"[""They are in favor of your plan.""]"
,Nineteen,Ils sont en train de brûler un tas de feuilles mortes.,French,"[""They are burning a heap of leaves.""]"
,Twenty,Ils sont furieux après vous.,French,"[""They are furious with you.""]"
,Twenty one,Ils sont idiots.,French,"[""They are dumb.""]"
,Twenty two,Ils sont inutiles.,French,"[""They are unnecessary.""]"
,Twenty three,Ils sont jaloux de nous.,French,"[""They are jealous of us.""]"
,Twenty four,Ils sont juste pour toi.,French,"[""They are just for you.""]"
,Twenty five,Ils sont là.,French,"[""They are there.""]"
,Twenty six,ils sont montés dans la voiture,French,"[""they got into the car""]"
,Twenty seven,Ils sont montés dans la voiture.,French,"[""They got into the car.""]"
,Twenty eight,Ils sont tombés.,French,"[""They fell.""]"
,Twenty nine,Ils sont toujours ensemble.,French,"[""They are still together.""]"
,Thirty,Ils sont tous arrivés.,French,"[""They have all arrived.""]"
,Thirty one,Ils sont tous deux dans la pièce.,French,"[""They are both in the room.""]"
,Thirty two,Ils sont très occupés.,French,"[""They are very busy.""]"
,Thirty three,Ils sont trop gras.,French,"[""They are too fat.""]"
,One,Ils veulent la paix.,French,"[""They want peace.""]"
,Two,Ils vivent en paix.,French,"[""They live in peace.""]"
,Three,Ils vont aimer cela.,French,"[""They are going to like it.""]"
,Four,Ils vont bientôt revenir.,French,"[""They will be back soon.""]"
,Five,Irène est fidèle à son mari.,French,"[""Irene is faithful to her husband.""]"
,Six,J'achète une baguette tous les jours.,French,"[""I buy a baguette every day.""]"
,Seven,J'admire ses efforts.,French,"[""I admire his efforts.""]"
,Eight,J'admire votre bravoure.,French,"[""I admire your bravery.""]"
,Nine,J'admire votre détermination.,French,"[""I admire your determination.""]"
,Ten,J'admire votre talent.,French,"[""I admire your talent.""]"
,Eleven,J'adore cette écharpe.,French,"[""I love this scarf.""]"
,Twelve,J'adore cuisiner.,French,"[""I love to cook.""]"
,Thirteen,J'adore pêcher.,French,"[""I love to fish.""]"
,Fourteen,J'adore voyager.,French,"[""I love to travel.""]"
,Sixteen,J'ai à vous parler.,French,"[""I have to talk to you.""]"
,Seventeen,J'ai appris la nouvelle hier soir.,French,"[""I heard the news yesterday evening.""]"
,Eighteen,J'ai arrêté de fumer.,French,"[""I stopped smoking.""]"
,Nineteen,J'ai chaud.,French,"[""I'm hot. I feel hot""]"
,Twenty,J'ai décroché du parti après le chaos de la dernière élection.,French,"[""I left the political party after the chaos of the last election.""]"
,Twenty one,J'ai dû attendre moins de dix minutes.,French,"[""I had to wait less than ten minutes.""]"
,Twenty two,J'ai du mal à m'imaginer ça.,French,"[""I have trouble imagining that.""]"
,Twenty three,J'ai faim.,French,"[""I'm hungry.""]"
,Twenty four,J'ai finalement acheté le jouet.,French,"[""I finally bought the toy.""]"
,Twenty five,J'ai froid.,French,"[""I'm cold.""]"
,Twenty six,J'ai joui sur le drap.,French,"[""I ejaculated on the bed sheet.""]"
,Twenty seven,J'ai le béguin pour elle.,French,"[""I've got a crush on her.""]"
,Twenty eight,J'ai le droit de dormir.,French,"[""I have the right to sleep.""]"
,Twenty nine,J'ai mal à la tête.,French,"[""I have a headache.""]"
,Thirty,J'ai mangé de la viande pour le souper.,French,"[""I ate some meat for dinner.""]"
,Thirty one,J'ai monté les valises.,French,"[""I brought up the cases.""]"
,Thirty two,J'ai ouvert mon parapluie car il pleuvait.,French,"[""I opened my umbrella because it was raining.""]"
,Thirty three,J'ai parlé.,French,"[""I have spoken.""]"
,One,J'ai pas de temps.,French,"[""I don't have any time.""]"
,Two,J'ai passé l'aspirateur dans le salon.,French,"[""I vacuumed the living room.""]"
,Three,J'ai passé les vacances en Espagne.,French,"[""I spent the holidays in Spain.""]"
,Four,J'ai passé une splendide soirée chez toi.,French,"[""I had a great evening at your place.""]"
,Five,J'ai pensé mourir.,French,"[""I thought I was going to die.""]"
,Six,J'ai prêté ma télévision à Paul.,French,"[""I lent my television to Paul.""]"
,Seven,J'ai rayé de la carte.,French,"[""I wiped off the map""]"
,Eight,J'ai refusé de lui serrer la main.,French,"[""I refused to shake his/her hand.""]"
,Nine,J'ai réglé cet achat en espèces.,French,"[""I paid for this purchase in cash.""]"
,Ten,J'ai retrouvé mon ancien ami au bord du lac.,French,"[""I met up with my old friend by the lake.""]"
,Eleven,J'ai réussi l'examen que j'avais passé en avril.,French,"[""I passed the exam that I took in April.""]"
,Twelve,J'ai réussi tous mes examens,French,"[""I passed all my exams""]"
,Thirteen,J'ai risqué ma vie pour toi.,French,"[""I risked my life for you.""]"
,Fourteen,J'ai treize chats.,French,"[""I have thirteen cats.""]"
,Sixteen,J'ai trop mangé.,French,"[""I have eaten too much.""]"
,Seventeen,J'ai un cadeau pour toi.,French,"[""I've got a gift for you.""]"
,Eighteen,J'ai un examen le lendemain de mon mariage,French,"[""I have an exam the day after my wedding""]"
,Nineteen,J'ai un faible pour Schubert.,French,"[""I have a weakness for Schubert.""]"
,Twenty,J'ai utilisé cette assiette.,French,"[""I used this plate.""]"
,Twenty one,J'aime ce mannequin.,French,"[""I like this model.""]"
,Twenty two,J'aime ce siège.,French,"[""I like this seat.""]"
,Twenty three,J'aime cet album.,French,"[""I like this album.""]"
,Twenty four,J'aime dessiner.,French,"[""I like to draw.""]"
,Twenty five,J'aime écouter les nouvelles fraîches du matin.,French,"[""I like listening to the recent news in the morning.""]"
,Twenty six,J'aime écrire au stylo à plume.,French,"[""I like to write with a fountain pen.""]"
,Twenty seven,J'aime également cuisiner.,French,"[""I also like to cook.""]"
,Twenty eight,J'aime également peindre.,French,"[""I also like to paint.""]"
,Twenty nine,J'aime enseigner.,French,"[""I love to teach.""]"
,Thirty,J'aime la couleur orange.,French,"[""I like the color orange.""]"
,Thirty one,J'aime la cuisine française.,French,"[""I like French cooking.""]"
,Thirty two,J'aime le défi.,French,"[""I like the challenge.""]"
,Thirty three,J'aime le miel.,French,"[""I like honey.""]"
,One,J'aime le saumon.,French,"[""I like salmon.""]"
,Two,J'aime les chiens qui sont calmes.,French,"[""I like dogs that are quiet.""]"
,Three,J'aime peindre aussi.,French,"[""I like to paint too.""]"
,Four,J'aime rêver.,French,"[""I like to dream.""]"
,Five,J'aime son amie.,French,"[""I like her/his girlfriend.""]"
,Six,J'aime voyager.,French,"[""I like to travel.""]"
,Seven,J'aimerais avoir 20 dollars.,French,"[""I would like to have 20 dollars.""]"
,Eight,J'aimerais ça.,French,"[""I'd like that.""]"
,Nine,J'apprécie le geste.,French,"[""I appreciate the gesture.""]"
,Ten,J'apprécie profondément votre gentillesse.,French,"[""I deeply appreciate your kindness.""]"
,Eleven,J'apprécie ton enthousiasme.,French,"[""I appreciate your enthusiasm.""]"
,Twelve,J'attache énormément d'importance à ses opinions.,French,"[""I attach a lot of importance to his opinions.""]"
,Thirteen,J'attends mon cousin à la gare.,French,"[""I'm waiting for my cousin at the station.""]"
,Fourteen,J'entends bien régler cette question une bonne fois pour toutes.,French,"[""I fully intend to solve this issue once and for all.""]"
,Sixteen,J'envisage de partir demain matin,French,"[""I intend to leave tomorrow morning""]"
,Seventeen,J'espère participer.,French,"[""I hope to participate.""]"
,Eighteen,J'espère qu'il ne pense pas ce qu'il dit.,French,"[""I hope he doesn't believe what he is saying.""]"
,Nineteen,j'espère qu'il ne pleuvra pas demain,French,"[""I hope it won't be raining tomorrow""]"
,Twenty,J'espère qu'il viendra bientôt.,French,"[""I hope he will come soon.""]"
,Twenty one,J'espère que tu vas bien.,French,"[""I hope you are well.""]"
,Twenty two,J'espère réussir.,French,"[""I hope to succeed.""]"
,Twenty three,J'espère un succès rapide.,French,"[""I hope for quick success""]"
,Twenty four,J'étais furieux.,French,"[""I was furious.""]"
,Twenty five,J'étais passager.,French,"[""I was a passenger.""]"
,Twenty six,J'étais sarcastique.,French,"[""I was sarcastic.""]"
,Twenty seven,J'étais si fatigué ces jours-ci que je n'avais pas le courage de vous écrire.,French,"[""I was so tired those days that I didn't have the energy to write to you.""]"
,Twenty eight,J'étais sobre.,French,"[""I was sober.""]"
,Twenty nine,J'habitais avec lui.,French,"[""I was living with him.""]"
,Thirty,J'habite à Paris.,French,"[""I live in Paris.""]"
,Thirty one,J'habite à trois kilomètres d'ici.,French,"[""I live three kilometers from here.""]"
,Thirty two,J'habite en Angleterre.,French,"[""I live in England.""]"
,Thirty three,J'habite tout près.,French,"[""I live just nearby.""]"
,One,J'insiste sur cela.,French,"[""I insist on this.""]"
,Two,J'interdis cela.,French,"[""I prohibit that.""]"
,Three,J'irai au magasin.,French,"[""I will go to the store.""]"
,Four,J'veux pas travailler.,French,"[""I don't wanna work.""]"
,Five,Jack a fait beaucoup de fautes dans sa composition.,French,"[""Jack made a lot of mistakes in his composition.""]"
,Six,Jack est en chemin pour le succès cette fois-ci.,French,"[""Jack is on his way to success this time around.""]"
,Seven,Jamais n'ai-je vu baleine aussi grande.,French,"[""I have never seen such a large whale.""]"
,Eight,Jane était sur le point de quitter la maison.,French,"[""Jane was about to leave the house.""]"
,Nine,Je bois de l'alcool parce que j'en ai besoin,French,"[""I drink alcohol because I need of it.""]"
,Ten,Je chanterai.,French,"[""I will sing.""]"
,Eleven,Je cherchais la clef.,French,"[""I was looking for the key.""]"
,Twelve,Je cherche du travail.,French,"[""I'm looking for a job.""]"
,Thirteen,Je cherche le gérant.,French,"[""I'm looking for the manager.""]"
,Fourteen,Je choisis ceci.,French,"[""I choose this.""]"
,Sixteen,Je commence à peine.,French,"[""I'm just getting started.""]"
,Seventeen,Je commence à penser que tu es sérieux.,French,"[""I am starting to think that you are serious.""]"
,Eighteen,Je commencerai.,French,"[""I will start.""]"
,Nineteen,Je comprends ce que tu ressens.,French,"[""I understand how you feel.""]"
,Twenty,Je comprends la règle.,French,"[""I understand the rule.""]"
,Twenty one,Je comprends.,French,"[""I understand.""]"
,Twenty two,Je compte devenir ingénieur.,French,"[""I intend to become an engineer.""]"
,Twenty three,Je compte rester chez mon oncle.,French,"[""I plan to stay with my uncle.""]"
,Twenty four,Je conduirai.,French,"[""I will drive.""]"
,Twenty five,Je connais bien cette partie de la ville.,French,"[""I know this part of the city well.""]"
,Twenty six,Je connais bien le sujet.,French,"[""I know the subject well.""]"
,Twenty seven,Je connais ce garçon.,French,"[""I know this boy.""]"
,Twenty eight,Je connais ce quartier.,French,"[""I know this neighborhood.""]"
,Twenty nine,Je connais ces femmes.,French,"[""I know these women.""]"
,Thirty,Je connais cette chanson.,French,"[""I know this song.""]"
,Thirty one,Je connais cette fille.,French,"[""I know this girl.""]"
,Thirty two,Je connais cette histoire.,French,"[""I know this story.""]"
,Thirty three,Je connais la solution.,French,"[""I know the solution.""]"
,One,Je connais la vérité.,French,"[""I know the truth.""]"
,Two,Je connais le nom de cet animal.,French,"[""I know the name of this animal.""]"
,Three,Je connais le poème par cœur.,French,"[""I know the poem by heart.""]"
,Four,Je connais son adresse.,French,"[""I know his address.""]"
,Five,Je connais ton genre.,French,"[""I know your kind.""]"
,Six,Je connais ton père.,French,"[""I know your father.""]"
,Seven,Je connais ton visage.,French,"[""I know your face.""]"
,Eight,Je connais un bon endroit pour dîner.,French,"[""I know a good place to have dinner.""]"
,Nine,Je connais un peu de français.,French,"[""I know a little French.""]"
,Ten,Je connais un raccourci.,French,"[""I know a shortcut.""]"
,Eleven,Je cours deux fois par semaine.,French,"[""I run twice a week.""]"
,Twelve,Je crains que le lac ne soit froid.,French,"[""I fear that the lake is cold.""]"
,Thirteen,Je crains que non.,French,"[""I fear not.""]"
,Fourteen,Je crois à cette histoire.,French,"[""I believe in this story.""]"
,Sixteen,Je crois à la vertu de se lever tôt.,French,"[""I believe in the virtue of getting up early.""]"
,Seventeen,Je crois au destin.,French,"[""I believe in destiny.""]"
,Eighteen,Je crois en Dieu.,French,"[""I believe in God.""]"
,Nineteen,Je crois en Dieu.,French,"[""I believe in god.""]"
,Twenty,Je crois en toi.,French,"[""I believe in you.""]"
,Twenty one,Je crois qu'elle est partie.,French,"[""I think she left.""]"
,Twenty two,Je crois qu'il est innocent.,French,"[""I think he is innocent.""]"
,Twenty three,Je crois que le choix est évident.,French,"[""I think the choice is obvious.""]"
,Twenty four,Je crois que nous avons déjà vu ce film.,French,"[""I think we have already seen this film.""]"
,Twenty five,Je crois que nous avons parlé au téléphone.,French,"[""I think we talked on the phone.""]"
,Twenty six,Je crois que nous en avons vu assez.,French,"[""I think we've seen enough.""]"
,Twenty seven,Je crois que tu aimes ton métier.,French,"[""I think you like your job.""]"
,Twenty eight,Je crois que vous avez mon parapluie.,French,"[""I believe you have my umbrella.""]"
,Twenty nine,Je cuisine en ce moment.,French,"[""I'm cooking right now.""]"
,Thirty,Je déjeune à midi.,French,"[""I have lunch at noon.""]"
,Thirty one,Je dépends de toi.,French,"[""I depend on you.""]"
,Thirty two,Je désire aller en Angleterre.,French,"[""I want to go to England.""]"
,Thirty three,Je désire une chaise.,French,"[""I want a chair.""]"
,One,Je désire voir mon père.,French,"[""I want to see my father.""]"
,Two,Je déteste ça.,French,"[""I hate that.""]"
,Three,Je déteste être en retard.,French,"[""I hate to be late.""]"
,Four,Je déteste Halloween.,French,"[""I hate Halloween.""]"
,Five,Je déteste la chimie.,French,"[""I hate chemistry.""]"
,Six,Je déteste le football.,French,"[""I hate football.""]"
,Seven,Je déteste les haricots.,French,"[""I hate beans.""]"
,Eight,Je devine à ton visage que tu as de bonnes nouvelles.,French,"[""I can tell by your face that you have some good news.""]"
,Nine,Je devrais te dire quelque chose.,French,"[""I should tell you something.""]"
,Ten,Je devrais vous dire quelque chose.,French,"[""I should tell you something.""]"
,Eleven,Je devrais vous féliciter.,French,"[""I should congratulate you.""]"
,Twelve,Je dois admettre que je suis curieux.,French,"[""I must admit that I am curious.""]"
,Thirteen,Je dois aller à une réunion.,French,"[""I have to go to a meeting.""]"
,Fourteen,Je dois aller acheter un journal.,French,"[""I have to go buy a newspaper.""]"
,Sixteen,Je dois bientôt partir.,French,"[""I have to leave soon.""]"
,Seventeen,Je dois deux mois de loyer pour ma chambre.,French,"[""I owe two months rent for my room.""]"
,Eighteen,Je dois en acheter un.,French,"[""I have to buy one.""]"
,Nineteen,Je dois être rentré chez moi pour minuit.,French,"[""I have to be home by midnight.""]"
,Twenty,Je dois étudier.,French,"[""I have to study.""]"
,Twenty one,Je dois faire ça avant les cours.,French,"[""I have to do this before class.""]"
,Twenty two,Je dois faire de mon mieux.,French,"[""I have to do my best.""]"
,Twenty three,Je dois me cacher.,French,"[""I have to hide.""]"
,Twenty four,Je dois me rendre au poste de police.,French,"[""I have to go to the police station.""]"
,Twenty five,Je dois nettoyer la salle de bain.,French,"[""I have to clean the bathroom.""]"
,Twenty six,Je dois obéir.,French,"[""I must obey.""]"
,Twenty seven,Je dois partir demain matin.,French,"[""I have to leave tomorrow morning.""]"
,Twenty eight,Je dois partir maintenant.,French,"[""I have to go now.""]"
,Twenty nine,Je dois partir tôt pour attraper le train.,French,"[""I have to leave early to catch the train.""]"
,Thirty,Je dois passer un autre appel.,French,"[""I have to make another call.""]"
,Thirty one,Je dois passer un autre coup de fil.,French,"[""I have to make another call.""]"
,Thirty two,Je dois passer un coup de téléphone.,French,"[""I need to make a phone call.""]"
,Thirty three,Je dois payer le loyer.,French,"[""I have to pay the rent.""]"
,One,Je dois prendre des médicaments.,French,"[""I have to take medicine.""]"
,Two,Je dois prendre mon déjeuner.,French,"[""I must have my lunch.""]"
,Three,Je dois réduire mes dépenses ce mois-ci.,French,"[""I have to cut my spending this month.""]"
,Four,Je dois rentrer chez moi.,French,"[""I have to go home.""]"
,Five,Je dois te demander quelque chose.,French,"[""I have to ask you something.""]"
,Six,Je dois te parler de ceci.,French,"[""I need to tell you about this.""]"
,Seven,Je dois te parler de quelque chose.,French,"[""I need to talk to you about something.""]"
,Eight,Je dois trouver ma clef.,French,"[""I have to find my key.""]"
,Nine,Je dois trouver un nouveau travail.,French,"[""I have to find a new job.""]"
,Ten,Je dois venir le lundi.,French,"[""I have to come on Monday.""]"
,Eleven,Je dois vous demander quelque chose.,French,"[""I have to ask you something.""]"
,Twelve,Je dois vous prendre le pouls.,French,"[""I have to take your pulse.""]"
,Thirteen,Je dois y aller en personne.,French,"[""I have to go there in person.""]"
,Fourteen,Je dois y aller.,French,"[""I have to go.""]"
,Sixteen,Je fais ça une fois par semaine.,French,"[""I do this once a week.""]"
,Seventeen,Je fais cuire le repas.,French,"[""I'm cooking the meal. / I cook the meal.""]"
,Eighteen,Je fais des courses tous les deux jours.,French,"[""I run errands every two days.""]"
,Nineteen,Je fais du sport tous les jours.,French,"[""I play sports every day.""]"
,Twenty,Je fais encore ça de temps en temps.,French,"[""I still do that from time to time.""]"
,Twenty one,Je fais le ménage.,French,"[""I clean.""]"
,Twenty two,Je fais les courses.,French,"[""I shop.""]"
,Twenty three,Je fais mon devoir.,French,"[""I'm doing my homework.""]"
,Twenty four,Je fais montre de patience.,French,"[""I show patience.""]"
,Twenty five,Je fais partie du club de théâtre.,French,"[""I am part of the theater club.""]"
,Twenty six,Je ferai ma valise.,French,"[""I'll pack my suitcase.""]"
,Twenty seven,Je ferai mon sac.,French,"[""I'll pack my bag.""]"
,Twenty eight,Je ferai une réservation.,French,"[""I will make a reservation.""]"
,Twenty nine,Je gagne 10 euros de l'heure.,French,"[""I earn 10 euros an hour.""]"
,Thirty,Je garde toujours un dictionnaire à portée de main.,French,"[""I always keep a dictionary handy.""]"
,Thirty one,Je jouais au tennis quand j'étais étudiant.,French,"[""I played tennis when I was a student.""]"
,Thirty two,Je jouais au tennis.,French,"[""I was playing tennis.""]"
,Thirty three,Je joue au baseball.,French,"[""I play baseball.""]"
,One,Je joue au tennis de temps en temps.,French,"[""I play tennis from time to time.""]"
,Two,Je joue aux jeux vidéo.,French,"[""I play video games.""]"
,Three,Je joue dans un groupe.,French,"[""I play in a group.""]"
,Four,Je joue un peu de piano.,French,"[""I play a little piano.""]"
,Five,Je jure devant Dieu que cela est vrai.,French,"[""I swear to God that this is true.""]"
,Six,Je l'ai acheté le même jour,French,"[""I bought it the same day""]"
,Seven,Je l'ai baisée parce que je la déteste.,French,"[""I fucked her because I hate her.""]"
,Eight,Je l'ai rayé du tableau.,French,"[""I wiped it off the board.""]"
,Nine,Je l'ai sautée sur mon lit.,French,"[""I jumped her on my bed.""]"
,Ten,Je l'ai vu tricher pendant le devoir surveillé.,French,"[""I saw him cheating during the test.""]"
,Eleven,Je l'aime également beaucoup.,French,"[""I also like it very much.""]"
,Twelve,Je l'avais fait avant.,French,"[""I had done it beforehand.""]"
,Thirteen,Je la connais depuis cinq ans.,French,"[""I have known her for five years.""]"
,Fourteen,Je la connais depuis mon enfance.,French,"[""I have known her since my childhood.""]"
,Sixteen,Je la connais très bien.,French,"[""I know her very well.""]"
,Seventeen,Je la regardais.,French,"[""I looked at her.""]"
,Eighteen,Je laisse cela à votre imagination.,French,"[""I leave that to your imagination.""]"
,Nineteen,Je laisse tomber.,French,"[""I give up.""]"
,Twenty,Je le connais de nom.,French,"[""I know him by name.""]"
,Twenty one,Je le connais par cœur.,French,"[""I know it by heart.""]"
,Twenty two,Je le connais très bien.,French,"[""I know him very well.""]"
,Twenty three,Je le connais.,French,"[""I know him.""]"
,Twenty four,Je le fais pour ma famille.,French,"[""I do it for my family.""]"
,Twenty five,Je le fais toujours.,French,"[""I always do it.""]"
,Twenty six,Je le fais toujours.,French,"[""I still do.""]"
,Twenty seven,Je le fais tout le temps !,French,"[""I do it all the time!""]"
,Twenty eight,Je le fais une fois par an.,French,"[""I do this once a year.""]"
,Twenty nine,Je le ferai.,French,"[""I will do it.""]"
,Thirty,Je le finirai avant demain après-midi.,French,"[""I will finish it before tomorrow afternoon.""]"
,Thirty one,Je le pense aussi.,French,"[""I think so too.""]"
,Thirty two,Je le prends.,French,"[""I take it.""]"
,Thirty three,Je le promets.,French,"[""I promise.""]"
,One,Je le regarderai.,French,"[""I will watch it.""]"
,Two,Je le savais.,French,"[""I knew it.""]"
,Three,Je le veux pas,French,"[""I don't want it""]"
,Four,Je le veux plus que tout au monde.,French,"[""I want it more than anything in the world.""]"
,Five,Je le vois rarement.,French,"[""I rarely see him.""]"
,Six,Je les ai pris par surprise.,French,"[""I took them by surprise.""]"
,Seven,Je les connais.,French,"[""I know them.""]"
,Eight,Je les vois.,French,"[""I see them.""]"
,Nine,Je leur ai demandé de réparer ma voiture.,French,"[""I asked them to repair my car.""]"
,Ten,Je leur dis de ne pas bouger.,French,"[""I tell them not to move.""]"
,Eleven,Je lis des bandes dessinées.,French,"[""I read comics.""]"
,Twelve,Je lis des livres.,French,"[""I read books.""]"
,Thirteen,Je lis souvent des livres.,French,"[""I often read books.""]"
,Fourteen,Je lui ai acheté une cravate.,French,"[""I bought him a tie.""]"
,Sixteen,Je lui ai acheté une horloge.,French,"[""I bought him a clock.""]"
,Seventeen,Je lui ai acheté une poupée.,French,"[""I bought her a doll.""]"
,Eighteen,Je lui ai causé des dommages.,French,"[""I have caused him injury.""]"
,Nineteen,Je lui ai demandé où je pourrais garer ma voiture.,French,"[""I asked him where I could park my car.""]"
,Twenty,Je lui ai dit de venir le jour suivant.,French,"[""I told him to come the next day.""]"
,Twenty one,Je lui ai dit de venir nous rendre visite.,French,"[""I told him to come and visit us.""]"
,Twenty two,Je lui ai dit de venir nous voir.,French,"[""I told him to come see us.""]"
,Twenty three,Je lui ai dit quel était le problème.,French,"[""I told him what the problem was.""]"
,Twenty four,Je lui ai dit quoi faire.,French,"[""I told him what to do.""]"
,Twenty five,Je lui ai donné le livre.,French,"[""I gave the book to him/her.""]"
,Twenty six,Je lui ai donné quelques livres.,French,"[""I gave him some books.""]"
,Twenty seven,Je lui ai donné un livre.,French,"[""I gave him a book.""]"
,Twenty eight,Je lui ai fait porter la valise.,French,"[""I made him carry the suitcase.""]"
,Twenty nine,Je lui ai fait réparer la radio.,French,"[""I had him repair the radio.""]"
,Thirty,Je lui ai montré ma chambre.,French,"[""I showed him my room.""]"
,Thirty one,Je lui ai prêté un CD.,French,"[""I lent him a CD.""]"
,Thirty two,Je lui ai proposé la botte. En vain !,French,"[""I offered to have sex with her. No luck!""]"
,Thirty three,Je lui ai rendu son livre.,French,"[""I gave him his book back.""]"
,One,Je lui ai téléphoné.,French,"[""I called him.""]"
,Two,Je lui ai trouvé un travail.,French,"[""I found him a job.""]"
,Three,Je lui donnerai un stylo.,French,"[""I will give him a pen.""]"
,Four,Je lui donnerai un stylo.,French,"[""I'll give him a pen.""]"
,Five,Je lui pris le bras.,French,"[""I took her arm.""]"
,Six,Je lui rends visite tous les deux jours.,French,"[""I visit him every two days.""]"
,Seven,Je m'attendais à pire.,French,"[""I expected worse.""]"
,Eight,Je m'enregistre à l'hôtel.,French,"[""I'm checking in at the hotel.""]"
,Nine,Je m'entends bien avec elle.,French,"[""I get along well with her.""]"
,Ten,Je m'entends très bien avec ton cousin.,French,"[""I get along very well with your cousin.""]"
,Eleven,Je mange beaucoup de viande.,French,"[""I eat a lot of meat.""]"
,Twelve,Je mange beaucoup.,French,"[""I eat a lot.""]"
,Thirteen,Je mange de la viande presque tous les jours.,French,"[""I eat meat almost every day.""]"
,Fourteen,Je mange des fruits.,French,"[""I eat fruit.""]"
,Sixteen,Je mange du chocolat.,French,"[""I'm eating chocolate.""]"
,Seventeen,Je mange ici tous les jours.,French,"[""I eat here every day.""]"
,Eighteen,Je mange un sandwich.,French,"[""I eat a sandwich.""]"
,Nineteen,Je mange.,French,"[""I eat.""]"
,Twenty,Je mangerai ici.,French,"[""I will eat here.""]"
,Twenty one,Je manque d'espace.,French,"[""I'm a bit short of space.""]"
,Twenty two,Je manque de pratique.,French,"[""I lack practice.""]"
,Twenty three,Je manque de temps.,French,"[""I don't have enough time.""]"
,Twenty four,Je marche toujours.,French,"[""I'm still walking.""]"
,Twenty five,Je marche tous les jours.,French,"[""I walk every day.""]"
,Twenty six,Je me considère chanceux.,French,"[""I consider myself lucky.""]"
,Twenty seven,Je me contente de très peu d'argent.,French,"[""I am content with very little money.""]"
,Twenty eight,Je me demande ce que veut dire cette phrase.,French,"[""I wonder what this sentence means.""]"
,Twenty nine,Je me demande lequel des coureurs finira premier.,French,"[""I wonder which of the runners will finish first.""]"
,Thirty,Je me demande où elle est partie.,French,"[""I wonder where she went.""]"
,Thirty one,Je me demande qui était cette dame.,French,"[""I wonder who this lady was.""]"
,Thirty two,Je me demande quoi faire pour le déjeuner.,French,"[""I wonder what to do for lunch.""]"
,Thirty three,Je me demande si cette rumeur est vraie.,French,"[""I wonder if this rumor is true.""]"
,One,Je me demande si elle sera seule.,French,"[""I wonder if she'll be alone.""]"
,Two,Je me dépêche.,French,"[""I'm in a hurry.""]"
,Three,Je me le rappelle.,French,"[""I remember it.""]"
,Four,Je me nomme Gus.,French,"[""I am called Gus.""]"
,Five,Je me porte mieux.,French,"[""I am feeling better.""]"
,Six,Je me présenterai à la réunion.,French,"[""I will attend the meeting.""]"
,Seven,Je me rappelle ce sentiment.,French,"[""I remember this feeling.""]"
,Eight,Je me rappelle la chaleur de ses bras.,French,"[""I remember the warmth of his arms.""]"
,Nine,Je me sens bien ce matin.,French,"[""I feel good this morning.""]"
,Ten,Je me sens comme en rêve.,French,"[""I feel like in a dream.""]"
,Eleven,Je me sens comme un homme nouveau.,French,"[""I feel like a new man.""]"
,Twelve,Je me sens heureux.,French,"[""I feel happy.""]"
,Thirteen,Je me sens seul.,French,"[""I feel lonely.""]"
,Fourteen,Je me sens soulagé.,French,"[""I feel relieved.""]"
,Sixteen,Je me sens vieux.,French,"[""I feel old.""]"
,Seventeen,Je me sentais très heureux.,French,"[""I felt very happy.""]"
,Eighteen,Je me suis acheté une petite voiture.,French,"[""I bought myself a small car.""]"
,Nineteen,Je me suis allongé sur mon lit.,French,"[""I lay down on my bed.""]"
,Twenty,Je me suis amusé.,French,"[""I had fun.""]"
,Twenty one,Je me suis assis à côté de lui.,French,"[""I sat down next to him.""]"
,Twenty two,Je me suis beaucoup attaché à cet animal.,French,"[""I've gotten very attached to this pet.""]"
,Twenty three,Je me suis brûlé avec une ampoule.,French,"[""I burnt myself on a light bulb.""]"
,Twenty four,Je me suis cassé la jambe.,French,"[""I broke my leg.""]"
,Twenty five,Je me suis corrigé moi-même.,French,"[""I corrected myself.""]"
,Twenty six,Je me suis corrigé tout seul.,French,"[""I corrected myself.""]"
,Twenty seven,Je me suis coupé avec un rasoir.,French,"[""I cut myself with a razor.""]"
,Twenty eight,Je me suis enfermé dehors.,French,"[""I locked myself out of my room.""]"
,Twenty nine,Je me suis éveillé.,French,"[""I woke up.""]"
,Thirty,Je me suis fait avoir.,French,"[""I got screwed.""]"
,Thirty one,Je me suis fait une tasse de café.,French,"[""I made myself a cup of coffee.""]"
,Thirty two,Je me suis levé vers cinq heures.,French,"[""I got up around five o'clock.""]"
,Thirty three,Je me suis mordu la langue.,French,"[""I bit my tongue.""]"
,One,Je me suis perdu.,French,"[""I lost myself.""]"
,Two,Je me suis plu à Paris.,French,"[""I liked it in Paris.""]"
,Three,je me suis pris la main dans la porte,French,"[""I caught my hand in the door""]"
,Four,Je me suis réveillé sur le canapé.,French,"[""I woke up on the couch.""]"
,Five,Je me suis réveillé.,French,"[""I woke up.""]"
,Six,Je me suis senti très gêné.,French,"[""I felt very embarrassed.""]"
,Seven,Je me suis toujours battu pour survivre.,French,"[""I have always fought to survive.""]"
,Eight,Je mets mon pantalon.,French,"[""I put on my pants.""]"
,Nine,Je meurs de soif.,French,"[""I'm dying of thirst.""]"
,Ten,Je n'ai aucune chambre à louer.,French,"[""I have no rooms to rent.""]"
,Eleven,Je n'ai jamais dit être un artiste.,French,"[""I never said I was an artist.""]"
,Twelve,Je n'ai jamais été à un cirque.,French,"[""I have never been to a circus.""]"
,Thirteen,Je n'ai jamais touché au tabac.,French,"[""I've never tried tobacco.""]"
,Fourteen,Je n'ai jamais vu mon chat agir comme ça.,French,"[""I have never seen my cat act like that.""]"
,Sixteen,Je n'ai jamais vu une chose pareille.,French,"[""I've never seen such a thing.""]"
,Seventeen,Je n'ai jamais vu une fleur aussi belle.,French,"[""I have never seen such a beautiful flower.""]"
,Eighteen,Je n'ai pas encore fini.,French,"[""I haven't finished yet.""]"
,Nineteen,Je n'ai pas envie de chanter.,French,"[""I don't want to sing.""]"
,Twenty,je n'ai pas le temps de faire ça,French,"[""I haven't got the time to do that""]"
,Twenty one,Je n'aime pas la façon dont tu me parles.,French,"[""I don't like the way you speak to me.""]"
,Twenty two,Je n'aime pas le rouge. Je prends plutôt le noir.,French,"[""I don't like the red one. I'll take the black one instead.""]"
,Twenty three,Je n'aime pas le thé vert.,French,"[""I don't like green tea.""]"
,Twenty four,Je n'étais pas là en octobre.,French,"[""I was not there in October.""]"
,Twenty five,Je n'ose pas lui dire la vérité.,French,"[""I don't dare tell him the truth.""]"
,Twenty six,Je nage une fois par semaine.,French,"[""I swim once a week.""]"
,Twenty seven,Je ne bois jamais de bière.,French,"[""I never drink beer.""]"
,Twenty eight,Je ne bois plus avant midi.,French,"[""I no longer drink before noon.""]"
,Twenty nine,Je ne comprends pas ce mot.,French,"[""I dont understand this word.""]"
,Thirty,Je ne comprends pas comment toutes les filles ne sont pas lesbiennes.,French,"[""I don't understand how not all girls are lesbians.""]"
,Thirty one,Je ne comprends pas.,French,"[""I do not understand.""]"
,Thirty two,Je ne crois pas avoir dit ça.,French,"[""I don't think I said that.""]"
,Thirty three,je ne crois pas qu'il faille faire cela,French,"[""I don't think this needs to be done""]"
,One,Je ne crois pas que cet enfant est venu seul à Tokyo.,French,"[""I don't believe this child came to Tokyo alone.""]"
,Two,Je ne demande pas la lune.,French,"[""I'm not asking for the moon.""]"
,Three,Je ne fais jamais un discours sans être nerveux.,French,"[""I never give a speech without being nervous.""]"
,Four,Je ne fais que donner un coup de main.,French,"[""I'm just helping out.""]"
,Five,Je ne fume pas.,French,"[""I do not smoke.""]"
,Six,Je ne l'ai jamais vue.,French,"[""I've never seen her.""]"
,Seven,Je ne l'ai pas comptée dans le calcul.,French,"[""I did not include it in the calculation.""]"
,Eight,Je ne le prends pas personnellement.,French,"[""I do not take it personally.""]"
,Nine,Je ne le savais pas.,French,"[""I did not know.""]"
,Ten,Je ne les blâme pas pour ceci.,French,"[""I don't blame them for this.""]"
,Eleven,Je ne leur ai pas dit.,French,"[""I did not tell them.""]"
,Twelve,Je ne leur ai rien donné.,French,"[""I didn't give them anything.""]"
,Thirteen,Je ne leur reproche pas ceci.,French,"[""I don't blame them for this.""]"
,Fourteen,Je ne lis pas trop les journaux.,French,"[""I don't read the newspapers too much.""]"
,Sixteen,Je ne mange que des fruits.,French,"[""I eat only fruits.""]"
,Seventeen,Je ne marche plus.,French,"[""I am no longer in.""]"
,Eighteen,Je ne me rappelle pas du tout de vous.,French,"[""I don't remember you at all.""]"
,Nineteen,Je ne me rappelle plus très bien.,French,"[""I no longer remember very well.""]"
,Twenty,Je ne me soucie pas de lui.,French,"[""I don't care about him.""]"
,Twenty one,Je ne me souviens pas du tout de vous.,French,"[""I don't remember you at all.""]"
,Twenty two,Je ne me suis pas inscrit.,French,"[""I did not register.""]"
,Twenty three,Je ne mets pas de sucre dans mon café.,French,"[""I don't put sugar in my coffee.""]"
,Twenty four,Je ne parierais pas là-dessus.,French,"[""I wouldn't bet on it.""]"
,Twenty five,Je ne parle pas anglais.,French,"[""I do not speak English.""]"
,Twenty six,Je ne parle pas ta langue.,French,"[""I don't speak your language.""]"
,Twenty seven,Je ne pensais pas être là si tôt.,French,"[""I did not expect to be there so early.""]"
,Twenty eight,Je ne pensais pas que vous vous méprendriez sur le sens de mes paroles.,French,"[""I didn't imagine you would be mistaken on the sense of my words.""]"
,Twenty nine,Je ne pense de cette affaire ni bien ni mal.,French,"[""I don't think neither well nor badly of this affair.""]"
,Thirty,Je ne pense pas à vous de cette manière.,French,"[""I don't think of you that way.""]"
,Thirty one,Je ne pense pas la moitié de ce que je dis.,French,"[""I do not think half of what I am saying.""]"
,Thirty two,Je ne pense pas qu'il était franc avec moi.,French,"[""I do not think he was frank with me.""]"
,Thirty three,Je ne pense pas que ce soit le cas.,French,"[""I do not think that is the case.""]"
,One,Je ne pense pas que cela soit assez.,French,"[""I don't think that is enough.""]"
,Two,Je ne pense pas que cette chemise aille avec cette cravate rouge.,French,"[""I don't think this shirt goes with that red tie.""]"
,Three,Je ne pense pas que John soit fait pour ce travail.,French,"[""I don't think John is cut out for this job.""]"
,Four,Je ne peux me permettre de gaspiller le moindre yen.,French,"[""I can't afford to waste a single yen.""]"
,Five,Je ne peux pas bouger.,French,"[""I can not move.""]"
,Six,Je ne peux pas comprendre pourquoi tu es si critique à son égard.,French,"[""I can't understand why you are so critical of her.""]"
,Seven,Je ne peux pas dormir,French,"[""I am not allowed to sleep""]"
,Eight,Je ne peux pas être tenu responsable.,French,"[""I cannot be held responsible.""]"
,Nine,Je ne peux pas l'encaisser.,French,"[""I can't stand him.""]"
,Ten,Je ne peux pas lire ceci.,French,"[""I can't read this.""]"
,Eleven,Je ne peux pas manger davantage.,French,"[""I can't eat more.""]"
,Twelve,Je ne peux pas manger de viande.,French,"[""I can't eat meat.""]"
,Thirteen,Je ne peux pas me passer du café le matin.,French,"[""I can't do without a cup of coffee in the morning.""]"
,Fourteen,Je ne peux pas oublier sa gentillesse.,French,"[""I can't forget his kindness.""]"
,Sixteen,Je ne peux pas partir.,French,"[""I can't leave.""]"
,Seventeen,Je ne peux pas ralentir.,French,"[""I can't slow down.""]"
,Eighteen,Je ne peux pas répondre à toutes les questions.,French,"[""I cannot answer all the questions.""]"
,Nineteen,Je ne peux pas te dire qui nous sommes.,French,"[""I can't tell you who we are.""]"
,Twenty,Je ne peux pas te permettre de faire ça.,French,"[""I can't allow you to do this.""]"
,Twenty one,Je ne peux pas vous aider maintenant.,French,"[""I can't help you now.""]"
,Twenty two,Je ne peux pas vous dire qui nous sommes.,French,"[""I can't tell you who we are.""]"
,Twenty three,Je ne peux pas y aller.,French,"[""I can not go there.""]"
,Twenty four,Je ne peux rien avaler de plus.,French,"[""I can't swallow anything more.""]"
,Twenty five,Je ne peux rien faire.,French,"[""I can not do anything.""]"
,Twenty six,Je ne peux voir cette image sans repenser à mon enfance.,French,"[""I cannot see this image without thinking back to my childhood.""]"
,Twenty seven,Je ne plaisante pas avec lui - c'est mon supérieur,French,"[""I don't make fun of him - he's my senior""]"
,Twenty eight,Je ne pouvais pas contrôler ma colère.,French,"[""I couldn't control my anger.""]"
,Twenty nine,Je ne regarde pas la télé.,French,"[""I do not watch television.""]"
,Thirty,Je ne retrouve plus son nom.,French,"[""I no longer remember his name.""]"
,Thirty one,Je ne reviendrai pas avant un moment.,French,"[""I won't be back for a while.""]"
,Thirty two,Je ne sais même pas cuisiner une omelette.,French,"[""I don't even know how to cook an omelet.""]"
,Thirty three,Je ne sais parler ni français ni allemand.,French,"[""I cannot speak French or German.""]"
,One,Je ne sais pas dormir,French,"[""I am not able to sleep""]"
,Two,Je ne sais pas encore ce que je vais faire.,French,"[""I don't know what to do yet.""]"
,Three,Je ne sais pas encore.,French,"[""I do not know yet.""]"
,Four,Je ne sais pas où tu travailles.,French,"[""I don't know where you work.""]"
,Five,Je ne sais pas où vous travaillez.,French,"[""I don't know where you work.""]"
,Six,Je ne sais pas quoi faire pour l'intéresser...,French,"[""I don't know what to do to interest him/her...""]"
,Seven,Je ne sais pas si je peux le faire.,French,"[""I don't know if I can do it.""]"
,Eight,Je ne sais pas trop.,French,"[""I do not know.""]"
,Nine,Je ne sais pas vraiment.,French,"[""I do not really know.""]"
,Ten,Je ne sais pas.,French,"[""I don't know""]"
,Eleven,Je ne savais pas ce que ça voulait dire.,French,"[""I didn't know what that meant.""]"
,Twelve,Je ne savais pas.,French,"[""I did not know.""]"
,Thirteen,Je ne serai pas chez moi dimanche prochain.,French,"[""I will not be home next Sunday.""]"
,Fourteen,Je ne suis jamais allé en Europe.,French,"[""I have never been to Europe.""]"
,Sixteen,Je ne suis pas cynique à ce point-là.,French,"[""I am not that cynical.""]"
,Seventeen,Je ne suis pas dangereux.,French,"[""I am not dangerous.""]"
,Eighteen,Je ne suis pas du tout fatigué.,French,"[""I am not at all tired.""]"
,Nineteen,Je ne suis pas en forme.,French,"[""I'm not in shape.""]"
,Twenty,Je ne suis pas encore prêt.,French,"[""I'm not ready yet.""]"
,Twenty one,Je ne suis pas fatigué du tout.,French,"[""I am not tired at all.""]"
,Twenty two,Je ne suis pas méchant.,French,"[""I am not mean.""]"
,Twenty three,Je ne suis pas méchant.,French,"[""I'm not mean.""]"
,Twenty four,Je ne suis pas normal.,French,"[""I am not normal.""]"
,Twenty five,Je ne suis pas pressé.,French,"[""I am not in a hurry.""]"
,Twenty six,Je ne suis pas satisfait.,French,"[""I am not satisfied.""]"
,Twenty seven,Je ne suis pas seul.,French,"[""I'm not alone.""]"
,Twenty eight,Je ne suis pas si rapide.,French,"[""I'm not that quick.""]"
,Twenty nine,Je ne suis pas un enseignant.,French,"[""I am not a teacher.""]"
,Thirty,Je ne suis pas un gamin.,French,"[""I am not a kid.""]"
,Thirty one,Je ne te quitterai jamais.,French,"[""I will never leave you.""]"
,Thirty two,Je ne travaille pas.,French,"[""I do not work.""]"
,Thirty three,Je ne trouve pas ma clé.,French,"[""I can't find my key.""]"
,One,Je ne trouve personne à qui demander.,French,"[""I can't find anyone to ask.""]"
,Two,Je ne vais pas le risquer.,French,"[""I'm not going to risk it.""]"
,Three,Je ne vais quasiment jamais dans des musées.,French,"[""I hardly ever go to museums.""]"
,Four,Je ne veux pas jouer.,French,"[""I don't want to play.""]"
,Five,Je ne veux pas la bague.,French,"[""I don't want the ring.""]"
,Six,Je ne veux que ton amour.,French,"[""I only want your love.""]"
,Seven,Je ne viens pas souvent ici.,French,"[""I don't come here often.""]"
,Eight,Je ne vois rien du tout de mon œil droit.,French,"[""I can't see anything with my right eye.""]"
,Nine,Je ne voulais pas être impoli.,French,"[""I didn't mean to be rude.""]"
,Ten,Je ne voulais pas être impolie.,French,"[""I didn't mean to be rude.""]"
,Eleven,Je ne vous ai pas vu depuis des semaines.,French,"[""I haven't seen you for weeks.""]"
,Twelve,Je ne vous ai pas vue depuis des semaines.,French,"[""I haven't seen you for weeks.""]"
,Thirteen,Je ne vous ai pas vues depuis des semaines.,French,"[""I haven't seen you for weeks.""]"
,Fourteen,Je ne vous ai pas vus depuis des semaines.,French,"[""I haven't seen you for weeks.""]"
,Sixteen,Je ne vous blâme pas.,French,"[""I don't blame you.""]"
,Seventeen,Je ne vous comprends pas.,French,"[""I do not understand you.""]"
,Eighteen,Je paie.,French,"[""I pay.""]"
,Nineteen,Je paierai.,French,"[""I will pay.""]"
,Twenty,Je parie contre lui.,French,"[""I bet against him.""]"
,Twenty one,Je parie que tu sais ceci.,French,"[""I bet you know this.""]"
,Twenty two,Je parle anglais.,French,"[""I speak english.""]"
,Twenty three,Je pars à cinq heures,French,"[""I am leaving at five.""]"
,Twenty four,Je pars en voyage.,French,"[""I'm going on a trip.""]"
,Twenty five,Je pars pour Vancouver la semaine prochaine pour voir ma sœur.,French,"[""I'm leaving for Vancouver next week to see my sister.""]"
,Twenty six,Je pars.,French,"[""I leave.""]"
,Twenty seven,Je passe un examen en janvier.,French,"[""I take an exam in January.""]"
,Twenty eight,Je passerai.,French,"[""I will pass.""]"
,Twenty nine,Je paye la facture de téléphone.,French,"[""I pay the phone bill.""]"
,Thirty,Je pensais à aller vous voir hier.,French,"[""I considered to visit you yesterday.""]"
,Thirty one,Je pensais aller vous voir.,French,"[""I fancied paying you a visit.""]"
,Thirty two,Je pensais avoir entendu ta voix.,French,"[""I thought I heard your voice.""]"
,Thirty three,Je pensais avoir vu un fantôme.,French,"[""I thought I saw a ghost.""]"
,One,Je pensais ne jamais entendre ça.,French,"[""I thought I would never hear that.""]"
,Two,Je pensais qu'il était de vos amis.,French,"[""I thought he was a friend.""]"
,Three,Je pensais que c'était juste une métaphore.,French,"[""I thought it was just a metaphor.""]"
,Four,Je pensais que ça pourrait être utile.,French,"[""I thought it might be useful.""]"
,Five,Je pensais que je ferais le petit-déjeuner.,French,"[""I thought I would make breakfast.""]"
,Six,Je pensais que tu avais déjà un ticket.,French,"[""I thought you already had a ticket.""]"
,Seven,Je pense à vous tout le temps.,French,"[""I think about you all the time.""]"
,Eight,Je pense autrement.,French,"[""I think otherwise.""]"
,Nine,Je pense comme vous.,French,"[""I agree with your view.""]"
,Ten,Je pense pouvoir réussir.,French,"[""I think I can succeed.""]"
,Eleven,Je pense que c'est délicieux.,French,"[""I think it's delicious.""]"
,Twelve,Je pense que c'est excitant.,French,"[""I think it's exciting.""]"
,Thirteen,Je pense que c'est fantastique.,French,"[""I think it's fantastic.""]"
,Fourteen,Je pense que c'est fiable.,French,"[""I think it is reliable.""]"
,Sixteen,Je pense que c'est très impressionnant.,French,"[""I think it's very impressive.""]"
,Seventeen,Je pense que c'est très rare.,French,"[""I think it is very rare.""]"
,Eighteen,Je pense que c'est très romantique.,French,"[""I think it's very romantic.""]"
,Nineteen,Je pense que ça aide.,French,"[""I think it helps.""]"
,Twenty,Je pense que ça en vaut le prix.,French,"[""I think it's worth the price.""]"
,Twenty one,Je pense que ça vaut le risque.,French,"[""I think it's worth the risk.""]"
,Twenty two,Je pense que ce que tu fais est dangereux.,French,"[""I think what you are doing is dangerous.""]"
,Twenty three,Je pense que ce serait sympa.,French,"[""I think it would be nice.""]"
,Twenty four,Je pense que Dieu est une femme.,French,"[""I think God is a woman.""]"
,Twenty five,Je pense que je peux réparer ça.,French,"[""I think I can fix this.""]"
,Twenty six,Je pense que je prendrai des vacances cette semaine.,French,"[""I think I'll take a vacation this week.""]"
,Twenty seven,Je pense que le train va bientôt arriver.,French,"[""I think the train will arrive soon.""]"
,Twenty eight,Je pense que nous sommes sur la bonne voie.,French,"[""I think we are on the right track.""]"
,Twenty nine,Je pense que sa vie est en danger.,French,"[""I think his life is in danger.""]"
,Thirty,Je pense que tout est sous contrôle.,French,"[""I think everything is under control.""]"
,Thirty one,Je pense que tu as tort.,French,"[""I think you are wrong.""]"
,Thirty two,Je pense que tu avais démissionné.,French,"[""I think you quit.""]"
,Thirty three,Je pense que tu devrais aller au collège.,French,"[""I think you should go to college.""]"
,One,Je pense que tu devrais aller au lycée.,French,"[""I think you should go to high school.""]"
,Two,Je pense que tu es ivre.,French,"[""I think you are drunk.""]"
,Three,Je pense que tu es sympa.,French,"[""I think you are nice.""]"
,Four,Je pense que tu es un génie.,French,"[""I think you are a genius.""]"
,Five,Je pense que tu es un idiot.,French,"[""I think you are an idiot.""]"
,Six,Je pense que tu me dois une explication.,French,"[""I think you owe me an explanation.""]"
,Seven,Je pense que tu te trompes.,French,"[""I think you are wrong.""]"
,Eight,Je pense que vous avez fait du bon boulot.,French,"[""I think you have done a good job.""]"
,Nine,Je pense que vous avez fait le bon choix.,French,"[""I think you have made the right choice.""]"
,Ten,Je pense que vous avez raison.,French,"[""I think you're right.""]"
,Eleven,Je pense que vous êtes dingue.,French,"[""I think you are crazy.""]"
,Twelve,Je peux avoir un reçu ?,French,"[""Can I get a receipt?""]"
,Thirteen,Je peux bien comprendre ce que tu ressens.,French,"[""I can clearly understand how you feel.""]"
,Fourteen,Je peux comprendre ta langue.,French,"[""I can understand your language.""]"
,Sixteen,Je peux courir avec toi ?,French,"[""Can I run with you?""]"
,Seventeen,Je peux difficilement marcher.,French,"[""I can hardly walk.""]"
,Eighteen,Je peux être là dans dix minutes.,French,"[""I can be there in ten minutes.""]"
,Nineteen,Je peux expliquer cela.,French,"[""I can explain this.""]"
,Twenty,Je peux faire ça en moins de dix minutes.,French,"[""I can do this in less than ten minutes.""]"
,Twenty one,Je peux le confirmer.,French,"[""I can confirm it.""]"
,Twenty two,Je peux le faire avec une main.,French,"[""I can do it with one hand.""]"
,Twenty three,Je peux le faire en la moitié du temps.,French,"[""I can do it in half the time.""]"
,Twenty four,Je peux le faire toute la journée.,French,"[""I can do it all day.""]"
,Twenty five,Je peux le faire toute la nuit.,French,"[""I can do it all night.""]"
,Twenty six,Je peux le remplacer.,French,"[""I can replace it.""]"
,Twenty seven,Je peux lire.,French,"[""I can read.""]"
,Twenty eight,Je peux manger cette pomme ?,French,"[""Can I eat this apple?""]"
,Twenty nine,Je peux marcher.,French,"[""I can walk.""]"
,Thirty,Je peux me voir dans le miroir.,French,"[""I can see myself in the mirror.""]"
,Thirty one,Je peux mettre des choses dans une boîte.,French,"[""I can put things in a box.""]"
,Thirty two,Je peux parler français.,French,"[""I can speak French.""]"
,Thirty three,Je peux prendre un message.,French,"[""I can take a message.""]"
,One,Je peux prendre une douche ?,French,"[""Can I take a shower?""]"
,Two,Je peux presque toucher le plafond.,French,"[""I can almost touch the ceiling.""]"
,Three,Je peux survivre à ça.,French,"[""I can survive this.""]"
,Four,Je peux t'amener chez toi?,French,"[""Can I give you a lift home?""]"
,Five,Je peux t'apprendre la guitare.,French,"[""I can teach you the guitar.""]"
,Six,Je peux te montrer les images.,French,"[""I can show you the pictures.""]"
,Seven,Je peux te parler une minute ?,French,"[""Can I talk to you for a minute?""]"
,Eight,Je peux te voir à 2:30.,French,"[""I can see you at 2:30.""]"
,Nine,Je peux venir ce soir.,French,"[""I can come this evening.""]"
,Ten,Je peux voir la lumière.,French,"[""I can see the light.""]"
,Eleven,Je peux voir le sommet de la montagne.,French,"[""I can see the top of the mountain.""]"
,Twelve,Je peux voir leur maison d'ici.,French,"[""I can see their house from here.""]"
,Thirteen,Je peux voir ton carnet?,French,"[""Can I see your notebook?""]"
,Fourteen,Je peux vous aider.,French,"[""Can I help you.""]"
,Sixteen,Je peux vous attendre.,French,"[""I can wait for you.""]"
,Seventeen,Je peux vous en prêter un si vous voulez.,French,"[""I can lend you one if you want.""]"
,Eighteen,Je peux vous montrer les photos.,French,"[""I can show you the pictures.""]"
,Nineteen,Je préfère encore rester à la maison plutôt que de sortir.,French,"[""I still prefer to stay home rather than go out.""]"
,Twenty,Je préfère le noir.,French,"[""I prefer black.""]"
,Twenty one,Je préfère le thé au café.,French,"[""I prefer tea to coffee.""]"
,Twenty two,Je préfère les chiens.,French,"[""I prefer dogs.""]"
,Twenty three,Je préfère marcher plutôt que de prendre le bus.,French,"[""I prefer to walk rather than take the bus.""]"
,Twenty four,Je préfère marcher.,French,"[""I prefer to walk.""]"
,Twenty five,Je préfère voyager en train plutôt que par avion.,French,"[""I prefer to travel by train rather than by plane.""]"
,Twenty six,Je préfère voyager en train que de voler.,French,"[""I prefer to travel by train than to fly.""]"
,Twenty seven,Je prendrai ton manteau.,French,"[""I'll take your coat.""]"
,Twenty eight,Je prendrai une coupe de champagne.,French,"[""I'll have a glass of champagne.""]"
,Twenty nine,Je prends cela comme un compliment.,French,"[""I take this as a compliment.""]"
,Thirty,Je prends le chemin de la maison.,French,"[""I take the way to the house.""]"
,Thirty one,Je prends mon petit-déjeuner à sept heures.,French,"[""I have breakfast at seven o'clock.""]"
,Thirty two,Je prends soin de moi.,French,"[""I take care of myself.""]"
,Thirty three,Je prends un bain tous les jours.,French,"[""I take a bath every day.""]"
,One,Je prépare le thé.,French,"[""I prepare the tea.""]"
,Two,Je prévois de ne jamais me marier.,French,"[""I plan to never get married.""]"
,Three,Je pris le contrôle de la situation.,French,"[""I took control of the situation.""]"
,Four,Je pris un taxi pour la gare.,French,"[""I took a taxi to the station.""]"
,Five,Je promène mon chien dans le parc tous les matins.,French,"[""I walk my dog ​​in the park every morning.""]"
,Six,Je promets de faire de mon mieux.,French,"[""I promise to do my best.""]"
,Seven,Je promets de ne pas chanter.,French,"[""I promise not to sing.""]"
,Eight,Je quitte la maison tous les matins avant huit heures.,French,"[""I leave the house every morning before eight o'clock.""]"
,Nine,Je ramène une pizza chez moi.,French,"[""I bring a pizza home.""]"
,Ten,Je recommande ceci.,French,"[""I recommend this.""]"
,Eleven,Je refuse de le permettre.,French,"[""I refuse to allow it.""]"
,Twelve,Je refuse de répondre à la question.,French,"[""I refuse to answer the question.""]"
,Thirteen,Je regardais un documentaire.,French,"[""I was watching a documentary.""]"
,Fourteen,Je regarde la télévision.,French,"[""I'm watching TV.""]"
,Sixteen,Je rentre chez moi.,French,"[""I am going home.""]"
,Seventeen,Je respecte les personnes âgées.,French,"[""I respect the elderly.""]"
,Eighteen,Je ressens la conscience du devoir.,French,"[""I feel the awareness of duty.""]"
,Nineteen,Je ressens la même chose que toi.,French,"[""I feel the same as you.""]"
,Twenty,Je resterai près de la porte.,French,"[""I will stay near the door.""]"
,Twenty one,Je reviendrai.,French,"[""I'll be back.""]"
,Twenty two,Je reviens à dix heures.,French,"[""I come back at ten o'clock.""]"
,Twenty three,Je reviens bientôt.,French,"[""I'll be back soon.""]"
,Twenty four,Je revis avec ma mère.,French,"[""I'm living with my mother again.""]"
,Twenty five,Je sais bien cuisiner.,French,"[""I know how to cook well.""]"
,Twenty six,Je sais ce que je veux faire.,French,"[""I know what I want to do.""]"
,Twenty seven,Je sais ce que tu sais.,French,"[""I know what you know.""]"
,Twenty eight,Je sais ce que vous avez fait.,French,"[""I know what you have done.""]"
,Twenty nine,Je sais comment le faire.,French,"[""I know how to do it.""]"
,Thirty,Je sais comment traiter une dame.,French,"[""I know how to treat a lady.""]"
,Thirty one,Je sais comment tu dois te sentir.,French,"[""I know how you should feel.""]"
,Thirty two,Je sais comment utiliser ça.,French,"[""I know how to use this.""]"
,Thirty three,Je sais cuisiner.,French,"[""I know how to cook.""]"
,One,Je sais déjà comment faire ça.,French,"[""I already know how to do this.""]"
,Two,Je sais exactement ce que je vais faire.,French,"[""I know exactly what I'm going to do.""]"
,Three,Je sais jouer au football.,French,"[""I can play football.""]"
,Four,Je sais lire.,French,"[""I know how to read.""]"
,Five,Je sais nager,French,"[""I can swim""]"
,Six,Je sais nager rapidement.,French,"[""I can swim quickly.""]"
,Seven,Je sais nager.,French,"[""I can swim.""]"
,Eight,Je sais où elle est.,French,"[""I know where she is.""]"
,Nine,Je sais où est la clef.,French,"[""I know where the key is.""]"
,Ten,Je sais pourquoi il a fait ça.,French,"[""I know why he did this.""]"
,Eleven,Je sais que c'est une expérience.,French,"[""I know it is an experience.""]"
,Twelve,Je sais que ça doit être un choc.,French,"[""I know it must be a shock.""]"
,Thirteen,Je sais que je suis assez bon.,French,"[""I know I am good enough.""]"
,Fourteen,Je sais que tu as un secret.,French,"[""I know you have a secret.""]"
,Sixteen,Je sais que tu as une nana.,French,"[""I know you have a girl.""]"
,Seventeen,Je sais que tu dis la vérité.,French,"[""I know you are telling the truth.""]"
,Eighteen,Je sais que tu es content.,French,"[""I know you are happy.""]"
,Nineteen,Je sais que tu es intelligent.,French,"[""I know you are smart.""]"
,Twenty,Je sais que tu es là.,French,"[""I know you are there.""]"
,Twenty one,Je sais que tu es le patron.,French,"[""I know you are the boss.""]"
,Twenty two,Je sais que tu es riche.,French,"[""I know you are rich.""]"
,Twenty three,Je sais que tu es un espion.,French,"[""I know you are a spy.""]"
,Twenty four,Je sais que tu me crois.,French,"[""I know you believe me.""]"
,Twenty five,Je sais que tu veux être riche.,French,"[""I know you want to be rich.""]"
,Twenty six,Je sais que vous avez pris un avocat.,French,"[""I know you have taken a lawyer.""]"
,Twenty seven,Je sais que vous avez une arme.,French,"[""I know you have a weapon.""]"
,Twenty eight,Je sais que vous êtes en congé.,French,"[""I know you are on leave.""]"
,Twenty nine,Je sais que vous êtes riche.,French,"[""I know you are rich.""]"
,Thirty,Je sais que vous voulez mon bonheur.,French,"[""I know you want my happiness.""]"
,Thirty one,Je sais quel est votre nom.,French,"[""I know what your name is.""]"
,Thirty two,Je sais qui est le voleur.,French,"[""I know who the thief is.""]"
,Thirty three,Je sais qui est mon ennemi.,French,"[""I know who my enemy is.""]"
,One,Je sais quoi faire.,French,"[""I know what to do.""]"
,Two,Je sais skier.,French,"[""I can ski.""]"
,Three,Je sais.,French,"[""I know.""]"
,Four,Je saute sur mon lit.,French,"[""I'm jumping on my bed.""]"
,Five,Je savais que cela allait être une aventure.,French,"[""I knew it was going to be an adventure.""]"
,Six,Je savais que tu viendrais.,French,"[""I knew you would come.""]"
,Seven,Je sens le café.,French,"[""I smell the coffee.""]"
,Eight,Je sens le gaz.,French,"[""I smell gas.""]"
,Nine,Je sens que quelque chose ne va pas.,French,"[""I feel that something is wrong.""]"
,Ten,Je serai dans le camion.,French,"[""I will be in the truck.""]"
,Eleven,Je serai de retour à sept heures.,French,"[""I will be back at seven o'clock.""]"
,Twelve,Je serai de retour à six heures.,French,"[""I will be back at six.""]"
,Thirteen,Je serai de retour dans environ une heure.,French,"[""I will be back in about an hour.""]"
,Fourteen,Je serai de retour dans quelques minutes.,French,"[""I'll be back in a few minutes.""]"
,Sixteen,Je serai là sans tarder.,French,"[""I will be there without delay.""]"
,Seventeen,Je serai là-bas lundi soir.,French,"[""I will be there Monday evening.""]"
,Eighteen,Je serai plus prudent.,French,"[""I will be more careful.""]"
,Nineteen,Je serai très heureux de pouvoir te servir.,French,"[""I will be very happy to be able to serve you.""]"
,Twenty,Je serai très prudent.,French,"[""I will be very careful.""]"
,Twenty one,Je serai vite de retour.,French,"[""I'll be back soon.""]"
,Twenty two,Je serais content de venir.,French,"[""I would be happy to come.""]"
,Twenty three,Je serais ravi de coopérer.,French,"[""I would be happy to cooperate.""]"
,Twenty four,Je souhaite être riche.,French,"[""I wish to be rich.""]"
,Twenty five,Je souhaite vivre dans le confort.,French,"[""I want to live in comfort.""]"
,Twenty six,Je souhaiterais avoir un ami comme toi.,French,"[""I wish I had a friend like you.""]"
,Twenty seven,Je souhaiterais être jeune.,French,"[""I wish I was young.""]"
,Twenty eight,Je souhaiterais être un oiseau.,French,"[""I wish I was a bird.""]"
,Twenty nine,Je soutiens la motion.,French,"[""I support the motion.""]"
,Thirty,Je suis à la prison.,French,"[""I am in prison.""]"
,Thirty one,Je suis à Londres.,French,"[""I'm in London.""]"
,Thirty two,Je suis à votre service.,French,"[""I am at your service.""]"
,Thirty three,Je suis à vous dans un instant.,French,"[""I'm with you in a moment.""]"
,One,Je suis à vous dans une minute.,French,"[""I'll be with you in a minute.""]"
,Two,Je suis à vous dans une seconde.,French,"[""I'm yours in a second.""]"
,Three,Je suis allé au magasin.,French,"[""I went to the store.""]"
,Four,Je suis allé au parc ce matin.,French,"[""I went to the park this morning.""]"
,Five,Je suis allé au supermarché.,French,"[""I went to the supermarket.""]"
,Six,Je suis allé au zoo.,French,"[""I went to the zoo.""]"
,Seven,Je suis allé directement au lit.,French,"[""I went straight to bed.""]"
,Eight,Je suis allé pêcher dans la rivière hier.,French,"[""I went fishing in the river yesterday.""]"
,Nine,Je suis allé pêcher.,French,"[""I went fishing.""]"
,Ten,Je suis allergique au maïs.,French,"[""I am allergic to corn.""]"
,Eleven,Je suis allergique au pollen.,French,"[""I am allergic to pollen.""]"
,Twelve,Je suis allergique aux chats.,French,"[""I am allergic to cats.""]"
,Thirteen,Je suis allergique aux chiens.,French,"[""I am allergic to dogs.""]"
,Fourteen,Je suis américain.,French,"[""I am American.""]"
,Sixteen,Je suis américain.,French,"[""I'm American.""]"
,Seventeen,Je suis armé.,French,"[""I am armed.""]"
,Eighteen,Je suis arrivé à temps pour le train.,French,"[""I arrived in time for the train.""]"
,Nineteen,Je suis assez content avec toi.,French,"[""I'm pretty happy with you.""]"
,Twenty,Je suis assez grand pour vivre par mes propres moyens.,French,"[""I am old enough to live on my own.""]"
,Twenty one,Je suis attirée par lui.,French,"[""I am drawn to him.""]"
,Twenty two,Je suis au téléphone.,French,"[""I'm on the phone.""]"
,Twenty three,Je suis avec vous.,French,"[""I am with you.""]"
,Twenty four,Je suis aveugle.,French,"[""I am blind.""]"
,Twenty five,Je suis bec sucré.,French,"[""I have a sweet tooth.""]"
,Twenty six,Je suis bon en chant.,French,"[""I am good at singing.""]"
,Twenty seven,Je suis bon en ski.,French,"[""I am good at skiing.""]"
,Twenty eight,Je suis calme.,French,"[""I am calm.""]"
,Twenty nine,Je suis chaud.,French,"[""I'm horny.""]"
,Thirty,Je suis chez moi.,French,"[""I am at home.""]"
,Thirty one,Je suis conscient de tout cela.,French,"[""I am aware of all of this.""]"
,Thirty two,Je suis content de te voir ici.,French,"[""I'm glad to see you here.""]"
,Thirty three,Je suis content.,French,"[""I am happy.""]"
,One,Je suis contre la guerre.,French,"[""I am against war.""]"
,Two,Je suis crevé.,French,"[""I'm tired.""]"
,Three,Je suis curieux.,French,"[""I am curious.""]"
,Four,Je suis dans la baignoire.,French,"[""I am in the tub.""]"
,Five,Je suis dans la baignoire.,French,"[""I am in the bathtub.""]"
,Six,Je suis dans la maison.,French,"[""I am in the house.""]"
,Seven,Je suis dans la voiture.,French,"[""I am in the car.""]"
,Eight,Je suis dans le pétrin.,French,"[""I am in trouble.""]"
,Nine,Je suis dans un endroit.,French,"[""I am in a place.""]"
,Ten,Je suis de la côte Ouest.,French,"[""I am from the west coast.""]"
,Eleven,Je suis de Singapour.,French,"[""I am from Singapore.""]"
,Twelve,Je suis déçu.,French,"[""I'm disappointed.""]"
,Thirteen,Je suis déjà marié.,French,"[""I am already married.""]"
,Fourteen,Je suis désolé pour ce malentendu.,French,"[""I am sorry for this misunderstanding.""]"
,Sixteen,Je suis désolé.,French,"[""I am sorry.""]"
,Seventeen,Je suis devenu directeur.,French,"[""I became a director.""]"
,Eighteen,Je suis devenu malade.,French,"[""I got sick.""]"
,Nineteen,Je suis devenu occupé.,French,"[""I have become busy.""]"
,Twenty,Je suis disponible.,French,"[""I am available.""]"
,Twenty one,Je suis divorcé.,French,"[""I'm divorced.""]"
,Twenty two,Je suis dur à cuire.,French,"[""I'm badass.""]"
,Twenty three,Je suis employé de banque.,French,"[""I am a bank employee.""]"
,Twenty four,Je suis en avance.,French,"[""I'm early.""]"
,Twenty five,Je suis en chemin pour mon travail.,French,"[""I am on my way to work.""]"
,Twenty six,Je suis en chemin.,French,"[""I am on my way.""]"
,Twenty seven,Je suis en formation.,French,"[""I am in training.""]"
,Twenty eight,Je suis en forme.,French,"[""I'm in good shape.""]"
,Twenty nine,Je suis en retard à cause de la pluie.,French,"[""I am late because of the rain.""]"
,Thirty,Je suis en retard.,French,"[""I am late.""]"
,Thirty one,Je suis en train de lire un livre.,French,"[""I'm reading a book.""]"
,Thirty two,Je suis en train de mentir.,French,"[""I am lying.""]"
,Thirty three,Je suis en train de perdre.,French,"[""I am losing.""]"
,One,Je suis en vacances.,French,"[""I am on holiday.""]"
,Two,Je suis en vie et en bonne santé.,French,"[""I am alive and in good health.""]"
,Three,Je suis enchanté de vous rencontrer.,French,"[""I am delighted to meet you.""]"
,Four,Je suis encore sous le choc.,French,"[""I am still shocked.""]"
,Five,Je suis encore sous le choc.,French,"[""I am still in shock.""]"
,Six,Je suis épuisé.,French,"[""I'm exhausted.""]"
,Seven,Je suis étranger ici.,French,"[""I am a foreigner here.""]"
,Eight,Je suis étudiant.,French,"[""I am a student.""]"
,Nine,Je suis facile à vivre.,French,"[""I am easy to get along with.""]"
,Ten,Je suis fatigué de regarder la télé.,French,"[""I am tired of watching TV.""]"
,Eleven,Je suis fauché.,French,"[""I'm broke.""]"
,Twelve,Je suis fier de faire partie de ce projet.,French,"[""I am proud to be part of this project.""]"
,Thirteen,Je suis fier de mon fils.,French,"[""I am proud of my son.""]"
,Fourteen,Je suis fier de participer à ce projet.,French,"[""I am proud to participate in this project.""]"
,Sixteen,Je suis fier de toi.,French,"[""I'm proud of you.""]"
,Seventeen,Je suis finalement arrivé à réparer cette porte.,French,"[""I finally managed to repair that door.""]"
,Eighteen,Je suis flic.,French,"[""I'm a cop.""]"
,Nineteen,Je suis fort en anglais,French,"[""I am good at English""]"
,Twenty,Je suis fort.,French,"[""I am strong.""]"
,Twenty one,Je suis français.,French,"[""I am French.""]"
,Twenty two,Je suis furieux contre vous deux.,French,"[""I am furious with both of you.""]"
,Twenty three,Je suis gelé.,French,"[""I am frozen.""]"
,Twenty four,Je suis guéri.,French,"[""I am cured.""]"
,Twenty five,Je suis gynécologue de formation.,French,"[""I'm a trainee gynecologist.""]"
,Twenty six,Je suis heureux avec ce que je possède.,French,"[""I am happy with what I have.""]"
,Twenty seven,Je suis heureux de te voir.,French,"[""I am happy to see you.""]"
,Twenty eight,Je suis heureux de vous rencontrer à nouveau.,French,"[""I am happy to meet you again.""]"
,Twenty nine,Je suis ici avec un ami.,French,"[""I am here with a friend.""]"
,Thirty,Je suis ici pour voir le gérant.,French,"[""I'm here to see the manager.""]"
,Thirty one,Je suis jamais venu ici auparavant.,French,"[""I have never been here before.""]"
,Thirty two,Je suis Japonais.,French,"[""I am Japanese.""]"
,Thirty three,Je suis juste un autre homme.,French,"[""I'm just another man.""]"
,One,Je suis là depuis un an.,French,"[""I have been there for a year.""]"
,Two,Je suis là depuis une heure.,French,"[""I have been there for an hour.""]"
,Three,Je suis là pour te protéger.,French,"[""I am here to protect you.""]"
,Four,Je suis là pour vous aider.,French,"[""I am here to help you.""]"
,Five,Je suis le capitaine de ce bateau.,French,"[""I am the captain of this boat.""]"
,Six,Je suis le capitaine.,French,"[""I am the captain.""]"
,Seven,Je suis le chef de cette équipe.,French,"[""I am the leader of this team.""]"
,Eight,Je suis le chirurgien.,French,"[""I am the surgeon.""]"
,Nine,Je suis le plus grand de la classe.,French,"[""I am the tallest in the class.""]"
,Ten,Je suis le professeur.,French,"[""I am the teacher.""]"
,Eleven,Je suis le second de trois enfants.,French,"[""I am the second of three children.""]"
,Twelve,Je suis le seul robot dans ce coin.,French,"[""I am the only robot around here.""]"
,Thirteen,Je suis libre maintenant.,French,"[""I'm free now.""]"
,Fourteen,Je suis loin de chez moi.,French,"[""I am far from home.""]"
,Sixteen,Je suis loyal.,French,"[""I am loyal.""]"
,Seventeen,Je suis maigrichon.,French,"[""I am skinny.""]"
,Eighteen,Je suis mal barré.,French,"[""I'm badly off.""]"
,Nineteen,Je suis malade.,French,"[""I am sick.""]"
,Twenty,Je suis médecin.,French,"[""I am a doctor.""]"
,Twenty one,Je suis membre de ce club de musique.,French,"[""I am a member of this music club.""]"
,Twenty two,Je suis mince.,French,"[""I am slim.""]"
,Twenty three,Je suis mouillé.,French,"[""I'm wet.""]"
,Twenty four,Je suis né sur un bateau.,French,"[""I was born on a boat.""]"
,Twenty five,Je suis occupé.,French,"[""I'm busy.""]"
,Twenty six,Je suis orphelin.,French,"[""I am an orphan.""]"
,Twenty seven,Je suis partante pour une partie d'échecs.,French,"[""I'm up for a game of chess.""]"
,Twenty eight,Je suis parti.,French,"[""I went.""]"
,Twenty nine,Je suis partie à la chasse et faut vous autres se comportes bien.,French,"[""I'm going hunting and y'all need to behave yourselves.""]"
,Thirty,je suis passé par la poste ce matin,French,"[""I went by the post office this morning""]"
,Thirty one,Je suis passé pour dire bonjour.,French,"[""I came by to say hello.""]"
,Thirty two,Je suis plus grand que toi.,French,"[""I am taller than you.""]"
,Thirty three,Je suis plus vieux que lui.,French,"[""I am older than him.""]"
,One,Je suis pour ainsi dire heureux.,French,"[""I am so to speak happy.""]"
,Two,Je suis presque prêt.,French,"[""I am almost ready.""]"
,Three,Je suis prêt !,French,"[""I'm ready!""]"
,Four,Je suis prêt.,French,"[""I'm ready.""]"
,Five,Je suis professeur.,French,"[""I am a teacher.""]"
,Six,Je suis profondément offensé par ceci.,French,"[""I am deeply offended by this.""]"
,Seven,Je suis quasiment prêt.,French,"[""I am almost ready.""]"
,Eight,Je suis raisonnable.,French,"[""I am reasonable.""]"
,Nine,Je suis ravi.,French,"[""I am delighted.""]"
,Ten,Je suis rentré en moi-même.,French,"[""I came back to myself.""]"
,Eleven,Je suis rentré le premier à la maison.,French,"[""I was the first to get home.""]"
,Twelve,Je suis resté à la maison.,French,"[""I remained at home.""]"
,Thirteen,Je suis resté.,French,"[""I stayed.""]"
,Fourteen,Je suis revenu avec lui.,French,"[""I have returned with him.""]"
,Sixteen,Je suis saoul.,French,"[""I'm drunk.""]"
,Seventeen,Je suis satisfait.,French,"[""I am satisfied.""]"
,Eighteen,Je suis sensible.,French,"[""I am sensitive.""]"
,Nineteen,Je suis sérieux.,French,"[""I'm serious.""]"
,Twenty,Je suis seul.,French,"[""I am alone.""]"
,Twenty one,Je suis simplement fatigué.,French,"[""I am just tired.""]"
,Twenty two,Je suis sincère.,French,"[""I am sincere.""]"
,Twenty three,Je suis sobre depuis trois ans.,French,"[""I have been sober for three years.""]"
,Twenty four,Je suis sobre.,French,"[""I am sober.""]"
,Twenty five,Je suis sorti de l'école.,French,"[""I came out of school.""]"
,Twenty six,Je suis soûl.,French,"[""I am drunk.""]"
,Twenty seven,Je suis strict.,French,"[""I am strict.""]"
,Twenty eight,Je suis sûr de son nom.,French,"[""I am sure of his name.""]"
,Twenty nine,Je suis sur le balcon.,French,"[""I am on the balcony.""]"
,Thirty,Je suis sur le départ.,French,"[""I'm on the start.""]"
,Thirty one,Je suis sur le point de partir.,French,"[""I am about to leave.""]"
,Thirty two,Je suis sûr que je peux le faire.,French,"[""I am sure I can do it.""]"
,Thirty three,Je suis sûr que nous pouvons arranger ça.,French,"[""I'm sure we can fix this.""]"
,One,Je suis sûr.,French,"[""I am on.""]"
,Two,Je suis terriblement désolé.,French,"[""I am terribly sorry.""]"
,Three,Je suis timide.,French,"[""I am shy.""]"
,Four,Je suis tombé.,French,"[""I fell.""]"
,Five,Je suis ton chef.,French,"[""I am your boss.""]"
,Six,Je suis ton partenaire.,French,"[""I am your partner.""]"
,Seven,Je suis toujours occupé.,French,"[""I am always busy.""]"
,Eight,Je suis tout seul.,French,"[""I'm all alone.""]"
,Nine,Je suis tranquille.,French,"[""I am calm.""]"
,Ten,Je suis très fatigué.,French,"[""I am very tired.""]"
,Eleven,Je suis très heureux de ta décision.,French,"[""I am very happy with your decision.""]"
,Twelve,Je suis très heureux de te revoir.,French,"[""I am very happy to see you again.""]"
,Thirteen,Je suis très heureux maintenant.,French,"[""I am very happy now.""]"
,Fourteen,Je suis très honoré de vous rencontrer.,French,"[""I am very honored to meet you.""]"
,Sixteen,Je suis très occupé ces temps-ci !,French,"[""I'm very busy these days!""]"
,Seventeen,Je suis très sensible à la chaleur.,French,"[""I am very sensitive to heat.""]"
,Eighteen,Je suis très sérieux.,French,"[""I am very serious.""]"
,Nineteen,Je suis trop de vos amis pour avoir pensé à vous nuire.,French,"[""I am too much your friend to think of harming you.""]"
,Twenty,Je suis un agent.,French,"[""I am an agent.""]"
,Twenty one,Je suis un artiste.,French,"[""I'm an artist.""]"
,Twenty two,Je suis un citoyen du monde.,French,"[""I am a citizen of the world.""]"
,Twenty three,Je suis un coureur.,French,"[""I am a runner.""]"
,Twenty four,Je suis un étranger ici.,French,"[""I am a foreigner here.""]"
,Twenty five,Je suis un étranger.,French,"[""Here I am a foreigner.""]"
,Twenty six,Je suis un étudiant de cette école.,French,"[""I am a student of this school.""]"
,Twenty seven,Je suis un héros.,French,"[""I am a hero.""]"
,Twenty eight,Je suis un homme libre.,French,"[""I am a free man.""]"
,Twenty nine,Je suis un homme solitaire.,French,"[""I am a lonely man.""]"
,Thirty,Je suis un homme.,French,"[""I am a man.""]"
,Thirty one,Je suis un moine.,French,"[""I am a monk.""]"
,Thirty two,Je suis un patient.,French,"[""I am a patient.""]"
,Thirty three,Je suis un peu bourrée.,French,"[""I'm a little drunk.""]"
,One,Je suis un peu fatigué.,French,"[""I'm a bit tired.""]"
,Two,Je suis un peu occupé.,French,"[""I am a little busy.""]"
,Three,Je suis un vendeur.,French,"[""I am a salesperson.""]"
,Four,Je suis une grande fan de football.,French,"[""I am a big football fan.""]"
,Five,Je suis une mère célibataire.,French,"[""I am a single mother.""]"
,Six,Je suis veinard.,French,"[""I'm lucky.""]"
,Seven,Je suis venu à pied de la station.,French,"[""I came on foot from the station.""]"
,Eight,Je suis venu ici pour apprendre.,French,"[""I came here to learn.""]"
,Nine,Je suis venu ici pour étudier.,French,"[""I came here to study.""]"
,Ten,Je suis venu ici pour te faire un cadeau.,French,"[""I came here to give you a present.""]"
,Eleven,Je suis venu ici pour te sauver.,French,"[""I came here to save you.""]"
,Twelve,Je suis venu me laver les mains.,French,"[""I came to wash my hands.""]"
,Thirteen,Je suis votre chef.,French,"[""I am your boss.""]"
,Fourteen,Je suis votre voisin.,French,"[""I am your neighbor.""]"
,Sixteen,Je suppose que c'est une blague.,French,"[""I guess it's a joke.""]"
,Seventeen,Je suppose que c'est une possibilité.,French,"[""I guess it is a possibility.""]"
,Eighteen,Je t'ai surprise en flagrant délit.,French,"[""I caught you in the act.""]"
,Nineteen,Je t'autorise à y aller.,French,"[""I authorize you to go.""]"
,Twenty,Je t'en supplie.,French,"[""I beg you.""]"
,Twenty one,Je t'enverrai le calendrier.,French,"[""I will send you the calendar.""]"
,Twenty two,Je te considère comme mon meilleur ami.,French,"[""I consider you my best friend.""]"
,Twenty three,Je te crois.,French,"[""I believe you.""]"
,Twenty four,Je te dois tout mon succès.,French,"[""I owe you all my success.""]"
,Twenty five,Je te donne ma parole.,French,"[""I give you my word.""]"
,Twenty six,Je te donne une occasion.,French,"[""I give you an opportunity.""]"
,Twenty seven,Je te donnerai un livre.,French,"[""I'll give you a book.""]"
,Twenty eight,Je te kiffe grave !,French,"[""I love you like crazy!""]"
,Twenty nine,Je te rappellerai plus tard.,French,"[""I'll call you back later.""]"
,Thirty,Je te suggère de faire ça en octobre.,French,"[""I suggest you do this in October.""]"
,Thirty one,Je te suggère de me dire la vérité.,French,"[""I suggest you tell me the truth.""]"
,Thirty two,Je te suis très reconnaissant pour ton conseil.,French,"[""I am very grateful for your advice.""]"
,Thirty three,Je te suivrai partout où tu iras.,French,"[""I will follow you wherever you go.""]"
,One,Je te veux !,French,"[""I want you!""]"
,Two,Je te vis.,French,"[""I live you.""]"
,Three,Je te vois,French,"[""I can see you""]"
,Four,Je tiendrai ma promesse.,French,"[""I will keep my promise.""]"
,Five,Je tirerai.,French,"[""I will shoot.""]"
,Six,Je travaille à la poste.,French,"[""I work at the post office.""]"
,Seven,Je travaille beaucoup.,French,"[""I work a lot.""]"
,Eight,Je travaille dans un zoo.,French,"[""I work in a zoo.""]"
,Nine,Je travaille dans une ferme.,French,"[""I work on a farm.""]"
,Ten,Je travaille dans une station-service.,French,"[""I work at a gas station.""]"
,Eleven,Je travaille de huit heures à midi.,French,"[""I work from 8 o'clock to noon.""]"
,Twelve,Je travaille ici depuis plusieurs années.,French,"[""I have worked here for several years.""]"
,Thirteen,Je travaille ici.,French,"[""I work here.""]"
,Fourteen,Je travaille plus en ce moment.,French,"[""I am working more at the moment.""]"
,Sixteen,Je travaille pour une agence de voyage.,French,"[""I work for a travel agency.""]"
,Seventeen,Je travaille sur une nouvelle chanson.,French,"[""I am working on a new song.""]"
,Eighteen,Je travaille tous les jours à des heures différentes.,French,"[""I work at different times every day.""]"
,Nineteen,Je travaille tous les jours sauf le dimanche.,French,"[""I work every day except Sunday.""]"
,Twenty,Je travaille.,French,"[""I work.""]"
,Twenty one,Je travaillerai seul.,French,"[""I will work alone.""]"
,Twenty two,Je trouve cela curieux.,French,"[""I find that curious.""]"
,Twenty three,Je trouve le concept de ce site vraiment très bien.,French,"[""I find the concept of this site really good.""]"
,Twenty four,Je trouve que tu es vraiment un gars sympa.,French,"[""I think you are a really nice guy.""]"
,Twenty five,Je vais à la maison maintenant.,French,"[""I am going home now.""]"
,Twenty six,Je vais à la station.,French,"[""I'm going to the station.""]"
,Twenty seven,Je vais à Paris.,French,"[""I am going to Paris.""]"
,Twenty eight,Je vais acheter celui-ci.,French,"[""I will buy this one.""]"
,Twenty nine,Je vais aller au magasin.,French,"[""I will go to the store.""]"
,Thirty,Je vais aller chercher votre manteau.,French,"[""I'll go get your coat.""]"
,Thirty one,Je vais aller chez toi demain.,French,"[""I'll go to your house tomorrow.""]"
,Thirty two,Je vais aller faire une sieste.,French,"[""I'm going to go take a nap.""]"
,Thirty three,Je vais appeler le chef.,French,"[""I will call the chief.""]"
,One,Je vais attendre dans la voiture.,French,"[""I'll wait in the car.""]"
,Two,Je vais au cinéma de temps en temps.,French,"[""I go to the movies from time to time.""]"
,Three,Je vais au lit.,French,"[""I go to bed.""]"
,Four,Je vais au restaurant tous les deux jours.,French,"[""I go to a restaurant every other day.""]"
,Five,Je vais au restaurant tous les deux jours.,French,"[""I go to the restaurant every other day.""]"
,Six,Je vais au travail à bicyclette.,French,"[""I cycle to work.""]"
,Seven,Je vais au travail en train tous les jours.,French,"[""I go to work by train every day.""]"
,Eight,Je vais avoir besoin de toi.,French,"[""I'm going to need you.""]"
,Nine,Je vais bien maintenant.,French,"[""I am fine now.""]"
,Ten,Je vais bien.,French,"[""I'm fine.""]"
,Eleven,Je vais chez le coiffeur une fois par mois.,French,"[""I go to the hairdresser once a month.""]"
,Twelve,Je vais dormir.,French,"[""I am going to sleep.""]"
,Thirteen,Je vais écrire une lettre.,French,"[""I will write a letter.""]"
,Fourteen,Je vais en choisir un.,French,"[""I will choose one.""]"
,Sixteen,Je vais être ton avocat.,French,"[""I will be your lawyer.""]"
,Seventeen,Je vais être ton avocat.,French,"[""I'll be your lawyer.""]"
,Eighteen,Je vais être très franc avec toi.,French,"[""I will be very frank with you.""]"
,Nineteen,Je vais être très honnête avec toi.,French,"[""I will be very honest with you.""]"
,Twenty,Je vais être votre avocat.,French,"[""I'll be your lawyer.""]"
,Twenty one,Je vais faire ça dans la matinée.,French,"[""I will do this in the morning.""]"
,Twenty two,Je vais faire de toi un homme.,French,"[""I'm going to make you a man.""]"
,Twenty three,Je vais faire du pain.,French,"[""I'm going to make bread.""]"
,Twenty four,Je vais faire les courses.,French,"[""I'm going shopping.""]"
,Twenty five,Je vais faire un peu de café.,French,"[""I'm going to make some coffee.""]"
,Twenty six,Je vais ignorer ça.,French,"[""I will ignore this.""]"
,Twenty seven,Je vais jouer au tennis cet après-midi.,French,"[""I'm going to play tennis this afternoon.""]"
,Twenty eight,Je vais laver les plats.,French,"[""I'll wash the dishes.""]"
,Twenty nine,Je vais le faire.,French,"[""I will do it.""]"
,Thirty,Je vais le garder avec moi.,French,"[""I will keep it with me.""]"
,Thirty one,Je vais le regretter.,French,"[""I will regret it.""]"
,Thirty two,Je vais le transformer en une maison.,French,"[""I will transform it into a house.""]"
,Thirty three,Je vais le voir demain.,French,"[""I will see him tomorrow.""]"
,One,Je vais les voir ce soir.,French,"[""I will see them this evening.""]"
,Two,Je vais m'occuper de ce client.,French,"[""I will take care of this client.""]"
,Three,Je vais me changer.,French,"[""I'm going to change.""]"
,Four,Je vais me tremper les doigts de pied.,French,"[""I'll dip my toes in the water.""]"
,Five,Je vais mieux.,French,"[""I'm better.""]"
,Six,Je vais passer à la télévision.,French,"[""I'm going to be on television.""]"
,Seven,Je vais passer la nuit ici.,French,"[""I will spend the night here.""]"
,Eight,Je vais prendre la formule plat-dessert.,French,"[""I'll have the main dish with dessert set meal.""]"
,Nine,Je vais réessayer.,French,"[""I will try again.""]"
,Ten,Je vais te couvrir.,French,"[""I'll cover you.""]"
,Eleven,Je vais te dire ce que je pense.,French,"[""I'll tell you what I think.""]"
,Twelve,Je vais te dire un secret.,French,"[""I'll tell you a secret.""]"
,Thirteen,Je vais te donner une chance de plus.,French,"[""I'll give you one more chance.""]"
,Fourteen,Je vais te donner une leçon.,French,"[""I will teach you a lesson.""]"
,Sixteen,Je vais te faire du thé.,French,"[""I'll make you some tea.""]"
,Seventeen,Je vais te faire une faveur.,French,"[""I'll do you a favor.""]"
,Eighteen,Je vais te montrer la ville.,French,"[""I'll show you the city.""]"
,Nineteen,Je vais te payer à boire.,French,"[""I'll buy you a drink.""]"
,Twenty,Je vais te payer une bière.,French,"[""I'll buy you a beer.""]"
,Twenty one,Je vais te présenter ma maman.,French,"[""I will introduce my mom to you.""]"
,Twenty two,Je vais te raconter une histoire.,French,"[""I'll tell you a story.""]"
,Twenty three,Je vais tenter le coup.,French,"[""I will give it a try.""]"
,Twenty four,Je vais tenter le coup.,French,"[""I'll give it a shot.""]"
,Twenty five,Je vais tenter ma chance avec toi.,French,"[""I will try my luck with you.""]"
,Twenty six,Je vais tenter ma chance.,French,"[""I'll take my chances.""]"
,Twenty seven,Je vais toujours à pied.,French,"[""I always go on foot.""]"
,Twenty eight,Je vais travailler seul.,French,"[""I will work alone.""]"
,Twenty nine,Je vais travailler.,French,"[""I'm going to work.""]"
,Thirty,Je vais voir ce que je peux faire.,French,"[""I will see what I can do.""]"
,Thirty one,Je vais voir la police.,French,"[""I'm going to see the police.""]"
,Thirty two,Je vais voir si je peux trouver un taxi.,French,"[""I'll see if I can find a taxi.""]"
,Thirty three,Je vais vous accompagner.,French,"[""I will accompany you.""]"
,One,Je vais vous acheter une montre.,French,"[""I'll buy you a watch.""]"
,Two,Je vais vous chercher une boisson.,French,"[""I'll get you a drink.""]"
,Three,Je vais vous en parler un jour.,French,"[""I'll tell you about it one day.""]"
,Four,Je vais y faire attention pour toi.,French,"[""I'll take care of it for you.""]"
,Five,Je vais y passer demain pour mes affaires.,French,"[""I'm going to stop by there tomorrow for my things.""]"
,Six,Je vérifierai.,French,"[""I will check.""]"
,Seven,Je veux absolument tout savoir.,French,"[""I absolutely want to know everything.""]"
,Eight,Je veux acheter un livre.,French,"[""I want to buy a book.""]"
,Nine,Je veux aller à Seattle.,French,"[""I want to go to Seattle.""]"
,Ten,Je veux aller en ville.,French,"[""I want to go to town.""]"
,Eleven,Je veux aller pêcher.,French,"[""I want to go fishing.""]"
,Twelve,Je veux attraper celui de minuit moins le quart.,French,"[""I want to catch a quarter to midnight.""]"
,Thirteen,Je veux boire du champagne.,French,"[""I want to drink champagne.""]"
,Fourteen,Je veux boire quelque chose de frais.,French,"[""I want to drink something fresh.""]"
,Sixteen,Je veux ça.,French,"[""I want this.""]"
,Seventeen,Je veux ce livre.,French,"[""I want this book.""]"
,Eighteen,Je veux ce sac.,French,"[""I want this bag.""]"
,Nineteen,Je veux celles-là.,French,"[""I want those.""]"
,Twenty,Je veux ceux-là.,French,"[""I want those.""]"
,Twenty one,Je veux chanter pour te faire revenir.,French,"[""I want to sing to make you come back.""]"
,Twenty two,Je veux combattre.,French,"[""I want to fight.""]"
,Twenty three,Je veux conduire.,French,"[""I want to drive.""]"
,Twenty four,Je veux continuer à travailler ici.,French,"[""I want to continue working here.""]"
,Twenty five,Je veux dormir.,French,"[""I want to sleep.""]"
,Twenty six,Je veux du lait.,French,"[""I want milk.""]"
,Twenty seven,Je veux du papier.,French,"[""I want paper.""]"
,Twenty eight,Je veux en acheter un autre.,French,"[""I want to buy another one.""]"
,Twenty nine,Je veux en savoir plus sur votre pays.,French,"[""I want to know more about your country.""]"
,Thirty,Je veux entendre ce que chacun a à dire.,French,"[""I want to hear what everyone has to say.""]"
,Thirty one,Je veux entendre ton opinion.,French,"[""I want to hear your opinion.""]"
,Thirty two,Je veux être candidat à la présidence.,French,"[""I want to be a presidential candidate.""]"
,Thirty three,Je veux être digne de ton amitié.,French,"[""I want to be worthy of your friendship.""]"
,One,Je veux être là avec toi.,French,"[""I want to be there with you.""]"
,Two,Je veux être très clair à ce propos.,French,"[""I want to be very clear about this.""]"
,Three,Je veux être utile.,French,"[""I want to be useful.""]"
,Four,Je veux étudier le français.,French,"[""I want to study French.""]"
,Five,Je veux faire ça à la maison.,French,"[""I want to do this at home.""]"
,Six,Je veux faire ça rapidement.,French,"[""I want to do this quickly.""]"
,Seven,Je veux faire plus.,French,"[""I want to do more.""]"
,Eight,Je veux faire une déclaration.,French,"[""I want to make a statement.""]"
,Nine,Je veux garder mes enfants en sécurité.,French,"[""I want to keep my children safe.""]"
,Ten,Je veux juste un œuf.,French,"[""I just want one egg.""]"
,Eleven,Je veux la justice.,French,"[""I want justice.""]"
,Twelve,Je veux le partager avec vous.,French,"[""I want to share it with you.""]"
,Thirteen,Je veux le ventilateur.,French,"[""I want the fan.""]"
,Fourteen,Je veux leur parler à tous.,French,"[""I want to talk to them all.""]"
,Sixteen,Je veux ma liberté.,French,"[""I want my freedom.""]"
,Seventeen,Je veux ma vengeance.,French,"[""I want my revenge.""]"
,Eighteen,Je veux manger un steak.,French,"[""I want to eat a steak.""]"
,Nineteen,Je veux manger un truc bon.,French,"[""I want to eat something good.""]"
,Twenty,Je veux me calmer.,French,"[""I want to calm down.""]"
,Twenty one,Je veux me marier avec une fille comme elle.,French,"[""I want to marry a girl like her.""]"
,Twenty two,Je veux monter à cheval.,French,"[""I want to ride a horse.""]"
,Twenty three,Je veux parler à ton oncle.,French,"[""I want to talk to your uncle.""]"
,Twenty four,Je veux parler à un avocat.,French,"[""I want to speak to a lawyer.""]"
,Twenty five,Je veux participer.,French,"[""I want to participate.""]"
,Twenty six,Je veux passer le reste de ma vie avec toi.,French,"[""I want to spend the rest of my life with you.""]"
,Twenty seven,Je veux prendre ça comme un compliment.,French,"[""I want to take this as a compliment.""]"
,Twenty eight,Je veux prouver que je peux le faire.,French,"[""I want to prove that I can do it.""]"
,Twenty nine,Je veux que ce soit un succès.,French,"[""I want it to be a success.""]"
,Thirty,Je veux que chacun rentre chez lui.,French,"[""I want everyone to go home.""]"
,Thirty one,Je veux que lui parte.,French,"[""I want him to go.""]"
,Thirty two,Je veux que tu arrêtes.,French,"[""I want you to stop.""]"
,Thirty three,Je veux que tu joues de la guitare pour moi.,French,"[""I want you to play the guitar for me.""]"
,One,Je veux que tu restes sur la plage.,French,"[""I want you to stay on the beach.""]"
,Two,Je veux quelque chose à boire.,French,"[""I want something to drink.""]"
,Three,Je veux quelque chose à lire.,French,"[""I want something to read.""]"
,Four,Je veux reprendre le cours de ma vie.,French,"[""I want to resume the course of my life.""]"
,Five,Je veux rester plusieurs jours.,French,"[""I want to stay several days.""]"
,Six,Je veux savoir ce que je peux faire.,French,"[""I want to know what I can do.""]"
,Seven,Je veux savoir qui a donné le premier coup.,French,"[""I want to know who gave the first hit.""]"
,Eight,Je veux savoir qui ils sont.,French,"[""I want to know who they are.""]"
,Nine,Je veux savoir si c'est proche.,French,"[""I want to know if it's close.""]"
,Ten,Je veux savoir si tu viendras ou non.,French,"[""I want to know if you're coming or not.""]"
,Eleven,Je veux seulement vous aider.,French,"[""I only want to help you.""]"
,Twelve,Je veux simplement mener une vie normale.,French,"[""I just want to lead a normal life.""]"
,Thirteen,Je veux te donner un cadeau.,French,"[""I want to give you a gift.""]"
,Fourteen,Je veux te faire travailler plus dur.,French,"[""I want to make you work harder.""]"
,Sixteen,Je veux te parler de cette liste.,French,"[""I want to tell you about this list.""]"
,Seventeen,Je veux te parler de la nuit dernière.,French,"[""I want to talk to you about last night.""]"
,Eighteen,Je veux te voir.,French,"[""I want to see you.""]"
,Nineteen,Je veux ton amour.,French,"[""I want your love.""]"
,Twenty,Je veux toujours y aller.,French,"[""I still want to go.""]"
,Twenty one,Je veux travailler dans un hôpital.,French,"[""I want to work in a hospital.""]"
,Twenty two,Je veux trouver le véritable amour.,French,"[""I want to find true love.""]"
,Twenty three,Je veux un beignet.,French,"[""I want a donut.""]"
,Twenty four,Je veux un bonbon.,French,"[""I want a candy.""]"
,Twenty five,Je veux un chiot pour Noël.,French,"[""I want a puppy for Christmas.""]"
,Twenty six,Je veux un couteau.,French,"[""I want a knife.""]"
,Twenty seven,Je veux un défi.,French,"[""I want a challenge.""]"
,Twenty eight,Je veux un livre à lire dans le train.,French,"[""I want a book to read on the train.""]"
,Twenty nine,Je veux un médecin.,French,"[""I want a doctor.""]"
,Thirty,Je veux un morceau de gâteau au chocolat.,French,"[""I want a piece of chocolate cake.""]"
,Thirty one,Je veux un perroquet.,French,"[""I want a parrot.""]"
,Thirty two,Je veux un quart de lait.,French,"[""I want a quarter of milk.""]"
,Thirty three,Je veux un vélo.,French,"[""I want a bike.""]"
,One,Je veux une allumette.,French,"[""I want a match.""]"
,Two,Je veux une couverture.,French,"[""I want a blanket.""]"
,Three,Je veux une douceur.,French,"[""I want a sweetness.""]"
,Four,Je veux une explication.,French,"[""I want an explanation.""]"
,Five,Je veux une famille.,French,"[""I want a family.""]"
,Six,Je veux une photo de ce chien.,French,"[""I want a photo of this dog.""]"
,Seven,Je veux une piscine.,French,"[""I want a pool.""]"
,Eight,Je veux une piscine.,French,"[""I want a swimming pool.""]"
,Nine,Je veux une preuve.,French,"[""I want proof.""]"
,Ten,Je veux une revanche.,French,"[""I want revenge.""]"
,Eleven,Je veux voir le directeur de la société.,French,"[""I want to see the director of the company.""]"
,Twelve,Je veux voir le film à nouveau.,French,"[""I want to see the movie again.""]"
,Thirteen,Je veux voir ta mère.,French,"[""I want to see your mother.""]"
,Fourteen,Je veux voir ton patron.,French,"[""I want to see your boss.""]"
,Sixteen,Je veux voir un spectacle.,French,"[""I want to see a show.""]"
,Seventeen,Je veux voir un volcan !,French,"[""I want to see a volcano!""]"
,Eighteen,Je veux votre opinion.,French,"[""I want your opinion.""]"
,Nineteen,Je veux vous embrasser.,French,"[""I want to kiss you.""]"
,Twenty,Je veux vous entendre jouer du piano.,French,"[""I want to hear you play the piano.""]"
,Twenty one,Je veux vous entendre le dire.,French,"[""I want to hear you say it.""]"
,Twenty two,Je veux vous parler à propos de ce rapport.,French,"[""I want to speak to you about this report.""]"
,Twenty three,Je veux vous parler après le cours.,French,"[""I want to talk to you after class.""]"
,Twenty four,Je viens de le rencontrer.,French,"[""I just met him.""]"
,Twenty five,Je viens de lire la lettre que vous m'avez envoyée.,French,"[""I've just read the letter that you sent me.""]"
,Twenty six,Je viens de prendre un bain.,French,"[""I just took a bath.""]"
,Twenty seven,Je viens de prendre une douche.,French,"[""I just took a shower.""]"
,Twenty eight,Je viens de sortir de prison.,French,"[""I just got out of prison.""]"
,Twenty nine,Je viens du Japon.,French,"[""I am from Japan.""]"
,Thirty,Je viens en paix.,French,"[""I come in peace.""]"
,Thirty one,Je viens ici chaque jour.,French,"[""I come here every day.""]"
,Thirty two,Je viens juste de bouger.,French,"[""I just moved.""]"
,Thirty three,Je viens juste de déménager.,French,"[""I just moved.""]"
,One,Je viens juste de finir de déjeuner.,French,"[""I just finished having lunch.""]"
,Two,Je viens juste de le voir.,French,"[""I just saw it.""]"
,Three,Je vis à Boston.,French,"[""I live in Boston.""]"
,Four,Je vis au Japon.,French,"[""I live in Japan.""]"
,Five,Je vis en ville.,French,"[""I live in town.""]"
,Six,Je vois ma mère là-bas.,French,"[""I see my mother over there.""]"
,Seven,Je vois que tu es de bonne humeur.,French,"[""I see that you are in a good mood.""]"
,Eight,Je vois que tu parles bien français.,French,"[""I see that you speak French well.""]"
,Nine,Je vois un lion.,French,"[""I see a lion.""]"
,Ten,Je vois un livre sur le bureau.,French,"[""I see a book on the desk.""]"
,Eleven,Je vois une étoile.,French,"[""I see a star.""]"
,Twelve,Je vois une reine.,French,"[""I see a queen.""]"
,Thirteen,Je vois une rose.,French,"[""I see a rose.""]"
,Fourteen,Je voudrais acheter quelques bottes.,French,"[""I would like to buy some boots.""]"
,Sixteen,Je voudrais de la viande.,French,"[""I would like some meat.""]"
,Seventeen,Je voudrais démontrer que cette fonction est une bijection réciproque.,French,"[""I would like to demonstrate that this function is an inverse function.""]"
,Eighteen,Je voudrais être riche.,French,"[""I would like to be rich.""]"
,Nineteen,Je voudrais manger quelque chose.,French,"[""I would like to eat something.""]"
,Twenty,Je voudrais partir voyager autour du monde si possible.,French,"[""I would like to go travel around the world if possible.""]"
,Twenty one,Je voudrais quelque chose de léger.,French,"[""I would like something light.""]"
,Twenty two,Je voudrais réserver un vol pour Vancouver.,French,"[""I would like to book a flight to Vancouver.""]"
,Twenty three,Je voudrais un morceau de fromage.,French,"[""I would like a piece of cheese.""]"
,Twenty four,Je voudrais un plan de la ville.,French,"[""I would like a map of the city.""]"
,Twenty five,Je voulais juste te regarder.,French,"[""I just wanted to watch you.""]"
,Twenty six,Je voulais que ce soit une surprise.,French,"[""I wanted it to be a surprise.""]"
,Twenty seven,Je voulais que tu gagnes.,French,"[""I wanted you to win.""]"
,Twenty eight,Je voulais votre coopération.,French,"[""I wanted your cooperation.""]"
,Twenty nine,Je vous admire pour votre courage.,French,"[""I admire you for your courage.""]"
,Thirty,Je vous adore.,French,"[""I love you.""]"
,Thirty one,Je vous ai dit de ne pas venir ici.,French,"[""I told you not to come here.""]"
,Thirty two,Je vous ai dit de signer le document.,French,"[""I told you to sign the document.""]"
,Thirty three,Je vous ai dit que j'ai une nana.,French,"[""I told you that I have a girl.""]"
,One,Je vous ai fait des cookies.,French,"[""I made you cookies.""]"
,Two,Je vous ai fait du café.,French,"[""I made you some coffee.""]"
,Three,Je vous ai laissé un message.,French,"[""I left you a message.""]"
,Four,Je vous ai laissé une note à la réception.,French,"[""I left you a note at the reception.""]"
,Five,Je vous ai laissé une note.,French,"[""I left you a note.""]"
,Six,Je vous ai pris pour votre frère.,French,"[""I took you for your brother.""]"
,Seven,Je vous ai vu.,French,"[""I've seen you.""]"
,Eight,Je vous ai vue.,French,"[""I saw you.""]"
,Nine,Je vous ai vues.,French,"[""I saw you.""]"
,Ten,Je vous ai vus.,French,"[""I saw you.""]"
,Eleven,Je vous aime comme un fils.,French,"[""I love you like a son.""]"
,Twelve,Je vous aime de plus en plus chaque jour.,French,"[""I love you more and more every day.""]"
,Thirteen,Je vous aime et je veux vous épouser.,French,"[""I love you and I want to marry you.""]"
,Fourteen,Je vous aime plus que je ne peux dire.,French,"[""I love you more than I can say.""]"
,Sixteen,Je vous demande pardon ?,French,"[""I beg your pardon?""]"
,Seventeen,Je vous dois la vie.,French,"[""I owe you my life.""]"
,Eighteen,Je vous dois une explication.,French,"[""I owe you an explanation.""]"
,Nineteen,Je vous donnerai mon adresse.,French,"[""I will give you my address / I will give my address to you.""]"
,Twenty,Je vous envie votre bonne santé.,French,"[""I envy your good health.""]"
,Twenty one,Je vous le donnerai.,French,"[""I'll give it to you.""]"
,Twenty two,Je vous montrerai plus tard.,French,"[""I'll show you later.""]"
,Twenty three,Je vous promets que je ne le ferai plus.,French,"[""I promise you that I will not do it again.""]"
,Twenty four,Je vous rejoindrai plus tard.,French,"[""I'll join you later.""]"
,Twenty five,Je vous respecte plus que quiconque.,French,"[""I respect you more than anyone.""]"
,Twenty six,Je vous supplie de nous aider.,French,"[""I beg you to help us.""]"
,Twenty seven,Je vous trouve si jolie.,French,"[""I think you're so pretty.""]"
,Twenty eight,Je vous veux !,French,"[""I want you!""]"
,Twenty nine,Je vous vis.,French,"[""I saw you.""]"
,Thirty,Jean et Amélie forment un joli couple.,French,"[""Jean and Amélie make a cute couple.""]"
,Thirty one,Jean lit très souvent.,French,"[""Jean reads very often.""]"
,Thirty two,Jérôme a acheté sa nouvelle voiture hier.,French,"[""Jerome bought his new car yesterday.""]"
,Thirty three,Jésus guérit les boiteux.,French,"[""Jesus healed the lame.""]"
,One,jeter un coup d'œil,French,"[""to have a look""]"
,Two,Joan est aussi charmant que sa sœur.,French,"[""Joan is as charming as her sister.""]"
,Three,John joue au chat et à la souris avec Dick.,French,"[""John is playing cat and mouse with Dick.""]"
,Four,John mit environ deux semaines à se remettre de sa maladie.,French,"[""John took about two weeks to recover from his illness.""]"
,Five,Joignez-vous à nous.,French,"[""Join us.""]"
,Six,Joli coup !,French,"[""Nice shot!""]"
,Seven,Jouais-tu au tennis hier matin ?,French,"[""Did you play tennis yesterday morning?""]"
,Eight,Jouez-vous d'un quelconque instrument ?,French,"[""Do you play any instrument?""]"
,Nine,Jouons au football.,French,"[""Let's play football.""]"
,Ten,Jouons aux cartes.,French,"[""Let's play cards.""]"
,Eleven,jour à jour,French,"[""day by day""]"
,Twelve,Juste un instant.,French,"[""Just a moment.""]"
,Thirteen,Ken est aussi grand que Bill.,French,"[""Ken is as tall as Bill.""]"
,Fourteen,Ken était-il à la maison hier ?,French,"[""Was Ken home yesterday?""]"
,Sixteen,Ken va partir aux États-unis fin juillet.,French,"[""Ken will be leaving for the United States at the end of July.""]"
,Seventeen,Kent est un meneur-né.,French,"[""Kent is a born leader.""]"
,Eighteen,L'accueil était chaleureux.,French,"[""The welcome was warm.""]"
,Nineteen,L'acteur parut sur l'écran.,French,"[""The actor appeared on screen.""]"
,Twenty,L'adrénaline peut ralentir ou bloquer le travail.,French,"[""Adrenaline can slow down or impede work.""]"
,Twenty one,L'air est invisible.,French,"[""The air is invisible.""]"
,Twenty two,L'Amazone est un fleuve d'Amérique du Sud.,French,"[""The Amazon is a river located in South America.""]"
,Twenty three,l'ambassade de France près le Saint-Siège,French,"[""the French Embassy to the Holy See""]"
,Twenty four,l'ambassadeur près le Saint-Siège,French,"[""the ambassador to the Holy See""]"
,Twenty five,l'amitié,French,"[""the friendship""]"
,Twenty six,l'amour,French,"[""love""]"
,Twenty seven,L'appel du vide.,French,"[""Call of the void.""]"
,Twenty eight,L'appel est gratuit.,French,"[""The call is free.""]"
,Twenty nine,L'arbitre a sifflé la mi-temps.,French,"[""The referee blew the whistle for half-time.""]"
,Thirty,L'arbre pousse vite.,French,"[""The tree is growing quickly.""]"
,Thirty one,L'automne est là.,French,"[""Autumn is here.""]"
,Thirty two,l'avant d'une voiture,French,"[""The front of a car.""]"
,Thirty three,L'école est à gauche.,French,"[""The school is on the left.""]"
,One,L'effet fut immédiat.,French,"[""The effect was immediate.""]"
,Two,L'église fait le coin.,French,"[""The church is just on the corner.""]"
,Three,L'élection générale se tiendra en mai.,French,"[""The general election will be held in May.""]"
,Four,L'entreprise s'annonce difficile.,French,"[""The company promises to be difficult.""]"
,Five,L'entreprise veut employer vingt personnes.,French,"[""The company wants to employ twenty people.""]"
,Six,L'épicerie est proche.,French,"[""The grocery store is close by.""]"
,Seven,l'équipe à battre,French,"[""the team to beat""]"
,Eight,L'équipe bleue mène 2 à 0.,French,"[""The blue team is leading 2–0.""]"
,Nine,L'essence est vendue au litre.,French,"[""The gasoline is sold by the liter.""]"
,Ten,L'exception confirme la règle.,French,"[""The exception confirms the rule.""]"
,Eleven,L'expérience doit commencer.,French,"[""The experience has to start.""]"
,Twelve,L'hiver arrive bientôt.,French,"[""Winter is coming soon.""]"
,Thirteen,l'homme,French,"[""the man""]"
,Fourteen,l'homme est un animal social.,French,"[""Man is a social animal.""]"
,Sixteen,L'idéologie islamiste radicale a causé vingt millions de morts dans le nord du Nigéria.,French,"[""Radical Islamist ideology caused twenty million deaths in northern Nigeria.""]"
,Seventeen,l'île,French,"[""the island""]"
,Eighteen,l'oasis,French,"[""the oasis""]"
,Nineteen,L'œuvre sculptée de Picasso.,French,"[""Picasso's sculptural oeuvre.""]"
,Twenty,l'offre et la demande,French,"[""supply and demand""]"
,Twenty one,L'or a une couleur similaire au cuivre.,French,"[""Gold has a color similar to copper.""]"
,Twenty two,L'orchestre joue.,French,"[""The orchestra plays.""]"
,Twenty three,L'univers est infini.,French,"[""The universe is infinite.""]"
,Twenty four,La bagnole est prête.,French,"[""The car is ready.""]"
,Twenty five,La baignoire est sale.,French,"[""The bathtub is dirty.""]"
,Twenty six,La balle aurait pu me frapper.,French,"[""The bullet could have hit me.""]"
,Twenty seven,la botte italienne,French,"[""the Italian boot""]"
,Twenty eight,La boulangerie est fermée.,French,"[""The bakery is closed.""]"
,Twenty nine,La boulangerie se trouve en face du cinéma.,French,"[""The bakery is [found] opposite the cinema.""]"
,Thirty,La bouteille est pleine.,French,"[""The bottle is full.""]"
,Thirty one,La cage est vide.,French,"[""The cage is empty.""]"
,Thirty two,La caisse était pleine de livres.,French,"[""The box was full of books.""]"
,Thirty three,La capitale du Japon est Tokyo.,French,"[""The capital of Japan is Tokyo.""]"
,One,La cérémonie aura lieu demain.,French,"[""The ceremony will take place tomorrow.""]"
,Two,La cérémonie de mariage a eu lieu le matin.,French,"[""The wedding ceremony took place in the morning.""]"
,Three,La chaise est cassée.,French,"[""The chair is broken.""]"
,Four,La chaise est loin de la porte.,French,"[""The chair is far from the door.""]"
,Five,La chambre des enfants est mal rangée.,French,"[""The children's room is poorly arranged.""]"
,Six,La chance nous a souri alors.,French,"[""Luck smiled on us then.""]"
,Seven,La chanson me fait pleurer.,French,"[""The song makes me cry.""]"
,Eight,La chose n'est pas si facile qu'on le pense.,French,"[""The thing is not as simple as one might believe.""]"
,Nine,La chute des rein,French,"[""the bottom of the backside in the human body""]"
,Ten,La clef est sur la porte.,French,"[""The key is on the door.""]"
,Eleven,La cloche a-t-elle sonné ?,French,"[""Has the bell rung?""]"
,Twelve,La cloche sonne.,French,"[""The bell rings.""]"
,Thirteen,La cocaïne est une drogue.,French,"[""Cocaine is a drug.""]"
,Fourteen,La comédie est quelque chose qui fait rire.,French,"[""Comedy is something that makes people laugh.""]"
,Sixteen,La compagnie a un département de traduction maison.,French,"[""The company has an in-house translation department.""]"
,Seventeen,la concentration de sucre,French,"[""the concentration of sugar""]"
,Eighteen,la convention sur l'avenir de l'Europe,French,"[""the convention on the future of Europe""]"
,Nineteen,La course de chevaux est bidon.,French,"[""The horse race is rigged.""]"
,Twenty,La cuisine est en bas.,French,"[""The kitchen is downstairs.""]"
,Twenty one,La décision a été facile à prendre.,French,"[""The decision was easy to make.""]"
,Twenty two,La décision a été prise pendant son absence.,French,"[""The decision was taken in his absence.""]"
,Twenty three,La différence est la clé de l'existence.,French,"[""Difference is the key to existence.""]"
,Twenty four,La ferme !,French,"[""The farm!""]"
,Twenty five,La fête a été un fiasco.,French,"[""The party was a fiasco.""]"
,Twenty six,La fête a été un succès.,French,"[""The celebration was a success.""]"
,Twenty seven,La fille a pris un petit poisson.,French,"[""The girl caught a small fish.""]"
,Twenty eight,La flèche a atteint la cible.,French,"[""The arrow has hit the target.""]"
,Twenty nine,La foule applaudit.,French,"[""The crowd applauds.""]"
,Thirty,La fourrure de ce chat est magnifique.,French,"[""The fur of this cat is magnificent.""]"
,Thirty one,La fumée montait par la cheminée.,French,"[""Smoke rose through the chimney.""]"
,Thirty two,La gentillesse est une vertu.,French,"[""Kindness is a virtue.""]"
,Thirty three,La glace sur le lac est trop fine pour supporter ton poids.,French,"[""The ice on the lake is too thin to support your weight.""]"
,One,La grille du barbecue est pleine de graisse de saucisses.,French,"[""The barbecue grate is covered in grease from the sausages.""]"
,Two,La jeune fille avait peur de sauter du toit.,French,"[""The young girl was afraid to jump from the roof.""]"
,Three,la langue dans la bouche,French,"[""the tongue in the mouth""]"
,Four,La langue est l'organe du goût.,French,"[""The tongue is the organ of taste.""]"
,Five,La leçon deux est facile.,French,"[""Lesson two is easy.""]"
,Six,La lessive peut attendre.,French,"[""The laundry can wait.""]"
,Seven,La ligne est occupée.,French,"[""Line is busy.""]"
,Eight,La loi est la loi.,French,"[""The law is the law.""]"
,Nine,La lumière est allumée.,French,"[""The light is on.""]"
,Ten,La lumière est meilleure par ici.,French,"[""The light is better here.""]"
,Eleven,La lutte contre le capitalisme,French,"[""The struggle against capitalism""]"
,Twelve,La maison a pris feu.,French,"[""The house caught fire.""]"
,Thirteen,La maison des voisins a brûlé.,French,"[""The neighbors' house has burnt down.""]"
,Fourteen,La maison est en réparation.,French,"[""The house is under repair.""]"
,Sixteen,La maison est hantée.,French,"[""The house is haunted.""]"
,Seventeen,La maison est plus loin.,French,"[""The house is further away.""]"
,Eighteen,La maison est sur la colline.,French,"[""The house is on the hill.""]"
,Nineteen,La maîtresse peut te voir.,French,"[""The mistress can see you.""]"
,Twenty,La maladie touche actuellement 2 millions de personnes.,French,"[""The disease currently affects 2 million people.""]"
,Twenty one,La manière la plus rapide de voyager est par avion.,French,"[""The fastest way to travel is by plane.""]"
,Twenty two,La marée monte vite.,French,"[""The tide is rising fast.""]"
,Twenty three,La mer était aussi lisse que le verre.,French,"[""The sea was as smooth as glass.""]"
,Twenty four,La mesure d'un angle droit est égale à 90 degrés.,French,"[""The measure of a right angle is equal to 90 degrees.""]"
,Twenty five,La mise en bière.,French,"[""The action of putting a corpse in a coffin.""]"
,Twenty six,La mission était simple.,French,"[""The mission was simple.""]"
,Twenty seven,La musique est ma passion.,French,"[""Music is my passion.""]"
,Twenty eight,La musique est un don de Dieu.,French,"[""Music is a gift from God.""]"
,Twenty nine,La nourriture est sur la table.,French,"[""Food is on the table.""]"
,Thirty,La nuit s'annonce.,French,"[""The night is approaching.""]"
,Thirty one,La participation est gratuite.,French,"[""Participation is free.""]"
,Thirty two,La pause est finie.,French,"[""The break is over.""]"
,Thirty three,La pendule indique deux heures.,French,"[""The clock indicates two o'clock.""]"
,One,La personne qui parle connait bien son sujet.,French,"[""The person who speaks knows his/her subject well.""]"
,Two,La piscine est pleine.,French,"[""The pool is full.""]"
,Three,La piscine est utilisée en commun par tous les enfants du voisinage.,French,"[""The pool is shared by all the children in the neighborhood.""]"
,Four,La pizza est en route.,French,"[""The pizza is on its way.""]"
,Five,La pizza était bonne.,French,"[""The pizza was good.""]"
,Six,La pluie commença à tomber.,French,"[""The rain began to fall.""]"
,Seven,La plupart des gens aiment le chocolat,French,"[""Most people like chocolate.""]"
,Eight,La plupart des gens pensent ça.,French,"[""Most people think so.""]"
,Nine,la plus grande,French,"[""the biggest""]"
,Ten,La pneumonie entraîne des difficultés respiratoires.,French,"[""Pneumonia causes breathing difficulties.""]"
,Eleven,La police a arrêté le suspect.,French,"[""The police arrested the suspect.""]"
,Twelve,La police est ici pour te parler.,French,"[""The police are here to talk to you.""]"
,Thirteen,La poste est près de la librairie.,French,"[""The post office is near the bookstore.""]"
,Fourteen,La pratique n'afflue pas à ce magasin.,French,"[""Customers don't flow to that store.""]"
,Sixteen,La première chose que tu dois prendre en considération est le temps.,French,"[""The first thing you need to consider is the weather.""]"
,Seventeen,La prochaine fois ce sera à moi de conduire.,French,"[""Next time it will be up to me to drive.""]"
,Eighteen,La puissance fait le droit.,French,"[""Power makes the law.""]"
,Nineteen,La radio est cassée.,French,"[""The radio is broken.""]"
,Twenty,La radio est éteinte.,French,"[""The radio is off.""]"
,Twenty one,La réalité est plus étrange que la fiction.,French,"[""Reality is stranger than fiction.""]"
,Twenty two,La révolution démographique,French,"[""The demographic revolution""]"
,Twenty three,La rivière coule doucement vers la mer.,French,"[""The river flows gently towards the sea.""]"
,Twenty four,La robe te va très bien.,French,"[""The dress fits you very well.""]"
,Twenty five,La saison de ski,French,"[""The skiing season""]"
,Twenty six,La saison des fraises,French,"[""Strawberry season""]"
,Twenty seven,La salle était noire de monde.,French,"[""The room was full of people.""]"
,Twenty eight,La sensation en est très agréable.,French,"[""The feeling is very pleasant.""]"
,Twenty nine,La serrure est cassée.,French,"[""The lock is broken.""]"
,Thirty,La situation est critique.,French,"[""The situation is critical.""]"
,Thirty one,La situation va virer au drame.,French,"[""The situation is going to turn into a drama.""]"
,Thirty two,La somme de ces chiffres ne colle pas.,French,"[""The sum of these numbers does not add up.""]"
,Thirty three,La sortie sera sur la gauche.,French,"[""The exit will be on the left.""]"
,One,La soupe est trop chaude.,French,"[""The soup is too hot.""]"
,Two,La soupe était bonne ?,French,"[""Was the soup good?""]"
,Three,La structure du cerveau est compliquée.,French,"[""The structure of the brain is complicated.""]"
,Four,La technique est très importante.,French,"[""Technique is very important.""]"
,Five,La télé est cassée.,French,"[""The TV is broken.""]"
,Six,La température de l'eau doit toujours être supérieure à la température de l'œuf,French,"[""The temperature of the water must always be above the temperature of the egg.""]"
,Seven,La tempête a détruit toute la ville.,French,"[""The storm destroyed the entire city.""]"
,Eight,La tempête a fait arrêter le train.,French,"[""The storm caused the train to stop.""]"
,Nine,La terre est une planète.,French,"[""Earth is a planet.""]"
,Ten,La tour de Pise est penchée.,French,"[""The Tower of Pisa is leaning.""]"
,Eleven,la traîtresse était déjà ressuscitée,French,"[""The traitor had already come back to life""]"
,Twelve,la troisième manche,French,"[""the third set""]"
,Thirteen,La vache nous donne du lait.,French,"[""The cow gives us milk.""]"
,Fourteen,la veille de Noël,French,"[""Christmas Eve""]"
,Sixteen,la veille du jour de l'An,French,"[""New Year's Eve""]"
,Seventeen,La vérité est très simple.,French,"[""The truth is very simple.""]"
,Eighteen,La version est plus facile que le thème.,French,"[""The version is easier than the theme.""]"
,Nineteen,La viande est dure.,French,"[""The meat is tough.""]"
,Twenty,La viande est dure.,French,"[""The meat is hard.""]"
,Twenty one,La victoire sera douce.,French,"[""Victory will be sweet.""]"
,Twenty two,La vie de son enfant est en danger.,French,"[""The life of her child is in danger.""]"
,Twenty three,La vie est belle.,French,"[""Life is Beautiful.""]"
,Twenty four,La vie est comme ça.,French,"[""Life is like that.""]"
,Twenty five,La vie est comme un voyage.,French,"[""Life is like a journey.""]"
,Twenty six,La vie est dingue.,French,"[""Life is crazy.""]"
,Twenty seven,La vie est imprévisible.,French,"[""Life is unpredictable.""]"
,Twenty eight,La vie est si étrange.,French,"[""Life is so strange.""]"
,Twenty nine,La vie est un grand mystère.,French,"[""Life is a great mystery.""]"
,Thirty,La vie n'est pas juste.,French,"[""Life isn't fair.""]"
,Thirty one,La ville et la province ont conclu une entente.,French,"[""The city and the province have reached an agreement.""]"
,Thirty two,la vitrine d'une librairie.,French,"[""the window of a bookstore""]"
,Thirty three,La voilà !,French,"[""Here it is!""]"
,One,La voiture est cassée.,French,"[""The car is broken.""]"
,Two,La voiture est pleine.,French,"[""The car is full.""]"
,Three,La voiture est prête.,French,"[""The car is ready.""]"
,Four,la voix active,French,"[""the active voice""]"
,Five,La vue depuis cette pièce est magnifique.,French,"[""The view from this room is magnificent.""]"
,Six,La vue est fantastique.,French,"[""The view is fantastic.""]"
,Seven,Lâche-toi !,French,"[""Let go!""]"
,Eight,Laisse le chien dehors.,French,"[""Leave the dog outside.""]"
,Nine,Laisse tomber !,French,"[""Drop it!""]"
,Ten,Laisse-le tomber !,French,"[""Drop it!""]"
,Eleven,Laisse-moi essayer.,French,"[""Let me try.""]"
,Twelve,Laisse-moi le faire à ma façon.,French,"[""Let me do it my way.""]"
,Thirteen,Laisse-moi payer.,French,"[""Let me pay.""]"
,Fourteen,Laisse-moi sortir !,French,"[""Let me out!""]"
,Sixteen,Laisse-moi tranquille.,French,"[""Leave me alone.""]"
,Seventeen,Laisse-moi travailler en paix.,French,"[""Let me work in peace.""]"
,Eighteen,Laisse-moi voir ça.,French,"[""Let me see this.""]"
,Nineteen,Laissez vos mains au-dessus de la table.,French,"[""Leave your hands above the table.""]"
,Twenty,Laissez-moi !,French,"[""Leave me!""]"
,Twenty one,Laissez-moi entrer.,French,"[""Let me in.""]"
,Twenty two,Laissez-moi rentrer.,French,"[""Let me in.""]"
,Twenty three,Laissez-moi tranquille.,French,"[""Leave me alone.""]"
,Twenty four,Laissez-moi un mot.,French,"[""Drop me a line.""]"
,Twenty five,Laissez-moi vous aider avec vos bagages.,French,"[""Let me help you with your luggage.""]"
,Twenty six,Laissez-moi vous aider.,French,"[""Let me help you.""]"
,Twenty seven,Laissez-moi vous donner un exemple.,French,"[""Let me give you an example.""]"
,Twenty eight,Laissez-moi vous mettre à la page.,French,"[""Let me put you on the page.""]"
,Twenty nine,Laissez-moi vous présenter ma sœur.,French,"[""Let me introduce you to my sister.""]"
,Thirty,Laissez-nous !,French,"[""Leave us!""]"
,Thirty one,Laissez-vous aller !,French,"[""Let yourself go!""]"
,Thirty two,Laquelle est la mienne ?,French,"[""Which one is mine?""]"
,Thirty three,Laquelle est votre guitare ?,French,"[""Which one is your guitar?""]"
,One,Lave bien tes mains.,French,"[""Wash your hands well.""]"
,Two,Lave-toi !,French,"[""Wash yourself!""]"
,Three,Le bain est prêt.,French,"[""The bath is ready.""]"
,Four,Le bar Figaro est un bon endroit pour boire.,French,"[""The Figaro bar is a good spot to drink.""]"
,Five,Le bar était plein de gens.,French,"[""The bar was full of people.""]"
,Six,Le bateau de pêche qui avait été perdu est retourné à son port sain et sauf.,French,"[""The lost fishing boat returned to its safe harbor.""]"
,Seven,le bateau est attaqué par des pirates.,French,"[""the boat is [being] attacked by pirates.""]"
,Eight,Le bâtiment que je vis était très grand.,French,"[""The building I saw was very large.""]"
,Nine,Le bébé dans le berceau est très mignon.,French,"[""The baby in the cradle is very cute.""]"
,Ten,Le bébé est en train de dormir.,French,"[""The baby is sleeping.""]"
,Eleven,Le bébé est en train de marcher à quatre pattes.,French,"[""The baby is crawling on all fours.""]"
,Twelve,Le bébé est en train de ramper.,French,"[""The baby is crawling.""]"
,Thirteen,Le bébé marche à quatre pattes.,French,"[""The baby crawls on all fours.""]"
,Fourteen,Le bébé ne sait pas encore utiliser une cuillère.,French,"[""The baby does not yet know how to use a spoon.""]"
,Sixteen,Le bébé rampe.,French,"[""The baby is crawling.""]"
,Seventeen,Le bleu ressemble au roquefort,French,"[""Blue cheese looks like Roquefort""]"
,Eighteen,Le bleu vous va très bien.,French,"[""Blue suits you very well.""]"
,Nineteen,Le bois brûle facilement.,French,"[""Wood burns easily.""]"
,Twenty,Le bus arrive.,French,"[""The bus arrives.""]"
,Twenty one,Le bus va nous mener au château.,French,"[""The bus will lead us to the castle.""]"
,Twenty two,Le café est très chaud.,French,"[""The coffee is very hot.""]"
,Twenty three,Le camion est parti.,French,"[""The truck left.""]"
,Twenty four,Le capitaine contrôle tout le navire.,French,"[""The captain controls the entire ship.""]"
,Twenty five,Le chapeau est trop petit pour moi.,French,"[""The hat is too small for me.""]"
,Twenty six,Le chat a mangé la souris.,French,"[""The cat ate the mouse.""]"
,Twenty seven,Le chat est adorable.,French,"[""The cat is adorable.""]"
,Twenty eight,Le chat est dans la maison.,French,"[""The cat is in the house.""]"
,Twenty nine,Le chat est dans le puits.,French,"[""The cat is in the well.""]"
,Thirty,Le chat est mouillé.,French,"[""The cat is wet.""]"
,Thirty one,Le chat est noir.,French,"[""The cat is black.""]"
,Thirty two,Le chat est sur le toit.,French,"[""The cat is on the roof.""]"
,Thirty three,Le chat fait miaou.,French,"[""The cat goes meow.""]"
,One,le chien à Marie,French,"[""Mary's dog [nonstandard]""]"
,Two,Le chien est mourant.,French,"[""The dog is dying.""]"
,Three,Le chien est sous la table.,French,"[""The dog is under the table.""]"
,Four,Le chien est sur la chaise.,French,"[""The dog is on the chair.""]"
,Five,Le chien était mourant.,French,"[""The dog was dying.""]"
,Six,Le chien était toujours fidèle à son maître.,French,"[""The dog was always loyal to his owner.""]"
,Seven,Le chien vint vers moi en courant.,French,"[""The dog came running towards me.""]"
,Eight,Le chômage est élevé.,French,"[""Unemployment is high.""]"
,Nine,Le ciel est bleu.,French,"[""The sky is blue.""]"
,Ten,Le ciel était très sombre.,French,"[""The sky was very dark.""]"
,Eleven,Le ciel semble en colère.,French,"[""The sky looks angry.""]"
,Twelve,Le cirque est en ville.,French,"[""The circus is in town.""]"
,Thirteen,Le citron est un fruit jaune.,French,"[""Lemon is a yellow fruit.""]"
,Fourteen,Le climat est doux dans ce pays.,French,"[""The climate is mild in this country.""]"
,Sixteen,Le climat ici est doux.,French,"[""The climate here is mild.""]"
,Seventeen,Le collier du chien est rouge.,French,"[""The dog's collar is red.""]"
,Eighteen,Le combat est terminé.,French,"[""The fight is over.""]"
,Nineteen,Le comte trancha du grand seigneur.,French,"[""The count comported himself as if he were God Almighty.""]"
,Twenty,Le concert a déjà commencé.,French,"[""The concert has already started.""]"
,Twenty one,Le concert était comme un rêve.,French,"[""The concert was like a dream.""]"
,Twenty two,Le contexte est important.,French,"[""Context is important.""]"
,Twenty three,Le courant de cette rivière est rapide.,French,"[""The current of this river is rapid.""]"
,Twenty four,Le courant est rapide par ici.,French,"[""The current is fast around here.""]"
,Twenty five,Le courrier est arrivé.,French,"[""The mail has arrived.""]"
,Twenty six,Le couvercle est fermé.,French,"[""The cover is closed.""]"
,Twenty seven,Le danger est passé.,French,"[""The danger is over.""]"
,Twenty eight,le député a la parole,French,"[""the member has the floor""]"
,Twenty nine,Le dernier est le meilleur.,French,"[""The last one is the best.""]"
,Thirty,Le diamant semble authentique.,French,"[""The diamond looks authentic.""]"
,Thirty one,Le dictionnaire est sur le bureau.,French,"[""The dictionary is on the desktop.""]"
,Thirty two,Le dîner est à six heures.,French,"[""Dinner is at six o'clock.""]"
,Thirty three,Le dîner est pour moi.,French,"[""Dinner is for me.""]"
,One,Le docteur le guérira peut-être de son cancer.,French,"[""Maybe the doctor will cure him of his cancer.""]"
,Two,Le dollar est la monnaie d'Australie.,French,"[""The dollar is the currency of Australia.""]"
,Three,Le drapeau est très beau.,French,"[""The flag is very beautiful.""]"
,Four,Le et la deviennent l' devant une voyelle ou un h muet.,French,"[""Le and la become l' before a vowel or a silent h.""]"
,Five,Le feu est au vert.,French,"[""The traffic light is green.""]"
,Six,Le film commence à dix heures.,French,"[""The film starts at ten.""]"
,Seven,Le film était si triste que tout le monde a pleuré.,French,"[""The movie was so sad that everyone cried.""]"
,Eight,Le fleuve a déposé d'importantes quantités d'alluvions à son embouchure,French,"[""The river deposited a large amount of sediments alluvium at its mouth.""]"
,Nine,Le four est encore chaud.,French,"[""The oven is still hot.""]"
,Ten,Le fromage est fait avec du lait.,French,"[""The cheese is made with milk.""]"
,Eleven,Le fruit de la vesce est un légume au sens strict.,French,"[""The seed of vetch is a legume in the strict sense of the word.""]"
,Twelve,Le futur nous donnera la réponse.,French,"[""The future will give us the answer.""]"
,Thirteen,Le gamin est grand pour son âge.,French,"[""The boy is tall for his age.""]"
,Fourteen,Le gamin est sur le trône.,French,"[""The kid is on the throne.""]"
,Sixteen,Le garçon a une pomme dans sa poche.,French,"[""The boy has an apple in his pocket.""]"
,Seventeen,Le garçon qui joue de la guitare est mon frère.,French,"[""The boy who plays the guitar is my brother.""]"
,Eighteen,Le gâteau est délicieux.,French,"[""The cake is delicious.""]"
,Nineteen,Le goût est parfait.,French,"[""The taste is perfect.""]"
,Twenty,le grec ancien,French,"[""the Ancient Greek language""]"
,Twenty one,Le jardin était entouré par une barrière en bois.,French,"[""The garden was surrounded by a wooden fence.""]"
,Twenty two,Le jeune pianiste a surpris le public.,French,"[""The young pianist surprised the audience.""]"
,Twenty three,Le jour est proche où toutes les barrières finiront par tomber.,French,"[""The day when all the barriers will break down is near.""]"
,Twenty four,Le lac est gelé.,French,"[""The lake is frozen.""]"
,Twenty five,Le lac est grand.,French,"[""The lake is large.""]"
,Twenty six,le lac est profond de 100 mètres,French,"[""the lake is 100 metres deep""]"
,Twenty seven,Le lac était gelé.,French,"[""The lake was frozen over.""]"
,Twenty eight,Le lait avait tourné.,French,"[""The milk had turned sour.""]"
,Twenty nine,Le lait du matin.,French,"[""The milk of the morning.""]"
,Thirty,Le lion est le roi de la jungle.,French,"[""The lion is the king of the jungle.""]"
,Thirty one,le liquide est arrivé par le robinet,French,"[""the liquid arrived from the tap""]"
,Thirty two,Le livre est blanc.,French,"[""The book is white.""]"
,Thirty three,Le loyer est très élevé.,French,"[""The rent is very high.""]"
,One,Le magasin était plein de jeunes gens.,French,"[""The store was full of young people.""]"
,Two,Le magasin était plein de monde.,French,"[""The store was full of people.""]"
,Three,Le maître peut vous voir.,French,"[""The master can see you.""]"
,Four,Le mal vient sans qu'on y pense.,French,"[""Evil comes without one thinking of it.""]"
,Five,Le malade ne trouvait goût à rien.,French,"[""The patient didn't have any appetite. literally: The patient didn't find an appetite for anything.""]"
,Six,Le mari n'a aucun tort.,French,"[""The husband is not to blame.""]"
,Seven,Le match fut annulé à cause de la pluie.,French,"[""The match was canceled due to rain.""]"
,Eight,Le médecin sera là dans une minute.,French,"[""The doctor will be there in a minute.""]"
,Nine,Le meurtre est contre la loi.,French,"[""Murder is against the law.""]"
,Ten,Le mien est totalement différent.,French,"[""Mine is totally different.""]"
,Eleven,Le moment présent est un bon moment.,French,"[""The present moment is a good moment.""]"
,Twelve,Le monde entier nous regarde.,French,"[""The whole world is watching us.""]"
,Thirteen,Le monde est dangereux.,French,"[""The world is dangerous.""]"
,Fourteen,Le monde est petit.,French,"[""The world is small.""]"
,Sixteen,Le monde m'agace quelquefois.,French,"[""People annoy me sometimes.""]"
,Seventeen,Le musée est fermé le lundi.,French,"[""The museum is closed on Mondays.""]"
,Eighteen,Le nombre de personnes souffrant de problèmes cardiaques a augmenté.,French,"[""The number of people suffering from heart problems has increased.""]"
,Nineteen,Le nouveau bâtiment est énorme.,French,"[""The new building is huge.""]"
,Twenty,Le nouveau film fut un grand succès.,French,"[""The new film was a great success.""]"
,Twenty one,Le pape est le chef de l'Église.,French,"[""The pope is the head of the church.""]"
,Twenty two,Le pape est mort.,French,"[""The pope is dead.""]"
,Twenty three,Le papier brûle facilement.,French,"[""The paper burns easily.""]"
,Twenty four,Le parfum des framboises est rarement naturel.,French,"[""Raspberry flavor is rarely natural""]"
,Twenty five,Le patient est hors de danger à présent.,French,"[""The patient is out of danger now.""]"
,Twenty six,Le pauvre jeune homme devint finalement un grand artiste.,French,"[""The poor young man eventually became a great artist.""]"
,Twenty seven,Le pays en entier était couvert de neige.,French,"[""The whole country was covered in snow.""]"
,Twenty eight,Le paysage est magnifique.,French,"[""The landscape is magnificent.""]"
,Twenty nine,Le penses-tu réellement ?,French,"[""Do you really mean it?""]"
,Thirty,Le père est dans son bureau.,French,"[""The father is in his office.""]"
,Thirty one,Le petit bateau était à la merci du vent.,French,"[""The little boat was at the mercy of the wind.""]"
,Thirty two,Le petit-déjeuner est prêt.,French,"[""Breakfast is ready.""]"
,Thirty three,Le pirate a enterré son trésor.,French,"[""The pirate buried his treasure.""]"
,One,Le pire est déjà passé.,French,"[""The worst is already over.""]"
,Two,Le pire est passé.,French,"[""The worst is over.""]"
,Three,Le plat du jour est du poisson.,French,"[""The dish of the day is fish.""]"
,Four,Le plein.,French,"[""Full.""]"
,Five,le plus difficile,French,"[""the most difficult""]"
,Six,Le pneu est un peu dégonflé.,French,"[""The tire is a little deflated.""]"
,Seven,Le pneu fuit.,French,"[""The tire is leaking.""]"
,Eight,Le poisson et le vin rouge ne vont pas bien ensemble.,French,"[""Fish and red wine don't go well together.""]"
,Nine,Le poulet était super.,French,"[""The chicken was great.""]"
,Ten,Le prince fut changé en arbre par magie.,French,"[""The prince was changed into a tree by magic.""]"
,Eleven,Le printemps est arrivé.,French,"[""Spring has arrived.""]"
,Twelve,Le printemps est pour bientôt.,French,"[""Spring is coming soon.""]"
,Thirteen,Le prix de cette voiture est très élevé.,French,"[""The price of this car is very high.""]"
,Fourteen,Le processus est en cours.,French,"[""The process is underway.""]"
,Sixteen,Le professeur a une grande influence sur ses élèves.,French,"[""The teacher has a great influence on his students.""]"
,Seventeen,Le professeur Smith est connu pour son style de vie excentrique.,French,"[""Professor Smith is known for his eccentric lifestyle.""]"
,Eighteen,Le repas cuit.,French,"[""The meal is cooking.""]"
,Nineteen,Le repas est prêt.,French,"[""The meal is ready.""]"
,Twenty,Le repos est important.,French,"[""Rest is important.""]"
,Twenty one,Le réservoir est plein.,French,"[""The tank is full.""]"
,Twenty two,Le retard était inévitable.,French,"[""The delay was inevitable.""]"
,Twenty three,Le retour de Zidane redonne de l'élan aux Bleus,French,"[""The return of Zidane gives the Blues [French national football team] back their spirits.""]"
,Twenty four,Le rire est bon pour la santé.,French,"[""Laughter is good for your health.""]"
,Twenty five,Le riz est encore chaud.,French,"[""The rice is still hot.""]"
,Twenty six,Le rouge est mieux.,French,"[""Red is better.""]"
,Twenty seven,Le sable sur la plage est très chaud.,French,"[""The sand on the beach is very hot.""]"
,Twenty eight,Le seigneur avait un pouvoir absolu sur ses sujets.,French,"[""The lord had absolute power over his subjects.""]"
,Twenty nine,Le sens de cette phrase est obscur.,French,"[""The meaning of this sentence is obscure.""]"
,Thirty,Le serveur est encore en panne.,French,"[""The server is still down.""]"
,Thirty one,Le service est excellent dans cet hôtel.,French,"[""The service is excellent at this hotel.""]"
,Thirty two,Le seul accès au village est par la rivière.,French,"[""The only access to the village is by the river.""]"
,Thirty three,Le sol doit être très propre.,French,"[""The floor must be very clean.""]"
,One,Le sol est recouvert de neige.,French,"[""The ground is covered with snow.""]"
,Two,Le soldat fut blessé à la jambe.,French,"[""The soldier was wounded in the leg.""]"
,Three,Le soleil est dans le ciel.,French,"[""The sun is in the sky.""]"
,Four,Le soleil est plus grand que la lune.,French,"[""The sun is larger than the moon.""]"
,Five,Le soleil est très important pour la vie.,French,"[""The sun is very important for life.""]"
,Six,Le soleil est une étoile.,French,"[""The sun is a star.""]"
,Seven,Le soleil se lève.,French,"[""The sun is rising.""]"
,Eight,Le son de ce piano est agréable.,French,"[""The sound of this piano is nice.""]"
,Nine,Le souper va refroidir.,French,"[""Supper will cool.""]"
,Ten,Le spectacle était vraiment intéressant. Tu aurais dû venir le voir.,French,"[""The show was really interesting. You should have come to see him.""]"
,Eleven,Le spectacle sera de 18h à 21h.,French,"[""The show will be from 6 pm to 9 pm.""]"
,Twelve,Le spectacle va bientôt commencer.,French,"[""The show will start soon.""]"
,Thirteen,Le sport est bon pour votre santé.,French,"[""Sport is good for your health.""]"
,Fourteen,Le stade est comble.,French,"[""The stadium is packed.""]"
,Sixteen,Le stade fut submergé par les fans de baseball.,French,"[""The stadium was swamped with baseball fans.""]"
,Seventeen,Le stylo est sur la table.,French,"[""The pen is on the table.""]"
,Eighteen,le symbolisme des couleurs chez Picasso,French,"[""color symbolism in Picasso's work""]"
,Nineteen,Le tapis de ma chambre est vert.,French,"[""The carpet in my bedroom is green.""]"
,Twenty,Le taxi est arrivé.,French,"[""The taxi has arrived.""]"
,Twenty one,le TDAH chez l'adulte,French,"[""ADHD in adults""]"
,Twenty two,Le téléphone est rouge.,French,"[""The phone is red.""]"
,Twenty three,Le temps change souvent en Angleterre.,French,"[""The weather changes often in England.""]"
,Twenty four,Le temps de la discussion est passé.,French,"[""The time for discussion has passed.""]"
,Twenty five,Le temps est devenu beaucoup plus chaud.,French,"[""The weather has become much hotter.""]"
,Twenty six,Le temps est écoulé.,French,"[""Time is up.""]"
,Twenty seven,Le temps était superbe.,French,"[""The weather was superb.""]"
,Twenty eight,le temps n'est pas bon ici,French,"[""the weather is no good here""]"
,Twenty nine,Le thermomètre descend souvent en dessous de zéro.,French,"[""The thermometer often drops below zero.""]"
,Thirty,Le tien est beaucoup plus grand que le mien.,French,"[""Yours is much bigger than mine.""]"
,Thirty one,Le tien est par là-bas.,French,"[""Yours is over there.""]"
,Thirty two,Le tiroir du bureau est ouvert.,French,"[""The desk drawer is open.""]"
,Thirty three,Le toit de ma maison est rouge.,French,"[""The roof of my house is red.""]"
,One,Le train a traversé le tunnel.,French,"[""The train passed through the tunnel.""]"
,Two,Le train arrivera à la gare avant midi.,French,"[""The train will arrive at the station before noon.""]"
,Three,Le train arrivera en gare probablement avant midi.,French,"[""The train will arrive at the station probably before noon.""]"
,Four,Le train est à destination de Londres.,French,"[""The train is bound for London.""]"
,Five,Le train est arrivé.,French,"[""The train has arrived.""]"
,Six,Le train fut retardé à cause des importantes chutes de neige.,French,"[""The train was delayed due to heavy snowfall.""]"
,Seven,Le train passe toutes les vingt minutes.,French,"[""The train runs every 20 minutes.""]"
,Eight,Le train termine à Rouen.,French,"[""The train terminates in Rouen.""]"
,Nine,Le train va de Paris à Bordeaux.,French,"[""The train goes from Paris to Bordeaux.""]"
,Ten,Le travail de mon père est intéressant.,French,"[""My father's work is interesting.""]"
,Eleven,Le travail doit être fini pour demain.,French,"[""The work must be finished by tomorrow.""]"
,Twelve,Le travail est tout pour moi.,French,"[""Work is everything to me.""]"
,Thirteen,Le vélo qui est là est à mon frère.,French,"[""The bike that is there is my brother's.""]"
,Fourteen,Le vent a causé des dommages.,French,"[""The wind caused some damage.""]"
,Sixteen,Le vent emporte les fleurs.,French,"[""The wind blows away the flowers.""]"
,Seventeen,Le vent vire au nord.,French,"[""The wind turns north.""]"
,Eighteen,Le verre casse facilement.,French,"[""Glass breaks easily.""]"
,Nineteen,Le vert te va bien.,French,"[""Green looks good on you.""]"
,Twenty,Le veux-tu ?,French,"[""Do you want it?""]"
,Twenty one,Le vin est fait à partir du raisin.,French,"[""Wine is made from grapes.""]"
,Twenty two,Le voilà.,French,"[""Here it is.""]"
,Twenty three,le voisin de Gabriel,French,"[""Gabriel's neighbor""]"
,Twenty four,Lequel devrais-je utiliser ?,French,"[""Which should I use?""]"
,Twenty five,Lequel est le meilleur ?,French,"[""Which is the best?""]"
,Twenty six,Lequel est le mien ?,French,"[""Which one is mine?""]"
,Twenty seven,Lequel est ton père ?,French,"[""Which one is your father?""]"
,Twenty eight,Lequel est votre chien ?,French,"[""Which one is your dog?""]"
,Twenty nine,Lequel est votre livre ?,French,"[""Which is your book?""]"
,Thirty,Les abeilles font du miel.,French,"[""Bees make honey.""]"
,Thirty one,Les affaires sont les affaires.,French,"[""Business is business.""]"
,Thirty two,Les agriculteurs souhaitent bloquer le prix de leur blé.,French,"[""The farmers are wishing to block the price of their wheat.""]"
,Thirty three,Les animaux sont autorisés.,French,"[""Animals are allowed.""]"
,One,Les barbes du brochet.,French,"[""The barbels of the pike.""]"
,Two,Les bénéfices devraient évidemment dépasser les coûts.,French,"[""The benefits should obviously outweigh the costs.""]"
,Three,Les champs de blé étaient traités avec des pesticides par avion.,French,"[""The wheat fields were aerially sprayed with pesticide.""]"
,Four,Les chats peuvent attraper les souris.,French,"[""Cats can catch mice.""]"
,Five,Les chaussures sont faites en cuir.,French,"[""The shoes are made of leather.""]"
,Six,Les chevaux sont des animaux.,French,"[""Horses are animals.""]"
,Seven,Les citrons sont acides.,French,"[""Lemons are sour.""]"
,Eight,Les conducteurs doivent respecter le code de la route.,French,"[""Drivers must obey the highway code.""]"
,Nine,Les crayons se vendent par douzaines.,French,"[""Pencils are sold by the dozen.""]"
,Ten,Les deux filles ont ri.,French,"[""The two girls laughed.""]"
,Eleven,Les deux hommes assis sur le banc étaient américains.,French,"[""The two men sitting on the bench were Americans.""]"
,Twelve,Les droits des individus sont importants dans une société libre.,French,"[""The rights of individuals are important in a free society.""]"
,Thirteen,Les élèves vont à l'école en car.,French,"[""The pupils go to school by coach.""]"
,Fourteen,Les enfants devraient boire du lait tous les jours.,French,"[""Children should drink milk every day.""]"
,Sixteen,Les enfants doivent aller au lit sans regarder la télévision.,French,"[""Children should go to bed without watching television.""]"
,Seventeen,Les enfants jouent dans le parc tous les jours.,French,"[""Children play in the park every day.""]"
,Eighteen,Les enfants ont besoin de beaucoup de sommeil.,French,"[""Children need a lot of sleep.""]"
,Nineteen,Les enfants sont notre avenir.,French,"[""Children are our future.""]"
,Twenty,Les exercices sont bons pour la santé.,French,"[""Exercises are good for your health.""]"
,Twenty one,Les femmes vivent généralement plus longtemps que les hommes.,French,"[""Women generally live longer than men.""]"
,Twenty two,Les feuilles sont tombées.,French,"[""The leaves have fallen.""]"
,Twenty three,Les feuilles tombent en automne.,French,"[""The leaves fall in autumn.""]"
,Twenty four,Les forces américaines ont envahi le territoire iraquien.,French,"[""The American Forces have invaded the Iraqi territory""]"
,Twenty five,Les fruits sont dans le panier.,French,"[""The fruits are in the basket.""]"
,Twenty six,Les gens disent que je suis le diable.,French,"[""People say that I am the devil.""]"
,Twenty seven,Les gens ont le droit de se défendre.,French,"[""People have the right to defend themselves.""]"
,Twenty eight,Les japonais mangent avec des baguettes.,French,"[""The Japanese eat with chopsticks.""]"
,Twenty nine,Les jeunes hommes d'affaires se sont serré la main.,French,"[""The young businessmen shook each other's hands.""]"
,Thirty,Les Juifs ont grandement souffert sous la botte du régime nazi.,French,"[""The Jews suffered greatly under the oppression of the Nazi regime.""]"
,Thirty one,Les lapins ont de grandes oreilles.,French,"[""Rabbits have large ears.""]"
,Thirty two,Les lapins sont en chaleur.,French,"[""The rabbits are in heat.""]"
,Thirty three,Les livres sont faits de papier.,French,"[""Books are made of paper.""]"
,One,Les livres sont sur le banc.,French,"[""The books are on the bench.""]"
,Two,Les mauvaises nouvelles vont vite.,French,"[""Bad news travels fast.""]"
,Three,Les médicaments doivent être hors de la portée des enfants.,French,"[""Medicines should be kept out of the reach of children.""]"
,Four,Les membres du comité sont tous des hommes.,French,"[""The members of the committee are all men.""]"
,Five,Les Nations Unies sont une organisation internationale.,French,"[""The United Nations is an international organization.""]"
,Six,Les oiseaux chantent.,French,"[""The birds sing.""]"
,Seven,Les oiseaux construisent un nid au printemps pour élever leurs petits dedans.,French,"[""Birds build a nest in the spring to rear their young in it.""]"
,Eight,Les oiseaux volent.,French,"[""The birds fly.""]"
,Nine,Les opérateurs de l'équipe de nuit traitent les tâches par lots.,French,"[""The night shift operators process batch jobs.""]"
,Ten,Les plus grandes vedettes étaient présentes lors de cet évènement.,French,"[""The biggest stars were present at this event.""]"
,Eleven,Les politiciens ne nous disent jamais leurs arrières-pensées.,French,"[""Politicians never tell us their ulterior motives.""]"
,Twelve,Les premiers TGV atlantiques étaient orange.,French,"[""The first Atlantic TGV trains were orange.""]"
,Thirteen,Les prix ont atteint un pic de treize ans.,French,"[""Prices have reached a peak of thirteen years.""]"
,Fourteen,Les prix sont élevés.,French,"[""The prices are high.""]"
,Sixteen,les procureurs près les tribunaux,French,"[""court-appointed prosecutors""]"
,Seventeen,Les sœurs sont toutes les deux très belles.,French,"[""The sisters are both very beautiful.""]"
,Eighteen,Les Starbucks poussent comme des champignons ici.,French,"[""The Starbucks are springing up like mushrooms here.""]"
,Nineteen,Les taxis sont chers.,French,"[""Taxis are expensive.""]"
,Twenty,Les transports modernes nous permettent de faire le tour du monde en quelques jours.,French,"[""Modern transport allows us to travel around the world in a few days.""]"
,Twenty one,les vitrines d'un musée,French,"[""the vitrines of a museum""]"
,Twenty two,Leur maison est loin de la gare.,French,"[""Their house is far from the station.""]"
,Twenty three,lier une sauce,French,"[""to thicken a sauce""]"
,Twenty four,Lire un livre est intéressant.,French,"[""Reading a book is interesting.""]"
,Twenty five,Lis attentivement l'étiquette.,French,"[""Read the label carefully.""]"
,Twenty six,Lis le message encore une fois.,French,"[""Read the message one more time.""]"
,Twenty seven,Lis-le encore une fois.,French,"[""Read it one more time.""]"
,Twenty eight,Longue vie au roi !,French,"[""Long live the king!""]"
,Twenty nine,Louis va mener ce cours.,French,"[""Louis will lead this lesson.""]"
,Thirty,Lui et moi sommes cousins.,French,"[""He and I are cousins.""]"
,Thirty one,Lui et moi sommes presque de la même taille.,French,"[""He and I are almost the same height.""]"
,Thirty two,lutter contre la discrimination,French,"[""to fight/struggle against discrimation""]"
,Thirty three,Ma chambre est très petite.,French,"[""My room is very small.""]"
,One,Ma demeure est la vôtre.,French,"[""My home is yours.""]"
,Two,Ma famille est petite.,French,"[""My family is small.""]"
,Three,Ma femme est en train de faire la cuisine.,French,"[""My wife is cooking.""]"
,Four,Ma femme est enceinte.,French,"[""My wife is pregnant.""]"
,Five,Ma fille va se marier en juin.,French,"[""My daughter is going to marry in June.""]"
,Six,Ma fille veut un chaton.,French,"[""My daughter wants a kitten.""]"
,Seven,Ma grande sœur nage très vite.,French,"[""My big sister swims very fast.""]"
,Eight,Ma maison est au nord de la bibliothèque.,French,"[""My house is north of the library.""]"
,Nine,Ma maison est chouette.,French,"[""My house is great.""]"
,Ten,Ma maison est en bois.,French,"[""My house is made of wood.""]"
,Eleven,Ma maison est en haut de la route.,French,"[""My house is at the top of the road.""]"
,Twelve,Ma maison est face au sud.,French,"[""My house is facing south.""]"
,Thirteen,Ma maison est minuscule.,French,"[""My house is tiny.""]"
,Fourteen,Ma maison est près du parc.,French,"[""My house is near the park.""]"
,Sixteen,Ma maison était en feu.,French,"[""My house was on fire.""]"
,Seventeen,Ma maison se tient sur une colline.,French,"[""My house stands on a hill.""]"
,Eighteen,Ma mère cuisine bien.,French,"[""My mother cooks well.""]"
,Nineteen,Ma mère est dans la cuisine.,French,"[""My mother is in the kitchen.""]"
,Twenty,Ma mère est partie au salon de beauté.,French,"[""My mother went to the beauty salon.""]"
,Twenty one,Ma mère et ma tante sont jumelles.,French,"[""My mother and my aunt are twins.""]"
,Twenty two,Ma mère fait le dîner.,French,"[""My mother makes dinner.""]"
,Twenty three,Ma mère fait un gâteau pour mon père.,French,"[""My mother makes a cake for my father.""]"
,Twenty four,Ma mère nous fait du thé.,French,"[""My mother makes us tea.""]"
,Twenty five,Ma mère suit un régime.,French,"[""My mom is on a diet.""]"
,Twenty six,Ma montre est cassée.,French,"[""My watch is broken.""]"
,Twenty seven,Ma nièce est attirante et mature pour son âge.,French,"[""My niece is attractive and mature for her age.""]"
,Twenty eight,Ma nouvelle voiture est rouge.,French,"[""My new car is red.""]"
,Twenty nine,Ma peau est très sensible.,French,"[""My skin is very sensitive.""]"
,Thirty,Ma réussite est improbable.,French,"[""My success is unlikely.""]"
,Thirty one,Ma sœur a entre vingt et trente ans.,French,"[""My sister is between twenty and thirty years old.""]"
,Thirty two,Ma sœur adore les enfants.,French,"[""My sister loves children.""]"
,Thirty three,Ma sœur est célèbre.,French,"[""My sister is famous.""]"
,One,Ma sœur est mariée.,French,"[""My sister is married.""]"
,Two,Ma sœur est plus jeune que moi.,French,"[""My sister is younger than me.""]"
,Three,Ma sœur est plus petite que toi.,French,"[""My sister is shorter than you.""]"
,Four,Ma sœur est une très jolie fille.,French,"[""My sister is a very pretty girl.""]"
,Five,Ma sœur et moi sommes allés au château.,French,"[""My sister and I went to the castle.""]"
,Six,Ma sœur joue aux poupées.,French,"[""My sister is playing dolls.""]"
,Seven,Ma sœur joue du piano chaque jour.,French,"[""My sister plays the piano every day.""]"
,Eight,Ma sœur met ses trésors sous son oreiller.,French,"[""My sister puts her treasures under her pillow.""]"
,Nine,Ma sœur prend une douche tous les matins.,French,"[""My sister takes a shower every morning.""]"
,Ten,Ma sœur ressemble à ma mère.,French,"[""My sister looks like my mother.""]"
,Eleven,Ma tante avait trois enfants.,French,"[""My aunt had three children.""]"
,Twelve,Ma voiture est juste là.,French,"[""My car is right there.""]"
,Thirteen,Ma voiture est sale.,French,"[""My car is dirty.""]"
,Fourteen,Ma voiture ne démarre pas.,French,"[""My car won't start.""]"
,Sixteen,Macbeth de Shakespeare est une tragédie.,French,"[""Shakespeare's Macbeth is a tragedy.""]"
,Seventeen,Mâche bien ta nourriture.,French,"[""Chew your food well.""]"
,Eighteen,Macy Gray a traversé bien des épreuves.,French,"[""Macy Gray got through a lot of ordeals.""]"
,Nineteen,magie marronne,French,"[""hedge magic""]"
,Twenty,Mai vient après avril.,French,"[""May comes after April.""]"
,Twenty one,Maintenant je comprends tout.,French,"[""Now I understand everything.""]"
,Twenty two,Maintenant je suis en service.,French,"[""Now I am on duty.""]"
,Twenty three,Maintenant je suis sérieux.,French,"[""Now I'm serious.""]"
,Twenty four,Maintenant je suis sérieux.,French,"[""Now I am serious.""]"
,Twenty five,Maintenant laissez nous.,French,"[""Now leave us.""]"
,Twenty six,"Maintenant, la montagne est cachée par les nuages.",French,"[""Now the mountain is hidden by the clouds.""]"
,Twenty seven,Mais ouais !,French,"[""But yeah!""]"
,Twenty eight,Maîtriser une langue étrangère demande de la patience.,French,"[""Mastering a foreign language requires patience.""]"
,Twenty nine,Maman a de la fièvre.,French,"[""Mom has a fever.""]"
,Thirty,Maman a pleuré.,French,"[""Mom cried.""]"
,Thirty one,Maman a toujours raison.,French,"[""Mom is always right.""]"
,Thirty two,Maman nous a acheté un chiot.,French,"[""Mom bought us a puppy.""]"
,Thirty three,Manger au restaurant.,French,"[""To eat in a restaurant.""]"
,One,Manger des légumes est très bon pour la santé.,French,"[""Eating vegetables is very good for one's health.""]"
,Two,Manger du poisson est bon pour la santé.,French,"[""Eating fish is good for your health.""]"
,Three,Mangez-vous du riz tous les jours ?,French,"[""Do you eat rice every day?""]"
,Four,Marche devant moi.,French,"[""Walk in front of me.""]"
,Five,marcher par deux,French,"[""walk in twos""]"
,Six,Marchez-vous main dans la main ?,French,"[""Do you walk hand in hand?""]"
,Seven,marqué de coups,French,"[""scratched""]"
,Eight,Me ferez-vous une faveur ?,French,"[""Will you do me a favor?""]"
,Nine,Me trompé-je ?,French,"[""Am I wrong?""]"
,Ten,Me voici.,French,"[""Here I am.""]"
,Eleven,Me voilà satisfait.,French,"[""Here I am satisfied.""]"
,Twelve,Même les rois doivent mourir,French,"[""Even kings must die""]"
,Thirteen,Même un enfant peut faire ça.,French,"[""Even a child can do this.""]"
,Fourteen,Merci beaucoup!,French,"[""Thank you very much!""]"
,Sixteen,Merci de m'aider à fêter mon anniversaire.,French,"[""Thank you for helping me celebrate my birthday.""]"
,Seventeen,Merci de payer pour le repas.,French,"[""Please pay for the meal.""]"
,Eighteen,Merci de prendre soin de tout ceci.,French,"[""Thank you for taking care of all this.""]"
,Nineteen,Merci pour la leçon.,French,"[""Thank you for the lesson.""]"
,Twenty,Merci pour la nourriture.,French,"[""Thank you for the food.""]"
,Twenty one,Merci pour la pizza.,French,"[""Thank you for the pizza.""]"
,Twenty two,Merci pour la soupe.,French,"[""Thank you for the soup.""]"
,Twenty three,Merci pour le café.,French,"[""Thank you for the coffee.""]"
,Twenty four,Merci pour le collier.,French,"[""Thank you for the necklace.""]"
,Twenty five,Merci pour le compliment !,French,"[""Thank you for the compliment!""]"
,Twenty six,Merci pour le dîner.,French,"[""Thanks for dinner.""]"
,Twenty seven,Merci pour le repas.,French,"[""Thanks for the meal.""]"
,Twenty eight,Merci pour ton aide.,French,"[""Thank you for your help.""]"
,Twenty nine,Merci pour tout le poisson !,French,"[""Thank you for all the fish!""]"
,Thirty,Merci pour votre cadeau.,French,"[""Thank you for your gift.""]"
,Thirty one,Mère était inquiète à propos des enfants.,French,"[""Mother was worried about the children.""]"
,Thirty two,Mère était très occupée la plupart du temps.,French,"[""Mother was very busy most of the time.""]"
,Thirty three,Mes amies me manquent.,French,"[""I miss my friends.""]"
,One,Mes amis me manquent.,French,"[""I miss my friends.""]"
,Two,Mes amis sont en danger.,French,"[""My friends are in danger.""]"
,Three,Mes parents sont en Australie.,French,"[""My parents are in Australia.""]"
,Four,Mes yeux sont bleus.,French,"[""My eyes are blue.""]"
,Five,Mesure chaque angle du triangle.,French,"[""Measure each angle of the triangle.""]"
,Six,Mets la corde dans la caisse.,French,"[""Put the rope in the crate.""]"
,Seven,Mets la voiture au garage.,French,"[""Put the car in the garage.""]"
,Eight,Mets le gosse au lit !,French,"[""Put the kid in bed!""]"
,Nine,Mets le livre sur la table.,French,"[""Put the book on the table.""]"
,Ten,Mets ta chambre en ordre.,French,"[""Put your room in order.""]"
,Eleven,Mets tes chaussures et allons dîner.,French,"[""Put on your shoes and let's go to dinner.""]"
,Twelve,Mets ton manteau.,French,"[""Put on your coat.""]"
,Thirteen,Mets un peu de musique.,French,"[""Put on some music.""]"
,Fourteen,Mets-la sur le mur.,French,"[""Put it on the wall.""]"
,Sixteen,Mettez ça sur la note.,French,"[""Put that on the note.""]"
,Seventeen,Mettez votre masque.,French,"[""Put on your mask.""]"
,Eighteen,Mettons en ordre le bureau.,French,"[""Let's get the office in order.""]"
,Nineteen,mettre le feu à,French,"[""to set fire to""]"
,Twenty,mettre un coup de peinture,French,"[""to paint""]"
,Twenty one,Mike aimait beaucoup les animaux.,French,"[""Mike was very fond of animals.""]"
,Twenty two,Mike est le seul homme du comité.,French,"[""Mike is the only man on the committee.""]"
,Twenty three,minute à minute,French,"[""minute by minute""]"
,Twenty four,Minute papillon !,French,"[""Wait a minute!""]"
,Twenty five,Moi aussi,French,"[""Me too.""]"
,Twenty six,Moi aussi.,French,"[""Me too.""]"
,Twenty seven,Moi non plus.,French,"[""Neither do I.""]"
,Twenty eight,moins cinq,French,"[""minus five""]"
,Twenty nine,Mon âge me pèse.,French,"[""My age weighs me down.""]"
,Thirty,Mon ancien petit ami m'a plaquée.,French,"[""My ex-boyfriend ditched me.""]"
,Thirty one,Mon anniversaire est très près.,French,"[""It's my birthday soon.""]"
,Thirty two,Mon anniversaire était la semaine dernière.,French,"[""My birthday was last week.""]"
,Thirty three,Mon avenir est fortement lié aux finances de ma société.,French,"[""My future is strongly linked to the finances of my company.""]"
,One,Mon bateau est petit.,French,"[""My boat is small.""]"
,Two,Mon chat adore les crevettes.,French,"[""My cat loves shrimp.""]"
,Three,Mon collège comporte un dortoir.,French,"[""My college has a dormitory.""]"
,Four,Mon crime me semble irréel.,French,"[""My crime seems unreal to me.""]"
,Five,Mon école a un groupe de musique.,French,"[""My school has a music group.""]"
,Six,Mon enfant était dans la voiture.,French,"[""My child was in the car.""]"
,Seven,Mon fils est petit pour son âge.,French,"[""My son is small for his age.""]"
,Eight,Mon frère a huit ans de plus que moi.,French,"[""My brother is eight years older than me.""]"
,Nine,Mon frère a un don pour la peinture.,French,"[""My brother has a gift for painting.""]"
,Ten,Mon frère a une bonne mémoire.,French,"[""My brother has a good memory.""]"
,Eleven,Mon frère est à son bureau.,French,"[""My brother is at his office.""]"
,Twelve,Mon frère est dehors.,French,"[""My brother is outside.""]"
,Thirteen,Mon frère est en bonne santé.,French,"[""My brother is in good health.""]"
,Fourteen,Mon frère n'a rien fait.,French,"[""My brother didn't do anything.""]"
,Sixteen,Mon grand frère a une moustache.,French,"[""My older brother has a mustache.""]"
,Seventeen,Mon horloge semble cassée.,French,"[""My clock seems broken.""]"
,Eighteen,Mon idée est mieux.,French,"[""My idea is better.""]"
,Nineteen,Mon mari est au travail.,French,"[""My husband is at work.""]"
,Twenty,Mon nez coule.,French,"[""My nose is runny.""]"
,Twenty one,Mon nez est gros.,French,"[""My nose is big.""]"
,Twenty two,Mon nom est sur la porte.,French,"[""My name is on the door.""]"
,Twenty three,Mon oncle a fait fortune.,French,"[""My uncle made a fortune.""]"
,Twenty four,Mon oncle a trois enfants.,French,"[""My uncle has three children.""]"
,Twenty five,Mon oncle a une ferme dans le village.,French,"[""My uncle has a farm in the village.""]"
,Twenty six,Mon oncle est venu me voir.,French,"[""My uncle came to see me.""]"
,Twenty seven,Mon oncle vient me voir de temps en temps.,French,"[""My uncle comes to see me from time to time.""]"
,Twenty eight,Mon pantalon est mouillé.,French,"[""My pants are wet.""]"
,Twenty nine,Mon papa est un peu démodé.,French,"[""My daddy is a little old fashioned.""]"
,Thirty,Mon patron m'a accordé quelques jours de vacances supplémentaires.,French,"[""My boss gave me some extra vacation days.""]"
,Thirty one,Mon pépé croit que l'atterrissage sur la Lune était un canular.,French,"[""My grandpa believes that the moon landing was a hoax.""]"
,Thirty two,Mon père a cinq sœurs.,French,"[""My father has five sisters.""]"
,Thirty three,Mon père a coupé le bois avec une scie.,French,"[""My father cut the wood with a saw.""]"
,One,Mon père a déjà arrêté de fumer et de boire.,French,"[""My father has already quit smoking and drinking.""]"
,Two,Mon père a posé sa main sur mon épaule.,French,"[""My father put his hand on my shoulder.""]"
,Three,Mon père est à la maison.,French,"[""My father is at home.""]"
,Four,Mon père est absent à cause de son travail.,French,"[""My father is absent because of his work.""]"
,Five,Mon père est dans le jardin.,French,"[""My father is in the garden.""]"
,Six,Mon père est dans sa chambre.,French,"[""My father is in his room.""]"
,Seven,Mon père est dans un bon état depuis son opération.,French,"[""My father has been in good condition since his operation.""]"
,Eight,Mon père est grand.,French,"[""My father is grown up.""]"
,Nine,Mon père est occupé.,French,"[""My father is busy.""]"
,Ten,Mon père est sorti.,French,"[""My father came out.""]"
,Eleven,Mon père est très gentil.,French,"[""My father is very kind.""]"
,Twelve,Mon père est un chirurgien expert.,French,"[""My father is an expert surgeon.""]"
,Thirteen,Mon père est vraiment très impliqué dans la bourse à présent.,French,"[""My dad is really very involved in the stock market now.""]"
,Fourteen,Mon père et mon oncle sont jumeaux.,French,"[""My father and my uncle are twins.""]"
,Sixteen,Mon père était dans la Marine.,French,"[""My father was in the Navy.""]"
,Seventeen,Mon père était un acteur.,French,"[""My father was an actor.""]"
,Eighteen,Mon père m'a acheté une moto.,French,"[""My father bought me a motorcycle.""]"
,Nineteen,Mon père ne boit pas de liqueur.,French,"[""My dad doesn't drink liquor.""]"
,Twenty,Mon père ne me laisse pas conduire.,French,"[""My dad won't let me drive.""]"
,Twenty one,Mon père travaille dans une usine.,French,"[""My father works in a factory.""]"
,Twenty two,Mon père travaille ici.,French,"[""My father works here.""]"
,Twenty three,Mon père travaille pour une banque.,French,"[""My father works for a bank.""]"
,Twenty four,Mon père va de mieux en mieux.,French,"[""My father is getting better and better.""]"
,Twenty five,Mon petit-fils est encore un bébé.,French,"[""My grandson is still a baby.""]"
,Twenty six,Mon pouls est rapide.,French,"[""My pulse is fast.""]"
,Twenty seven,Mon sac a été volé.,French,"[""My bag is stolen.""]"
,Twenty eight,Mon sac est très lourd.,French,"[""My bag is very heavy.""]"
,Twenty nine,Mon service commence à midi.,French,"[""My service begins at noon.""]"
,Thirty,Mon travail est ma passion.,French,"[""My work is my passion.""]"
,Thirty one,Mon travail est presque fini.,French,"[""My work is almost finished.""]"
,Thirty two,Mon verre est sale.,French,"[""My glass is dirty.""]"
,Thirty three,Mon voisin est devenu fou.,French,"[""My neighbor has gone mad.""]"
,One,Monte dans la camionnette !,French,"[""Get in the van!""]"
,Two,Montez ces escaliers.,French,"[""Go up those stairs.""]"
,Three,Montez dans la banquette arrière.,French,"[""Step into the back seat.""]"
,Four,Montez.,French,"[""Go up.""]"
,Five,Montre-moi !,French,"[""Show me!""]"
,Six,Montre-moi comment faire.,French,"[""Show me how to do it.""]"
,Seven,Montre-moi un exemple.,French,"[""Show me an example.""]"
,Eight,Montrez-moi !,French,"[""Show me!""]"
,Nine,moulin à poivre,French,"[""pepper mill""]"
,Ten,N'oubliez pas d'enregistrer votre travail avant de faire la prochaine modification.,French,"[""Don't forget to save your work before performing the next edit.""]"
,Eleven,Nancy a été en bons termes avec ma sœur pendant plus de cinq ans.,French,"[""Nancy has been on good terms with my sister for over five years.""]"
,Twelve,Nancy ressemble à ma grande sœur.,French,"[""Nancy looks like my big sister.""]"
,Thirteen,Ne claque pas la porte.,French,"[""Don't slam the door.""]"
,Fourteen,Ne commence pas à faire ça.,French,"[""Don't start doing this.""]"
,Sixteen,Ne courez pas.,French,"[""Do not run.""]"
,Seventeen,Ne cours pas.,French,"[""Do not run.""]"
,Eighteen,Ne craignez point,French,"[""Fear not""]"
,Nineteen,Ne dérange pas.,French,"[""Do not disturb.""]"
,Twenty,Ne deviens pas gras.,French,"[""Don't get fat.""]"
,Twenty one,Ne dis pas ça.,French,"[""Do not say that.""]"
,Twenty two,Ne dites jamais de mensonges.,French,"[""Never tell lies.""]"
,Twenty three,Ne fais pas de bruit.,French,"[""Do not make noise.""]"
,Twenty four,Ne fais pas encore la même erreur.,French,"[""Don't make the same mistake yet.""]"
,Twenty five,Ne ferions-nous pas mieux de partir tôt ?,French,"[""Wouldn't we be better off leaving early?""]"
,Twenty six,Ne jetez pas cette tasse.,French,"[""Don't throw this mug away.""]"
,Twenty seven,Ne joue pas dans la rue.,French,"[""Don't play on the street.""]"
,Twenty eight,Ne jurez pas en public.,French,"[""Don't swear in public.""]"
,Twenty nine,Ne lâche pas la corde.,French,"[""Don't let go of the rope.""]"
,Thirty,Ne lâche pas le chien.,French,"[""Don't let go of the dog.""]"
,Thirty one,Ne laisse plus jamais cela arriver !,French,"[""Never let that happen again!""]"
,Thirty two,Ne le laissez pas ouvert.,French,"[""Don't leave it open.""]"
,Thirty three,Ne le penses-tu pas ?,French,"[""Don't you mean it?""]"
,One,Ne mange pas comme un porc.,French,"[""Don't eat like a pig.""]"
,Two,Ne mange pas les huîtres.,French,"[""Don't eat oysters.""]"
,Three,Ne mange pas trop.,French,"[""Do not eat too much.""]"
,Four,Ne marche pas si vite.,French,"[""Don't walk so fast.""]"
,Five,Ne me dites pas de me calmer !,French,"[""Don't tell me to calm down!""]"
,Six,Ne me le dis pas.,French,"[""Don't tell me.""]"
,Seven,Ne me touche pas !,French,"[""Don't touch me!""]"
,Eight,Ne montre pas tes émotions.,French,"[""Don't show your emotions.""]"
,Nine,Ne mourez pas !,French,"[""Don't die!""]"
,Ten,Ne nourris pas le chien.,French,"[""Do not feed the dog.""]"
,Eleven,Ne nous regarde pas.,French,"[""Don't look at us.""]"
,Twelve,Ne parle pas !,French,"[""Do not talk!""]"
,Thirteen,Ne parle pas comme ça.,French,"[""Don't talk like that.""]"
,Fourteen,Ne partez pas.,French,"[""Do not go.""]"
,Sixteen,ne pas être dans son assiette,French,"[""to feel under the weather""]"
,Seventeen,Ne pense pas au prix.,French,"[""Don't think about the price.""]"
,Eighteen,Ne penses-tu pas que ceci est ridicule ?,French,"[""Don't you think this is ridiculous?""]"
,Nineteen,Ne pensez-vous pas le mériter ?,French,"[""Don't you think you deserve it?""]"
,Twenty,Ne perdez pas votre porte-monnaie.,French,"[""Don't waste your wallet.""]"
,Twenty one,Ne perdons pas notre temps.,French,"[""Let's not waste our time.""]"
,Twenty two,Ne perds pas ton porte-monnaie.,French,"[""Don't lose your wallet.""]"
,Twenty three,Ne pleure plus comme un enfant.,French,"[""Don't cry like a child anymore.""]"
,Twenty four,Ne rate pas le bus.,French,"[""Don't miss the bus.""]"
,Twenty five,Ne reculez pas !,French,"[""Don't back up!""]"
,Twenty six,Ne regardons pas la télévision.,French,"[""Let's not watch television.""]"
,Twenty seven,Ne ronge pas tes ongles.,French,"[""Don't bite your nails.""]"
,Twenty eight,Ne sois pas fâché.,French,"[""Don't be angry.""]"
,Twenty nine,Ne sois pas fâché.,French,"[""Do not be mad.""]"
,Thirty,Ne sois pas fou !,French,"[""Don't be mad!""]"
,Thirty one,Ne sois pas malheureux.,French,"[""Don't be miserable.""]"
,Thirty two,Ne sois pas timide.,French,"[""Don't be shy.""]"
,Thirty three,Ne sois pas un imitateur.,French,"[""Don't be an imitator.""]"
,One,Ne sois pas un mauvais garçon.,French,"[""Don't be a bad boy.""]"
,Two,Ne sois pas un tel pauvre type !,French,"[""Don't be such a poor guy!""]"
,Three,Ne sois pas vexé.,French,"[""Don't be upset.""]"
,Four,Ne soyez pas en colère.,French,"[""Do not be angry.""]"
,Five,Ne soyez pas ridicule !,French,"[""Don't be ridiculous!""]"
,Six,Ne t'éloigne pas de mon regard.,French,"[""Don't go far out of my sight.""]"
,Seven,Ne t'inquiète pas!,French,"[""Don't worry! informal""]"
,Eight,Ne te brûle pas.,French,"[""Don't burn yourself.""]"
,Nine,Ne te fâche pas.,French,"[""Do not get mad.""]"
,Ten,Ne te lève pas.,French,"[""Do not get up.""]"
,Eleven,Ne te moque pas de moi.,French,"[""Do not make fun of me.""]"
,Twelve,ne tenir qu'à un fil,French,"[""to hang by a thread""]"
,Thirteen,Ne tire pas avantage des faiblesses des autres.,French,"[""Don't take advantage of other people's weaknesses.""]"
,Fourteen,Ne touche pas à ça.,French,"[""Don't touch that.""]"
,Sixteen,Ne triche pas.,French,"[""Don't cheat.""]"
,Seventeen,Ne va pas dans ce bâtiment.,French,"[""Don't go into this building.""]"
,Eighteen,Ne va pas dans ma chambre !,French,"[""Don't go to my room!""]"
,Nineteen,Ne veux-tu pas prendre de gâteau ?,French,"[""Don't you want to take a cake?""]"
,Twenty,Ne voulez-vous pas du thé ?,French,"[""Don't you want tea?""]"
,Twenty one,Nettoie ce bazar.,French,"[""Clean up this mess.""]"
,Twenty two,Nettoie-le.,French,"[""Clean it up.""]"
,Twenty three,Nettoyez ça.,French,"[""Clean that up.""]"
,Twenty four,Nettoyez ce bazar.,French,"[""Clean up this mess.""]"
,Twenty five,Nettoyez votre chambre.,French,"[""Clean your room.""]"
,Twenty six,Nettoyez-le.,French,"[""Clean it up.""]"
,Twenty seven,Nicole sait très bien parler japonais.,French,"[""Nicole can speak Japanese very well.""]"
,Twenty eight,Noël approche.,French,"[""Christmas is coming.""]"
,Twenty nine,Noël arrive bientôt.,French,"[""Christmas is coming soon.""]"
,Thirty,noir est le contraire de blanc,French,"[""black is the opposite of white""]"
,Thirty one,Nos gens sont partout.,French,"[""Our people are everywhere.""]"
,Thirty two,Notre cible de l'année sera le consommateur de 14-16 ans.,French,"[""Our aim for the year will be the 14-16 year old consumer.""]"
,Thirty three,Notre enquête est en cours.,French,"[""Our investigation is ongoing.""]"
,One,Notre équipe de foot bat toutes les autres équipes de la ville.,French,"[""Our soccer team beats all the other teams in town.""]"
,Two,Notre équipe est en train de gagner.,French,"[""Our team is winning.""]"
,Three,Notre famille se compose de cinq personnes.,French,"[""Our family consists of five people.""]"
,Four,Notre maison est face à la plage.,French,"[""Our house is facing the beach.""]"
,Five,Notre plan est mal parti dès le début.,French,"[""Our plan got off to a bad start from the start.""]"
,Six,Nourris le hamster.,French,"[""Feed the hamster.""]"
,Seven,Nous acceptons ton offre avec plaisir.,French,"[""We gladly accept your offer.""]"
,Eight,Nous allons à la chasse.,French,"[""We go hunting.""]"
,Nine,Nous allons au Mexique. Nous y allons.,French,"[""We are going to Mexico. We are going there.""]"
,Ten,Nous allons bien.,French,"[""We are well.""]"
,Eleven,Nous allons devoir faire ceci nous-mêmes.,French,"[""We're going to have to do this ourselves.""]"
,Twelve,Nous allons nous amuser.,French,"[""We are going to have fun.""]"
,Thirteen,Nous allons peindre le mur.,French,"[""We will paint the wall.""]"
,Fourteen,Nous allons répondre.,French,"[""We will respond.""]"
,Sixteen,Nous allons tous bien.,French,"[""We are all fine.""]"
,Seventeen,Nous attendrons.,French,"[""We will wait.""]"
,Eighteen,Nous avions tous les deux faim.,French,"[""We were both hungry.""]"
,Nineteen,Nous avons assez de temps.,French,"[""We have enough time.""]"
,Twenty,Nous avons attendu.,French,"[""We waited.""]"
,Twenty one,Nous avons attrapé le voleur.,French,"[""We caught the thief.""]"
,Twenty two,Nous avons beaucoup à faire ce matin.,French,"[""We have a lot to do this morning.""]"
,Twenty three,Nous avons beaucoup à faire.,French,"[""We have a lot to do.""]"
,Twenty four,Nous avons beaucoup de choses à acheter.,French,"[""We have a lot to buy.""]"
,Twenty five,Nous avons beaucoup de choses en commun.,French,"[""We have a lot in common.""]"
,Twenty six,Nous avons besoin de plus de temps.,French,"[""We need more time.""]"
,Twenty seven,Nous avons besoin de votre aide.,French,"[""We need your help.""]"
,Twenty eight,Nous avons des activités pour tous les goûts.,French,"[""We have activities for all tastes.""]"
,Twenty nine,Nous avons deux filles.,French,"[""We have two daughters.""]"
,Thirty,Nous avons discuté de beaucoup de choses.,French,"[""We discussed a lot of things.""]"
,Thirty one,Nous avons énormément de temps ce soir.,French,"[""We have a lot of time tonight.""]"
,Thirty two,Nous avons envoyé les invitations hier.,French,"[""We sent out the invitations yesterday.""]"
,Thirty three,Nous avons été battus.,French,"[""We have been beaten.""]"
,One,Nous avons eu une plainte.,French,"[""We had a complaint.""]"
,Two,Nous avons eu votre message.,French,"[""We got your message.""]"
,Three,Nous avons facilement deviné le mot de passe.,French,"[""We easily guessed the password.""]"
,Four,Nous avons fait beaucoup de bruit.,French,"[""We made a lot of noise.""]"
,Five,Nous avons fait ça hier.,French,"[""We did this yesterday.""]"
,Six,Nous avons fini.,French,"[""We are done.""]"
,Seven,Nous avons foi en vous.,French,"[""We have faith in you.""]"
,Eight,Nous avons gagné la bataille.,French,"[""We have won the battle.""]"
,Nine,Nous avons gagné.,French,"[""We won.""]"
,Ten,Nous avons la liberté.,French,"[""We have freedom.""]"
,Eleven,Nous avons le droit de porter des armes.,French,"[""We have the right to bear arms.""]"
,Twelve,Nous avons le même but.,French,"[""We have the same goal.""]"
,Thirteen,Nous avons loué un appartement quand nous vivions à New York.,French,"[""We rented an apartment when we lived in New York.""]"
,Fourteen,Nous avons nagé dans la mer.,French,"[""We swam in the sea.""]"
,Sixteen,Nous avons obéi au règlement.,French,"[""We obeyed the rules.""]"
,Seventeen,Nous avons oublié.,French,"[""We forgot.""]"
,Eighteen,Nous avons peu de temps à perdre.,French,"[""We have little time to waste.""]"
,Nineteen,Nous avons pris des mesures fortes pour prévenir cela.,French,"[""We have taken strong action to prevent this.""]"
,Twenty,Nous avons pris part à la discussion.,French,"[""We took part in the discussion.""]"
,Twenty one,Nous avons pris un taxi.,French,"[""We took a taxi.""]"
,Twenty two,Nous avons reçu un accueil chaleureux.,French,"[""We received a warm welcome.""]"
,Twenty three,Nous avons regardé un oiseau nourrir ses petits.,French,"[""We watched a bird feed its young.""]"
,Twenty four,Nous avons réussi.,French,"[""We have succeeded.""]"
,Twenty five,Nous avons terminé.,French,"[""We finished.""]"
,Twenty six,Nous avons tous regardé par la fenêtre.,French,"[""We all looked out the window.""]"
,Twenty seven,Nous avons un avantage.,French,"[""We have an advantage.""]"
,Twenty eight,Nous avons un contrat.,French,"[""We have a contract.""]"
,Twenty nine,Nous avons un médicament pour vous.,French,"[""We have medicine for you.""]"
,Thirty,Nous avons un prisonnier.,French,"[""We have a prisoner.""]"
,Thirty one,Nous avons un témoin.,French,"[""We have a witness.""]"
,Thirty two,Nous avons un travail important à faire ici.,French,"[""We have an important job to do here.""]"
,Thirty three,Nous avons une bonne équipe.,French,"[""We have a good team.""]"
,One,Nous avons une bonne nouvelle.,French,"[""We have good news.""]"
,Two,Nous avons une bonne vue sur la mer depuis la fenêtre.,French,"[""We have a good view of the sea from the window.""]"
,Three,Nous avons une relation inhabituelle.,French,"[""We have an unusual relationship.""]"
,Four,Nous avons une surprise.,French,"[""We have a surprise.""]"
,Five,Nous avons une théorie.,French,"[""We have a theory.""]"
,Six,Nous avons vécu à Osaka pendant dix ans avant de venir à Tokyo.,French,"[""We lived in Osaka for ten years before coming to Tokyo.""]"
,Seven,Nous avons vu le singe au zoo.,French,"[""We saw the monkey at the zoo.""]"
,Eight,Nous cherchons du lait.,French,"[""We're looking for some milk.""]"
,Nine,Nous comptons sur toi.,French,"[""We count on you.""]"
,Ten,Nous comptons sur vous.,French,"[""We are counting on you.""]"
,Eleven,Nous devons acheter un nouveau tapis pour cette pièce.,French,"[""We need to buy a new carpet for this room.""]"
,Twelve,Nous devons aller à l'école.,French,"[""We must go to school.""]"
,Thirteen,Nous devons délivrer notre rapport avant la fin du mois.,French,"[""We have to deliver our report before the end of the month.""]"
,Fourteen,Nous devons étudier la question.,French,"[""We have to study the matter.""]"
,Sixteen,Nous devons évacuer le bâtiment.,French,"[""We have to evacuate the building.""]"
,Seventeen,Nous devons former une équipe.,French,"[""We have to form a team.""]"
,Eighteen,Nous devons garder les traditions familiales.,French,"[""We must keep family traditions.""]"
,Nineteen,Nous devons nous en aller.,French,"[""We have to go.""]"
,Twenty,Nous devons partir.,French,"[""We have to leave.""]"
,Twenty one,Nous devons y aller.,French,"[""We have to go.""]"
,Twenty two,Nous en avons besoin.,French,"[""We need it.""]"
,Twenty three,Nous en avons fini.,French,"[""We are done.""]"
,Twenty four,Nous en avons terminé.,French,"[""We are done.""]"
,Twenty five,Nous en savons peu sur son histoire personnelle.,French,"[""We know little about his personal history.""]"
,Twenty six,Nous espérions avoir fini le travail avant les vacances.,French,"[""We hoped to have finished work before the holidays.""]"
,Twenty seven,Nous espérons faire un bon travail.,French,"[""We hope to do a good job.""]"
,Twenty eight,Nous espérons inviter Peter au Japon dans un futur proche.,French,"[""We hope to invite Peter to Japan in the near future.""]"
,Twenty nine,Nous espérons que vous pouvez nous aider.,French,"[""We hope you can help us.""]"
,Thirty,Nous essayons.,French,"[""We're trying.""]"
,Thirty one,Nous étions chanceux.,French,"[""We were lucky.""]"
,Thirty two,Nous ferions mieux de la laisser seule.,French,"[""We better leave her alone.""]"
,Thirty three,Nous ferons de notre mieux.,French,"[""We will do our best.""]"
,One,Nous ferons la cuisine.,French,"[""We will cook.""]"
,Two,Nous gardons la maison.,French,"[""We keep the house.""]"
,Three,Nous irons.,French,"[""We will go.""]"
,Four,Nous l'avons accompli.,French,"[""We accomplished it.""]"
,Five,Nous l'avons entièrement fait.,French,"[""We did it entirely.""]"
,Six,Nous le connaissons.,French,"[""We know him.""]"
,Seven,Nous mangeons trois fois par jour.,French,"[""We eat three times a day.""]"
,Eight,Nous ne comptons pas abandonner.,French,"[""We do not intend to give up.""]"
,Nine,Nous ne la connaissons pas.,French,"[""We don't know her.""]"
,Ten,Nous ne pouvons pas le voir.,French,"[""We can't see it.""]"
,Eleven,Nous ne savons pas.,French,"[""We do not know.""]"
,Twelve,Nous ne sommes pas riches.,French,"[""We are not rich.""]"
,Thirteen,Nous ne sommes plus très loin des chutes du Niagara.,French,"[""We're not far from Niagara Falls.""]"
,Fourteen,Nous nous attendions à beaucoup de neige.,French,"[""We expected a lot of snow.""]"
,Sixteen,Nous nous parlons tous les jours.,French,"[""We talk to each other every day.""]"
,Seventeen,Nous partirons après-demain.,French,"[""We will leave the day after tomorrow.""]"
,Eighteen,Nous pouvons essayer.,French,"[""We can try.""]"
,Nineteen,Nous pouvons payer.,French,"[""We can pay.""]"
,Twenty,Nous savons que c'est réel.,French,"[""We know it is real.""]"
,Twenty one,Nous savons tous que tu es malin.,French,"[""We all know you are smart.""]"
,Twenty two,Nous serons heureux de coopérer.,French,"[""We will be happy to cooperate.""]"
,Twenty three,Nous sommes anxieux.,French,"[""We are anxious.""]"
,Twenty four,Nous sommes arrivés en vue de la colline.,French,"[""We came within sight of the hill.""]"
,Twenty five,Nous sommes attaqués.,French,"[""We are under attack.""]"
,Twenty six,Nous sommes Canadiens.,French,"[""We are Canadians.""]"
,Twenty seven,Nous sommes chez nous.,French,"[""We are at home.""]"
,Twenty eight,Nous sommes de retour.,French,"[""We are back.""]"
,Twenty nine,Nous sommes de vieux amis.,French,"[""We are old friends.""]"
,Thirty,Nous sommes devenus des amis.,French,"[""We have become friends.""]"
,Thirty one,Nous sommes devenus la risée de tout le village.,French,"[""We have become the laughing stock of the whole village.""]"
,Thirty two,Nous sommes en guerre.,French,"[""We are at war.""]"
,Thirty three,Nous sommes en retard.,French,"[""We're late.""]"
,One,Nous sommes en sécurité.,French,"[""We are safe.""]"
,Two,Nous sommes en train de manger des pommes.,French,"[""We are eating apples.""]"
,Three,Nous sommes en ville.,French,"[""We are in town.""]"
,Four,Nous sommes encore sous le choc.,French,"[""We are still in shock.""]"
,Five,Nous sommes enfin seules.,French,"[""We are finally alone.""]"
,Six,Nous sommes enfin seuls.,French,"[""We are finally alone.""]"
,Seven,Nous sommes étudiants.,French,"[""We are students.""]"
,Eight,Nous sommes faibles.,French,"[""We are weak.""]"
,Nine,Nous sommes foutus.,French,"[""We are screwed up.""]"
,Ten,Nous sommes heureux de vous aider.,French,"[""We are happy to help you.""]"
,Eleven,Nous sommes heureux.,French,"[""We are happy.""]"
,Twelve,Nous sommes ici depuis une heure.,French,"[""We have been here for an hour.""]"
,Thirteen,Nous sommes ici pour terminer le travail.,French,"[""We are here to finish the job.""]"
,Fourteen,Nous sommes ici.,French,"[""We are here.""]"
,Sixteen,Nous sommes jeudi.,French,"[""It is Thursday.""]"
,Seventeen,Nous sommes là pour te protéger.,French,"[""We are here to protect you.""]"
,Eighteen,Nous sommes là.,French,"[""We are here.""]"
,Nineteen,Nous sommes lundi.,French,"[""It is Monday.""]"
,Twenty,Nous sommes occupés.,French,"[""We are busy.""]"
,Twenty one,Nous sommes perdus.,French,"[""We are lost.""]"
,Twenty two,Nous sommes quittes.,French,"[""We are even.""]"
,Twenty three,Nous sommes riches.,French,"[""We are rich.""]"
,Twenty four,Nous sommes ses fils.,French,"[""We are his sons.""]"
,Twenty five,Nous sommes seuls.,French,"[""We are alone.""]"
,Twenty six,Nous sommes spéciaux.,French,"[""We are special.""]"
,Twenty seven,Nous sommes tristes.,French,"[""We are sad.""]"
,Twenty eight,Nous sommes trop vieux.,French,"[""We are too old.""]"
,Twenty nine,Nous sommes une famille de quatre.,French,"[""We are a family of four.""]"
,Thirty,Nous sommes une famille.,French,"[""We are a family.""]"
,Thirty one,Nous sommes vieux amis.,French,"[""We are old friends.""]"
,Thirty two,Nous te demandons de ne pas faire ça.,French,"[""We ask you not to do this.""]"
,Thirty three,Nous tentons notre chance.,French,"[""We try our luck.""]"
,One,Nous utilisons notre bouche pour manger.,French,"[""We use our mouths to eat.""]"
,Two,Nous venons.,French,"[""We come.""]"
,Three,Nous vivons à Boston.,French,"[""We live in Boston.""]"
,Four,Nous voici donc de nouveau au même point.,French,"[""So here we are again at the same point.""]"
,Five,Nous voulons des bonbons.,French,"[""We want candy.""]"
,Six,Nous voulons la paix.,French,"[""We want peace.""]"
,Seven,Nous voulons un nouveau tapis.,French,"[""We want a new carpet.""]"
,Eight,Nous vous avons gardé un siège juste là.,French,"[""We kept a seat for you right there.""]"
,Nine,Nous vous avons vu.,French,"[""We have seen you.""]"
,Ten,Nous vous avons vue.,French,"[""We have seen you.""]"
,Eleven,Nous vous avons vues.,French,"[""We saw you.""]"
,Twelve,Nous vous avons vus.,French,"[""We saw you.""]"
,Thirteen,Nous vous demandons de ne pas faire cela.,French,"[""We ask you not to do this.""]"
,Fourteen,Nous vous exhortons de venir.,French,"[""We urge you to come.""]"
,Sixteen,Nous y allons tous.,French,"[""We all go there.""]"
,Seventeen,Nous y allons.,French,"[""We are going there.""]"
,Eighteen,Nous y sommes presque.,French,"[""We are almost there.""]"
,Nineteen,Nous y sommes tous ensemble.,French,"[""We are all there together.""]"
,Twenty,nulle part ailleurs,French,"[""nowhere else""]"
,Twenty one,Œuvres de Fermat,French,"[""Fermat's Works""]"
,Twenty two,Oh mon Dieu !,French,"[""Oh my God!""]"
,Twenty three,Oh non !,French,"[""Oh no!""]"
,Twenty four,On a besoin d'assiettes.,French,"[""We need plates.""]"
,Twenty five,On a enfin su la vérité.,French,"[""We finally found out the truth.""]"
,Twenty six,On a entendu le garçon jouer du violon.,French,"[""We heard the boy playing the violin.""]"
,Twenty seven,On a eu une énorme dispute.,French,"[""We had a huge argument.""]"
,Twenty eight,On a gagné la ligue !,French,"[""We won the league!""]"
,Twenty nine,On a gagné le match.,French,"[""We won the match.""]"
,Thirty,On a roulé à 80 km à l'heure.,French,"[""We were driving 80 km an hour.""]"
,Thirty one,On attendait mieux de toi.,French,"[""We expected better from you.""]"
,Thirty two,On croyait au ciel.,French,"[""We believed in heaven.""]"
,Thirty three,On devrait garder cette leçon à l'esprit.,French,"[""We should keep this lesson in mind.""]"
,One,On dirait que tu es fatigué.,French,"[""Looks like you are tired.""]"
,Two,On dirait une poule devant un couteau.,French,"[""It looks like a hen in front of a knife.""]"
,Three,On dit que ce canon est très puissant.,French,"[""It is said that this cannon is very powerful.""]"
,Four,On dit que l'apprentissage de l'anglais est facile.,French,"[""They say that learning English is easy.""]"
,Five,On doit respecter les règles.,French,"[""We have to follow the rules.""]"
,Six,On doit travailler dur pour réussir.,French,"[""You have to work hard to succeed.""]"
,Seven,On donna pratique à ce navire après qu'il eut fait la quarantaine.,French,"[""We gave freedom to board or disembark to the ship after it went through quarantine.""]"
,Eight,On entend souvent dire que les Japonais sont des bons travailleurs.,French,"[""We often hear that the Japanese are good workers.""]"
,Nine,On essaye.,French,"[""We try.""]"
,Ten,On est arrivés à Paris vers 9 heures.,French,"[""We arrived in Paris around 9 o'clock.""]"
,Eleven,On est en train de parler du problème en ce moment.,French,"[""We are discussing the problem at the moment.""]"
,Twelve,On est enfin seules.,French,"[""We're finally alone.""]"
,Thirteen,On est enfin seuls.,French,"[""We're finally alone.""]"
,Fourteen,On est partis !,French,"[""We left!""]"
,Sixteen,On était tous inquiets.,French,"[""We were all worried.""]"
,Seventeen,On fait le beurre avec de la crème.,French,"[""We make the butter with cream.""]"
,Eighteen,On fait une fête vendredi soir.,French,"[""We have a party Friday evening.""]"
,Nineteen,On garde contact.,French,"[""We keep in touch.""]"
,Twenty,On lui a acheté une nouvelle robe.,French,"[""We bought her a new dress.""]"
,Twenty one,On m'a demandé de devenir le gérant.,French,"[""I was asked to become the manager.""]"
,Twenty two,On m'a demandé de quitter la société.,French,"[""I was asked to leave the company.""]"
,Twenty three,On m'a demandé de réparer le vélo.,French,"[""I was asked to repair the bike.""]"
,Twenty four,On mange après avoir bu.,French,"[""We eat after we drink.""]"
,Twenty five,On mange pour vivre.,French,"[""We eat to live.""]"
,Twenty six,On ne juge pas plus les Nations par leur taille que les individus.,French,"[""Nations are no more judged by their size than individuals.""]"
,Twenty seven,On ne peut même pas faire une,French,"[""We cannot even make one""]"
,Twenty eight,On ne peut pas lui faire confiance.,French,"[""We can't trust him.""]"
,Twenty nine,On ne peut pas pêcher ici,French,"[""You can't fish here""]"
,Thirty,On ne trouve aucun tigre sauvage en Afrique.,French,"[""There are no wild tigers in Africa.""]"
,Thirty one,On ne vend ici que des chaussures pour dames.,French,"[""We only sell women's shoes here.""]"
,Thirty two,On peut le faire tous les deux.,French,"[""We can both do it.""]"
,Thirty three,On peut me faire confiance.,French,"[""You can trust me.""]"
,One,On peut parler en privé ?,French,"[""Can we talk in private?""]"
,Two,On peut voir le grand bâtiment depuis la fenêtre.,French,"[""You can see the big building from the window.""]"
,Three,On pourrait avoir besoin de toi.,French,"[""We might need you.""]"
,Four,On retourne à la case départ.,French,"[""We return to square one.""]"
,Five,On s'est amusés.,French,"[""We had fun.""]"
,Six,On s'est bien entendu dès le départ.,French,"[""We got on well from the start.""]"
,Seven,On se calme.,French,"[""We calm down.""]"
,Eight,On se connait ?,French,"[""We know each other?""]"
,Nine,On se verra au tribunal.,French,"[""We'll see you in court.""]"
,Ten,On se voit au théâtre.,French,"[""See you at the theater.""]"
,Eleven,On se voit demain à la bibliothèque.,French,"[""See you tomorrow at the library.""]"
,Twelve,On se voit en classe.,French,"[""See you in class.""]"
,Thirteen,On te réclame au téléphone.,French,"[""We ask for you on the phone.""]"
,Fourteen,On va au cinéma après.,French,"[""We'll go to the cinema afterwards.""]"
,Sixteen,On va boire un verre!,French,"[""Let's go have a drink!""]"
,Seventeen,On va te protéger.,French,"[""We will protect you.""]"
,Eighteen,On verra le résultat.,French,"[""We will see the result.""]"
,Nineteen,On y est.,French,"[""Here we are.""]"
,Twenty,opiner du chef,French,"[""to nod""]"
,Twenty one,Où allons-nous manger ?,French,"[""Where are we going to eat?""]"
,Twenty two,Où as-tu caché mon cadeau?,French,"[""Where did you hide my gift?""]"
,Twenty three,Où as-tu obtenu ceci ?,French,"[""Where did you get this?""]"
,Twenty four,Où as-tu passé tes vacances ?,French,"[""Where did you spend your holidays?""]"
,Twenty five,Où as-tu vu Nancy ?,French,"[""Where have you seen Nancy?""]"
,Twenty six,Où avez-vous appris cela ?,French,"[""Where did you learn this?""]"
,Twenty seven,Où avez-vous appris le français ?,French,"[""Where did you learn French?""]"
,Twenty eight,Où avez-vous vécu ?,French,"[""Where did you live?""]"
,Twenty nine,Où ces photos ont-elles été prises ?,French,"[""Where were these photos taken?""]"
,Thirty,Où commençons-nous ?,French,"[""Where do we start?""]"
,Thirty one,Où es-tu ?,French,"[""Where are you?""]"
,Thirty two,Où est la boîte aux lettres ?,French,"[""Where is the mailbox?""]"
,Thirty three,Où est la pharmacie ?,French,"[""Where is the pharmacy?""]"
,One,Où est la preuve ?,French,"[""Where is the proof?""]"
,Two,Où est la vaisselle ?,French,"[""Where's the dishes?""]"
,Three,Où est le beurre ?,French,"[""Where's the butter?""]"
,Four,Où est le bureau de poste le plus proche ?,French,"[""Where is the nearest post office?""]"
,Five,Où est le chien ?,French,"[""Where is the dog?""]"
,Six,Où est le couteau ?,French,"[""Where's the knife?""]"
,Seven,Où est le journal du jour ?,French,"[""Where is the newspaper of the day?""]"
,Eight,Où est le patron ?,French,"[""Where's the boss?""]"
,Nine,Où est le sac ?,French,"[""Where is the bag?""]"
,Ten,Où est le savon ?,French,"[""Where's the soap?""]"
,Eleven,Où est le truc ?,French,"[""Where's the thing?""]"
,Twelve,Où est ma bourse ?,French,"[""Where's my purse?""]"
,Thirteen,Où est ma veste ?,French,"[""Where's my jacket?""]"
,Fourteen,Où est mon pantalon ?,French,"[""Where's my pants?""]"
,Sixteen,Où est mon siège ?,French,"[""Where is my seat?""]"
,Seventeen,Où est mon téléphone ?,French,"[""Where's my phone?""]"
,Eighteen,Où est ta chambre ?,French,"[""Where is your room?""]"
,Nineteen,Où est ta chemise ?,French,"[""Where's your shirt?""]"
,Twenty,Où est ta maison ?,French,"[""Where is your home?""]"
,Twenty one,Où est ta maman ?,French,"[""Where is your mom?""]"
,Twenty two,Où est ta mère ?,French,"[""Where is your mother?""]"
,Twenty three,Où est ta valise ?,French,"[""Where's your suitcase?""]"
,Twenty four,Où est ton arme ?,French,"[""Where is your weapon?""]"
,Twenty five,Où est ton chien ?,French,"[""Where is your dog?""]"
,Twenty six,Où est ton école ?,French,"[""Where is your school?""]"
,Twenty seven,Où est ton manteau ?,French,"[""Where's your coat?""]"
,Twenty eight,Où est ton manteau ?,French,"[""Where is your coat?""]"
,Twenty nine,Où est ton passeport ?,French,"[""Where's your passport?""]"
,Thirty,Où est votre argent ?,French,"[""Where's your money?""]"
,Thirty one,Où est votre chien ?,French,"[""Where is your dog?""]"
,Thirty two,Où est-ce ?,French,"[""Where is it?""]"
,Thirty three,Où est-il allé ?,French,"[""Where did he go?""]"
,One,Où est-il? Il dort dans son lit.,French,"[""Where is he? He's sleeping in his bed.""]"
,Two,Où étais-tu ?,French,"[""Where were you?""]"
,Three,Où étais-tu passé ?,French,"[""Where have you been?""]"
,Four,Où êtes-vous ?,French,"[""Where are you?""]"
,Five,Où êtes-vous allé ?,French,"[""Where did you go?""]"
,Six,Où êtes-vous allé dimanche dernier ?,French,"[""Where did you go last Sunday?""]"
,Seven,Où êtes-vous allées ?,French,"[""Where did you go?""]"
,Eight,Où êtes-vous allés ?,French,"[""Where did you go?""]"
,Nine,Où habitez-vous ?,French,"[""Where do you live?""]"
,Ten,Ou il est fou ou il est bête.,French,"[""Either he's mad or he's stupid.""]"
,Eleven,Où irez-vous ?,French,"[""Where would you go?""]"
,Twelve,Où l'abeille vous a-t-elle piqué ?,French,"[""Where did the bee sting you?""]"
,Thirteen,Où penses-tu que tu passeras tes congés ?,French,"[""Where do you think you will spend your holidays?""]"
,Fourteen,Où puis-je avoir une carte téléphonique ?,French,"[""Where can I get a calling card?""]"
,Sixteen,Où se situe la douleur ?,French,"[""Where is the pain?""]"
,Seventeen,Où se situe la pharmacie ?,French,"[""Where is the pharmacy located?""]"
,Eighteen,Où se situe le musée le plus proche ?,French,"[""Where is the nearest museum located?""]"
,Nineteen,Où se trouve la bibliothèque ?,French,"[""Where is the library located?""]"
,Twenty,Où se trouve la gare ?,French,"[""Where is the station located?""]"
,Twenty one,Où se trouve la pharmacie ?,French,"[""Where is the pharmacy?""]"
,Twenty two,Où se trouve mon livre ?,French,"[""Where is my book?""]"
,Twenty three,Où se trouve ton école ?,French,"[""Where is your school?""]"
,Twenty four,Où sommes-nous maintenant ?,French,"[""Where are we now?""]"
,Twenty five,Où sont les enfants ?,French,"[""Where are the children?""]"
,Twenty six,Où sont les toilettes ?,French,"[""Where are the toilets?""]"
,Twenty seven,Où sont les toilettes les plus proches ?,French,"[""Where are the nearest toilets?""]"
,Twenty eight,Où sont les trois autres ?,French,"[""Where are the other three?""]"
,Twenty nine,Où sont mes livres ?,French,"[""Where are my books?""]"
,Thirty,Où suis-je ?,French,"[""Where am I?""]"
,Thirty one,Où travailles-tu ?,French,"[""Where do you work?""]"
,Thirty two,Où travaillez-vous ?,French,"[""Where do you work?""]"
,Thirty three,Où trouver un miroir ?,French,"[""Where to find a mirror?""]"
,One,Où trouver un miroir ?,French,"[""Where can I find a mirror?""]"
,Two,Où vas-tu aller cette après-midi ?,French,"[""Where are you going to go this afternoon?""]"
,Three,Où vas-tu habituellement pêcher ?,French,"[""Where do you usually go fishing?""]"
,Four,Où veux-tu aller ?,French,"[""Where do you want to go?""]"
,Five,Où veux-tu manger ?,French,"[""Where do you want to eat?""]"
,Six,Où voulez-vous aller ?,French,"[""Where do you want to go?""]"
,Seven,Où voulez-vous aller demain ?,French,"[""Where do you want to go tomorrow?""]"
,Eight,Oublie.,French,"[""Forget it.""]"
,Nine,Oubliez-le !,French,"[""Forget it!""]"
,Ten,Ouvre la bouche.,French,"[""Open your mouth.""]"
,Eleven,Ouvre la bouteille.,French,"[""Open the bottle.""]"
,Twelve,Ouvre le paquet.,French,"[""Open the package.""]"
,Thirteen,Ouvre tes yeux.,French,"[""Open your eyes.""]"
,Fourteen,Ouvrez grand la bouche.,French,"[""Open your mouth wide.""]"
,Sixteen,Ouvrez les yeux.,French,"[""Open your eyes.""]"
,Seventeen,Ouvrez vos yeux.,French,"[""Open your eyes.""]"
,Eighteen,Pan! T'es mort !,French,"[""Bang! You're dead!""]"
,Nineteen,Papa est à la maison.,French,"[""Dad is at home.""]"
,Twenty,Papa est à la maison.,French,"[""Dad is home.""]"
,Twenty one,Papa est grand.,French,"[""Dad is tall.""]"
,Twenty two,Papa gère le magasin.,French,"[""Dad runs the store.""]"
,Twenty three,par la fenêtre,French,"[""through the window""]"
,Twenty four,par pure colère,French,"[""out of pure anger""]"
,Twenty five,Par qui a été inventée cette machine ?,French,"[""Who invented this machine?""]"
,Twenty six,par surprise,French,"[""by surprise""]"
,Twenty seven,par terre,French,"[""on the ground""]"
,Twenty eight,par tout le cinéma,French,"[""all around the cinema""]"
,Twenty nine,par tristesse,French,"[""out of sadness""]"
,Thirty,par un beau jour,French,"[""on a nice day""]"
,Thirty one,par un soir,French,"[""in one evening""]"
,Thirty two,Pardon ?,French,"[""Sorry?""]"
,Thirty three,Pardonnez l'interruption.,French,"[""Forgive the interruption.""]"
,One,Parfois il est nécessaire de dire la vérité.,French,"[""Sometimes it is necessary to tell the truth.""]"
,Two,Paris est la capitale de la France.,French,"[""Paris is the capital of France.""]"
,Three,Parle avec moi.,French,"[""Talk to me.""]"
,Four,Parle doucement.,French,"[""Speak softly.""]"
,Five,Parle plus fort !,French,"[""Speak louder!""]"
,Six,Parle-moi !,French,"[""Talk to me!""]"
,Seven,Parle-t-il anglais ?,French,"[""Does he speak English?""]"
,Eight,Parlez plus fort !,French,"[""Speak louder!""]"
,Nine,Parlez-moi de cela.,French,"[""Tell me about it.""]"
,Ten,Parlez-vous à votre chien ?,French,"[""Are you talking to your dog?""]"
,Eleven,Parlons anglais.,French,"[""Let's speak English.""]"
,Twelve,Parlons un peu de cela.,French,"[""Let's talk about this a bit.""]"
,Thirteen,Pars !,French,"[""Go!""]"
,Fourteen,Pars quand tu veux.,French,"[""Leave when you want.""]"
,Sixteen,partir en voiture,French,"[""leave by car""]"
,Seventeen,partir une affaire,French,"[""to start a business""]"
,Eighteen,partout ailleurs,French,"[""everywhere else""]"
,Nineteen,Pas de Calais,French,"[""Strait of Dover""]"
,Twenty,Pas du tout.,French,"[""Not at all.""]"
,Twenty one,Pas mal !,French,"[""Not bad!""]"
,Twenty two,Pas moins de cinquante passagers ont été blessés dans cet accident de circulation.,French,"[""No less than fifty passengers were injured in this traffic accident.""]"
,Twenty three,Pas moins de trois cents dollars furent nécessaires pour ce travail.,French,"[""No less than three hundred dollars were needed for this work.""]"
,Twenty four,Pas un geste !,French,"[""Not a gesture!""]"
,Twenty five,Passe de bonnes vacances.,French,"[""Have a nice holiday.""]"
,Twenty six,Passe devant !,French,"[""Go ahead!""]"
,Twenty seven,Passe le balai.,French,"[""Pass the broom.""]"
,Twenty eight,Passe une bonne journée.,French,"[""Have a nice day.""]"
,Twenty nine,Passe-le-moi.,French,"[""Pass it to me.""]"
,Thirty,Passe-moi ce téléphone.,French,"[""Pass me that phone.""]"
,Thirty one,Passe-moi le marteau.,French,"[""Pass me the hammer.""]"
,Thirty two,Passe-moi le sel.,French,"[""Pass me the salt.""]"
,Thirty three,Passe-moi mes lunettes.,French,"[""Give me my glasses.""]"
,One,Passe-moi un coup de main.,French,"[""Give me a hand.""]"
,Two,passer une loi,French,"[""to pass a law""]"
,Three,Passez un bon séjour.,French,"[""Have a good stay.""]"
,Four,Passez-moi la clé.,French,"[""Give me the key.""]"
,Five,patin à roulettes,French,"[""roller skating""]"
,Six,payer cher,French,"[""to pay dearly""]"
,Seven,Pense à ta famille !,French,"[""Think of your family!""]"
,Eight,Pense à ton avenir.,French,"[""Think about your future.""]"
,Nine,Pense à ton futur.,French,"[""Think about your future.""]"
,Ten,Penser à mal.,French,"[""To have a bad intention.""]"
,Eleven,Penser avec justesse.,French,"[""To think with accuracy.""]"
,Twelve,Penser juste.,French,"[""To think in the right way.""]"
,Thirteen,Penses-tu sérieusement à divorcer ?,French,"[""Are you seriously considering a divorce?""]"
,Fourteen,Penses-y.,French,"[""Think about it.""]"
,Sixteen,Pensez à moi.,French,"[""Think of me.""]"
,Seventeen,Pensez-vous que ce sera la bonne taille ?,French,"[""Do you think it will be the right size?""]"
,Eighteen,Pensez-vous que ce soit une coïncidence ?,French,"[""Do you think this is a coincidence?""]"
,Nineteen,Pensez-vous que je ressemble à mon frère ?,French,"[""Do you think I look like my brother?""]"
,Twenty,Pensez-y.,French,"[""Think about it.""]"
,Twenty one,pension à taux plein,French,"[""full pension""]"
,Twenty two,Personne au monde ne veut la guerre.,French,"[""No one in the world wants war.""]"
,Twenty three,Personne n'est ravi.,French,"[""No one is delighted.""]"
,Twenty four,Personne ne connaît le futur.,French,"[""No one knows the future.""]"
,Twenty five,Personne ne le sait.,French,"[""Nobody knows it.""]"
,Twenty six,Personne ne pense cela.,French,"[""No one thinks that.""]"
,Twenty seven,Personne ne peut le faire sauf toi.,French,"[""No one can do it except you.""]"
,Twenty eight,Personne ne sait.,French,"[""Nobody knows.""]"
,Twenty nine,Personne ne saura.,French,"[""No one will know.""]"
,Thirty,Personne ne savait à quoi ressemblait la machine.,French,"[""No one knew what the machine looked like.""]"
,Thirty one,Personne ne va te blâmer.,French,"[""No one is going to blame you.""]"
,Thirty two,Personne ne va vous blâmer.,French,"[""No one is going to blame you.""]"
,Thirty three,personnes y nommées,French,"[""Persons named there""]"
,One,peu à peu,French,"[""bit by bit""]"
,Two,Peut-être devons-nous tenir compte de plusieurs problèmes.,French,"[""Maybe we should take several issues into account.""]"
,Three,Peut-être devrions-nous parler.,French,"[""Maybe we should talk.""]"
,Four,Peut-être est-ce le destin.,French,"[""Perhaps it is fate.""]"
,Five,Peut-être me suis-je trompé.,French,"[""Maybe I was wrong.""]"
,Six,Peut-être que c'est un piège.,French,"[""Maybe it is a trap.""]"
,Seven,Peut-être que c'était juste un cauchemar.,French,"[""Maybe it was just a nightmare.""]"
,Eight,Peut-être que c'était un chat.,French,"[""Maybe it was a cat.""]"
,Nine,Peux-tu développer ?,French,"[""Can you develop?""]"
,Ten,Peux-tu deviner mon âge ?,French,"[""Can you guess my age?""]"
,Eleven,Peux-tu fermer la porte ?,French,"[""Can you close the door?""]"
,Twelve,Peux-tu garder un secret ?,French,"[""Can you keep a secret?""]"
,Thirteen,Peux-tu l'épeler ?,French,"[""Can you spell it?""]"
,Fourteen,Peux-tu le faire à temps ?,French,"[""Can you do it on time?""]"
,Sixteen,Peux-tu lire ce manuscrit ?,French,"[""Can you read this manuscript?""]"
,Seventeen,Peux-tu me dire où je me situe sur cette carte ?,French,"[""Can you tell me where I am on this map?""]"
,Eighteen,Peux-tu me donner une tranche de pain ?,French,"[""Can you give me a slice of bread?""]"
,Nineteen,Peux-tu me pardonner ?,French,"[""Can you forgive me?""]"
,Twenty,Peux-tu me prêter ton vélo ?,French,"[""Can you lend me your bike?""]"
,Twenty one,Peux-tu parler de ça un peu ?,French,"[""Can you talk about that a bit?""]"
,Twenty two,Peux-tu répéter ça ?,French,"[""Can you repeat that?""]"
,Twenty three,Peux-tu voir l'image ?,French,"[""Can you see the picture?""]"
,Twenty four,Peux-tu vraiment prédire l'avenir?,French,"[""Can you really predict the future?""]"
,Twenty five,Picasso est un artiste célèbre que tout le monde connaît.,French,"[""Picasso is a famous artist that everyone knows.""]"
,Twenty six,piste cyclable,French,"[""bicycle path""]"
,Twenty seven,piste d'atterrissage,French,"[""landing runway""]"
,Twenty eight,piste de danse,French,"[""dance floor""]"
,Twenty nine,pistolet à six coups,French,"[""six-shot pistol""]"
,Thirty,Plaît-il ?,French,"[""Pleasure?""]"
,Thirty one,Plus de la moitié reste.,French,"[""More than half is left.""]"
,Thirty two,plus vite !,French,"[""faster!""]"
,Thirty three,Poisson sans boisson est poison.,French,"[""Fish gotta swim.""]"
,One,Port franc,French,"[""Free port""]"
,Two,Portez des vêtements chauds.,French,"[""Wear warm clothes.""]"
,Three,Pose ce pistolet sur la table.,French,"[""Put this gun on the table.""]"
,Four,Posez-le sur la table.,French,"[""Put it on the table.""]"
,Five,poulet à la broche,French,"[""chicken on the spit""]"
,Six,Pour quel département travailles-tu ?,French,"[""What department do you work for?""]"
,Seven,Pour qui travailles-tu ?,French,"[""Who are you working for?""]"
,Eight,Pour quoi faire ?,French,"[""To do what?""]"
,Nine,Pour rester éveillé je devrais peut-être boire un peu plus de café.,French,"[""To stay awake maybe I should drink some more coffee.""]"
,Ten,Pourquoi ?,French,"[""Why?""]"
,Eleven,Pourquoi as-tu démissionné ?,French,"[""Why did you quit?""]"
,Twelve,Pourquoi as-tu fais cela ?,French,"[""Why did you do this?""]"
,Thirteen,Pourquoi as-tu peint le banc en rouge ?,French,"[""Why did you paint the bench red?""]"
,Fourteen,Pourquoi demandes-tu ?,French,"[""Why do you ask?""]"
,Sixteen,Pourquoi devrais-je attendre ?,French,"[""Why should I wait?""]"
,Seventeen,Pourquoi es-tu en retard ?,French,"[""Why are you late?""]"
,Eighteen,Pourquoi es-tu seul ?,French,"[""Why are you alone?""]"
,Nineteen,Pourquoi es-tu si dur avec toi-même ?,French,"[""Why are you so hard on yourself?""]"
,Twenty,Pourquoi es-tu si en colère ?,French,"[""Why are you so angry?""]"
,Twenty one,Pourquoi es-tu venu au Japon ?,French,"[""Why did you come to Japan?""]"
,Twenty two,Pourquoi est-elle si populaire ?,French,"[""Why is it so popular?""]"
,Twenty three,Pourquoi êtes-vous en retard ?,French,"[""Why are you late?""]"
,Twenty four,Pourquoi êtes-vous seules ?,French,"[""Why are you alone?""]"
,Twenty five,Pourquoi êtes-vous seuls ?,French,"[""Why are you alone?""]"
,Twenty six,Pourquoi êtes-vous si dure avec vous-même ?,French,"[""Why are you being so hard on yourself?""]"
,Twenty seven,Pourquoi étudiez-vous le français ?,French,"[""Why are you studying French?""]"
,Twenty eight,Pourquoi ils ont fait ça ?,French,"[""Why did they do this?""]"
,Twenty nine,Pourquoi pensez-vous ça ?,French,"[""Why do you think that?""]"
,Thirty,Pourquoi portes-tu toujours ce chapeau ?,French,"[""Why are you still wearing this hat?""]"
,Thirty one,Pourquoi portez-vous toujours ce chapeau ?,French,"[""Why do you always wear this hat?""]"
,Thirty two,Pourquoi suis-je toujours en vie ?,French,"[""Why am I still alive?""]"
,Thirty three,Pourrais-je regarder la télévision maintenant ?,French,"[""Can I watch TV now?""]"
,One,Pourrais-tu attendre une minute ?,French,"[""Could you wait a minute?""]"
,Two,Pourrais-tu être silencieux ?,French,"[""Could you be silent?""]"
,Three,Pourrais-tu pousser la porte pour l'ouvrir ?,French,"[""Could you push the door to open it?""]"
,Four,Pourriez-vous attendre une minute ?,French,"[""Could you wait a minute?""]"
,Five,Pourrions-nous avoir une cuillère ?,French,"[""Could we have a spoon?""]"
,Six,Pourrions-nous en discuter ?,French,"[""Could we discuss it?""]"
,Seven,Pourrions-nous en faire une priorité ?,French,"[""Could we make it a priority?""]"
,Eight,Poursuis !,French,"[""Continue!""]"
,Nine,Pouvez-vous conduire une voiture ?,French,"[""Can you drive a car?""]"
,Ten,Pouvez-vous essayer ?,French,"[""Can you try?""]"
,Eleven,Pouvez-vous le décrire ?,French,"[""Can you describe it?""]"
,Twelve,Pouvez-vous les identifier ?,French,"[""Can you identify them?""]"
,Thirteen,Pouvez-vous me montrer comment le faire ?,French,"[""Can you show me how to do it?""]"
,Fourteen,Pouvez-vous monter à cheval ?,French,"[""Can you ride a horse?""]"
,Sixteen,Pouvez-vous nous aider ?,French,"[""Can you help us?""]"
,Seventeen,Pouvez-vous nous attendre jusque vers midi ?,French,"[""Can you wait for us until about noon?""]"
,Eighteen,Pouvez-vous nous prendre en photo avec cet appareil ?,French,"[""Can you take a picture of us with this camera?""]"
,Nineteen,Pouvez-vous répéter ce que vous avez dit?,French,"[""Can you repeat what you said?""]"
,Twenty,Pouvez-vous rester ?,French,"[""Can you stay?""]"
,Twenty one,Pouvons-nous arranger ça ?,French,"[""Can we fix this?""]"
,Twenty two,Pouvons-nous avoir une fourchette ?,French,"[""Can we have a fork?""]"
,Twenty three,Pouvons-nous sauver la planète ?,French,"[""Can we save the planet?""]"
,Twenty four,Pouvons-nous vous aider ?,French,"[""Can we help you?""]"
,Twenty five,Pouvons-nous y aller ?,French,"[""Can we go there?""]"
,Twenty six,Préférez-vous la viande ou le poisson ?,French,"[""Do you prefer meat or fish?""]"
,Twenty seven,Préférez-vous le thé ou le café ?,French,"[""Do you prefer tea or coffee?""]"
,Twenty eight,prendre de l'avance,French,"[""to gain ground""]"
,Twenty nine,prendre de la bouteille,French,"[""to gain experience""]"
,Thirty,prendre de la hauteur,French,"[""to gain some perspective""]"
,Thirty one,prendre de la vitesse,French,"[""to gain speed""]"
,Thirty two,prendre des mesures draconiennes,French,"[""to take draconian measures""]"
,Thirty three,prendre du galon,French,"[""to gain a promotion""]"
,One,prendre du poids,French,"[""to gain weight""]"
,Two,prendre du recul,French,"[""to take a step back""]"
,Three,prendre feu,French,"[""to catch fire""]"
,Four,Prendre soin du bébé est mon travail.,French,"[""Taking care of the baby is my job.""]"
,Five,prendre un cliché,French,"[""take a snapshot""]"
,Six,prendre une décision,French,"[""to make a decision""]"
,Seven,Prends autant de boîtes que tu peux porter.,French,"[""Take as many boxes as you can carry.""]"
,Eight,Prends ce que tu aimes.,French,"[""Take what you like.""]"
,Nine,Prends celui que tu préfères.,French,"[""Take the one you like best.""]"
,Ten,Prends la mienne.,French,"[""Take mine.""]"
,Eleven,Prends le mien.,French,"[""Take mine.""]"
,Twelve,Prends le volant.,French,"[""Take the wheel.""]"
,Thirteen,Prends les miennes.,French,"[""Take mine.""]"
,Fourteen,Prends les miens.,French,"[""Take mine.""]"
,Sixteen,prends ma main.,French,"[""take my hand.""]"
,Seventeen,Prends ma part de gâteau si tu veux.,French,"[""Take my piece of cake if you want.""]"
,Eighteen,Prends soin de toi.,French,"[""Take care of yourself.""]"
,Nineteen,Prends tes jambes à ton cou !,French,"[""Take your legs around your neck!""]"
,Twenty,Prends ton manteau.,French,"[""Take your coat.""]"
,Twenty one,Prends un beignet.,French,"[""Take a donut.""]"
,Twenty two,Prends un numéro !,French,"[""Take a number!""]"
,Twenty three,Prends un parapluie.,French,"[""Take an umbrella.""]"
,Twenty four,Prends une douche !,French,"[""Take a shower!""]"
,Twenty five,Prends-en un autre.,French,"[""Take another one.""]"
,Twenty six,Prenez du jambon.,French,"[""Take some ham.""]"
,Twenty seven,Prenez le mien.,French,"[""Take mine.""]"
,Twenty eight,Prenez les escaliers.,French,"[""Take the stairs.""]"
,Twenty nine,Prenez les miennes.,French,"[""Take mine.""]"
,Thirty,Prenez les miens.,French,"[""Take mine.""]"
,Thirty one,Prenez quelque repos !,French,"[""Take some rest!""]"
,Thirty two,Prenez soin de vous.,French,"[""Take care of yourself.""]"
,Thirty three,Prenez un bus.,French,"[""Take a bus.""]"
,One,Prenez votre temps.,French,"[""Take your time.""]"
,Two,Prenez-en soin !,French,"[""Take care of it!""]"
,Three,Prenez-le !,French,"[""Take it!""]"
,Four,Prennent-ils bien soin de toi ?,French,"[""Are they taking good care of you?""]"
,Five,Prennent-ils bien soin de vous ?,French,"[""Are they taking good care of you?""]"
,Six,Prenons des sushi.,French,"[""Let's take sushi.""]"
,Seven,Prenons un raccourci.,French,"[""Let's take a shortcut.""]"
,Eight,Prenons une photo.,French,"[""Let's take a picture.""]"
,Nine,Prépare-toi.,French,"[""Get ready.""]"
,Ten,préparer son coup,French,"[""to make preparations""]"
,Eleven,Préparez-vous.,French,"[""Prepare yourselves.""]"
,Twelve,Présentes-tu souvent ce symptôme ?,French,"[""Do you often have this symptom?""]"
,Thirteen,Présentez mes respects à vos parents.,French,"[""Give my respects to your parents.""]"
,Fourteen,Prête-moi quelque chose pour couper cela.,French,"[""Lend me something to cut this off.""]"
,Sixteen,prêter des intentions à quelqu'un,French,"[""to accuse someone of intentions"",""to accuse someone of motives""]"
,Seventeen,Promets-tu ?,French,"[""Do you promise?""]"
,Eighteen,Puis-je aider ?,French,"[""Can I help?""]"
,Nineteen,Puis-je aller au lit ?,French,"[""Can I go to bed?""]"
,Twenty,Puis-je allumer la télévision ?,French,"[""Can I turn on the television?""]"
,Twenty one,Puis-je avoir cette danse ?,French,"[""Can I have this dance?""]"
,Twenty two,Puis-je avoir du riz ?,French,"[""Can I have rice?""]"
,Twenty three,Puis-je avoir un oreiller ?,French,"[""May I have a pillow?""]"
,Twenty four,Puis-je avoir un programme ?,French,"[""Can I have a program?""]"
,Twenty five,Puis-je avoir une signature ?,French,"[""Can I have a signature?""]"
,Twenty six,Puis-je emprunter ce livre ?,French,"[""Can I borrow this book?""]"
,Twenty seven,Puis-je emprunter le tien ?,French,"[""Can I borrow yours?""]"
,Twenty eight,Puis-je emprunter une règle ?,French,"[""Can I borrow a ruler?""]"
,Twenty nine,Puis-je éteindre la télé ?,French,"[""Can I turn off the TV?""]"
,Thirty,Puis-je être excusé ?,French,"[""Can I be excused?""]"
,Thirty one,Puis-je faire une remarque ?,French,"[""Can I make a comment?""]"
,Thirty two,Puis-je faire une réservation pour un golf ?,French,"[""Can I make a reservation for a golf course?""]"
,Thirty three,Puis-je fumer ici ?,French,"[""Can I smoke here?""]"
,One,Puis-je jeter un œil au magazine ?,French,"[""Can I take a look at the magazine?""]"
,Two,Puis-je le dire une dernière fois ?,French,"[""Can I say it one last time?""]"
,Three,Puis-je manger ce gâteau ?,French,"[""Can I eat this cake?""]"
,Four,Puis-je manger ceci ?,French,"[""Can I eat this?""]"
,Five,Puis-je manger cette pomme ?,French,"[""Can I eat this apple?""]"
,Six,Puis-je manger une autre part de gâteau ?,French,"[""Can I eat another piece of cake?""]"
,Seven,Puis-je me présenter ?,French,"[""Can I introduce myself?""]"
,Eight,Puis-je parler à la dame de la maison?,French,"[""Can I speak to the lady of the house?""]"
,Nine,Puis-je poser une question ?,French,"[""Can I ask a question?""]"
,Ten,Puis-je prendre ton manteau ?,French,"[""Can I take your coat?""]"
,Eleven,Puis-je prendre un peu de repos ?,French,"[""Can I take some rest?""]"
,Twelve,Puis-je prolonger mon séjour ?,French,"[""Can I extend my stay?""]"
,Thirteen,Puis-je rentrer à la maison maintenant ?,French,"[""Can I go home now?""]"
,Fourteen,Puis-je rester ?,French,"[""Can i stay?""]"
,Sixteen,Puis-je revenir ?,French,"[""Can I come back?""]"
,Seventeen,Puis-je savoir où vous travaillez ?,French,"[""May I know where you work?""]"
,Eighteen,Puis-je t'offrir une autre bière ?,French,"[""Can I offer you another beer?""]"
,Nineteen,Puis-je te parler ?,French,"[""Can I talk to you?""]"
,Twenty,Puis-je te parler de ton fils ?,French,"[""Can I tell you about your son?""]"
,Twenty one,Puis-je te servir un verre ?,French,"[""Can I serve you a drink?""]"
,Twenty two,Puis-je te voir dans mon bureau ?,French,"[""Can I see you in my office?""]"
,Twenty three,Puis-je tomber la veste ?,French,"[""Can I drop the jacket?""]"
,Twenty four,Puis-je utiliser le téléphone ?,French,"[""May I use the phone?""]"
,Twenty five,Puis-je utiliser ton dictionnaire ?,French,"[""Can I use your dictionary?""]"
,Twenty six,Puis-je utiliser ton téléphone ?,French,"[""Can I use your phone?""]"
,Twenty seven,Puis-je utiliser votre bureau ?,French,"[""Can I use your office?""]"
,Twenty eight,Puis-je utiliser votre crayon ?,French,"[""Can I use your pencil?""]"
,Twenty nine,Puis-je utiliser votre téléphone ?,French,"[""May I use your phone?""]"
,Thirty,Puis-je venir ?,French,"[""Can I come?""]"
,Thirty one,Puis-je vous aider ?,French,"[""Can I help you?""]"
,Thirty two,Puis-je vous aider?,French,"[""May I help you?""]"
,Thirty three,Puis-je vous demander de fermer la fenêtre ?,French,"[""Can I ask you to close the window?""]"
,One,Puis-je vous embrasser ?,French,"[""Can I kiss you?""]"
,Two,Puis-je vous faire une place à table ?,French,"[""Can I make room for you at the table?""]"
,Three,Puis-je vous offrir ma chaise ?,French,"[""Can I offer you my chair?""]"
,Four,Puis-je vous offrir un verre?,French,"[""Can I offer you a drink?""]"
,Five,Puis-je vous parler de votre fils ?,French,"[""Can I tell you about your son?""]"
,Six,Puis-je vous voir une seconde ?,French,"[""Can I see you for a second?""]"
,Seven,Punir les mauvais et sauver les faibles.,French,"[""Punish the bad and save the weak.""]"
,Eight,Qu'est-ce que tu fais ?,French,"[""What are you doing?""]"
,Nine,Qu'est-il arrivé ?,French,"[""What happened?""]"
,Ten,Quand appelleras-tu ?,French,"[""When will you call?""]"
,Eleven,Quand avez-vous appris à nager ?,French,"[""When did you learn to swim?""]"
,Twelve,Quand es-tu occupé ?,French,"[""When are you busy?""]"
,Thirteen,Quand est-ce que ça arrivera ?,French,"[""When will this happen?""]"
,Fourteen,Quand est-elle née ?,French,"[""When she was born?""]"
,Sixteen,Quand est-il mort?,French,"[""When did he die?""]"
,Seventeen,Quand est-il revenu ?,French,"[""When did he come back?""]"
,Eighteen,Quand le monde connaîtra-t-il une fin ?,French,"[""When will the world come to an end?""]"
,Nineteen,Quand pars-tu ?,French,"[""When are you leaving?""]"
,Twenty,Quand puis-je te rendre visite ?,French,"[""When can I visit you?""]"
,Twenty one,Quand puis-je vous rendre visite ?,French,"[""When can I visit you?""]"
,Twenty two,Quand vas-tu partir ?,French,"[""When will you leave?""]"
,Twenty three,quatre de pique,French,"[""four of spades""]"
,Twenty four,quatre jours francs,French,"[""four full days""]"
,Twenty five,Que cela reste entre nous!,French,"[""Let it stay between us!""]"
,Twenty six,Que devraient-ils faire dans cette situation ?,French,"[""What should they do in this situation?""]"
,Twenty seven,Que devrais-je faire ensuite ?,French,"[""What should I do next?""]"
,Twenty eight,Que devrais-je manger ?,French,"[""What should I eat?""]"
,Twenty nine,Que dis-tu d'un barbecue dimanche prochain ?,French,"[""What do you say about a barbecue next Sunday?""]"
,Thirty,Que dis-tu si on sort dîner ce soir ?,French,"[""What do you say if we go out to dinner tonight?""]"
,Thirty one,Que fais-tu ?,French,"[""What are you doing?""]"
,Thirty two,Que fais-tu ici à cette heure de la nuit ?,French,"[""What are you doing here at this hour of the night?""]"
,Thirty three,Que faisais-tu avant ça ?,French,"[""What were you doing before that?""]"
,One,Que faisiez-vous avant ceci ?,French,"[""What were you doing before this?""]"
,Two,Que faites-vous ?,French,"[""What are you doing?""]"
,Three,Que ferais-tu différemment ?,French,"[""What would you do differently?""]"
,Four,Que font-ils ?,French,"[""What do they do?""]"
,Five,Que lis-tu ?,French,"[""What are you reading?""]"
,Six,Que me vaut cette visite ?,French,"[""To what do I owe this visit?""]"
,Seven,Que pensez-vous de cet homme ?,French,"[""What do you think about this man?""]"
,Eight,Que pensez-vous de cette peinture ?,French,"[""What do you think of that painting?""]"
,Nine,Que pensez-vous faire ?,French,"[""What do you intend to do?""]"
,Ten,Que peux-tu me dire sur ça ?,French,"[""What can you tell me about this?""]"
,Eleven,Que pouvez-vous me dire à propos de cela ?,French,"[""What can you tell me about this?""]"
,Twelve,Que prends-tu au petit-déjeuner ?,French,"[""What do you take for breakfast?""]"
,Thirteen,Que présage cette nouvelle ?,French,"[""What does this news portend?""]"
,Fourteen,Que prévois-tu de faire après que tout cela sera fini ?,French,"[""What do you plan to do after this is all over?""]"
,Sixteen,Que puis-je faire pour vous ?,French,"[""What can I do for you?""]"
,Seventeen,Que représente ce tableau ?,French,"[""What does this table represent?""]"
,Eighteen,Que sais-tu de tout ceci ?,French,"[""What do you know about all this?""]"
,Nineteen,Que savez-vous de tout ceci ?,French,"[""What do you know about all this?""]"
,Twenty,Que signifie ce mot ?,French,"[""What does that word mean?""]"
,Twenty one,Que signifie tout ceci ?,French,"[""What does all of this mean?""]"
,Twenty two,Que sommes-nous ?,French,"[""What are we?""]"
,Twenty three,Que vas tu faire demain ?,French,"[""What are you going to do tomorrow?""]"
,Twenty four,Que vas-tu faire ?,French,"[""What will you do?""]"
,Twenty five,Que veut faire ton fils quand il sera grand ?,French,"[""What does your son want to do when he grows up?""]"
,Twenty six,Que veut le chat ?,French,"[""What does the cat want?""]"
,Twenty seven,Que veux-tu ?,French,"[""What do you want?""]"
,Twenty eight,Que veux-tu pour ton anniversaire ?,French,"[""What do you want for your birthday?""]"
,Twenty nine,Que voudrais-tu comme dessert ?,French,"[""What would you like for dessert?""]"
,Thirty,Que voudrais-tu faire tant que tu es ici ?,French,"[""What would you like to do while you're here?""]"
,Thirty one,Que voulez-vous manger ?,French,"[""What do you want to eat?""]"
,Thirty two,Que voulez-vous manger ce week-end ?,French,"[""What do you want to eat this weekend?""]"
,Thirty three,Quel âge a ta sœur ?,French,"[""How old is your sister?""]"
,One,Quel âge a votre petit frère ?,French,"[""How old is your little brother?""]"
,Two,Quel âge a votre petite sœur ?,French,"[""How old is your little sister?""]"
,Three,Quel âge a-t-il ?,French,"[""How old is he?""]"
,Four,Quel âge avez-vous ?,French,"[""How old are you?""]"
,Five,Quel chapeau est le tien ?,French,"[""Which hat is yours?""]"
,Six,Quel choc !,French,"[""What a shock!""]"
,Seven,Quel est ce gros bâtiment en face de nous ?,French,"[""What is this big building in front of us?""]"
,Eight,Quel est cet oiseau ?,French,"[""What is this bird?""]"
,Nine,Quel est le but de votre voyage ?,French,"[""What is the purpose of your trip?""]"
,Ten,Quel est le chemin vers la sortie ?,French,"[""What is the way to the exit?""]"
,Eleven,Quel est le nom de cet oiseau ?,French,"[""What is the name of this bird?""]"
,Twelve,Quel est le nom de ton cheval ?,French,"[""What is the name of your horse?""]"
,Thirteen,Quel est le numéro de ma chambre ?,French,"[""What is my room number?""]"
,Fourteen,Quel est le prix de ce chapeau ?,French,"[""What is the price of this hat?""]"
,Sixteen,Quel est le prix de cette montre ?,French,"[""What is the price of this watch?""]"
,Seventeen,Quel est le résultat ?,French,"[""What is the result?""]"
,Eighteen,Quel est son but ?,French,"[""What is its purpose?""]"
,Nineteen,Quel est ton chien ?,French,"[""What is your dog?""]"
,Twenty,Quel est ton meilleur prix ?,French,"[""What is your best price?""]"
,Twenty one,Quel est ton métier ?,French,"[""What is your profession?""]"
,Twenty two,Quel est ton nom ?,French,"[""What is your name?""]"
,Twenty three,Quel est ton numéro ?,French,"[""What is your number?""]"
,Twenty four,Quel est ton plan ?,French,"[""What is your plan?""]"
,Twenty five,Quel est tout ce bruit ?,French,"[""What is all this noise?""]"
,Twenty six,Quel est votre nom ?,French,"[""What is your name?""]"
,Twenty seven,Quel est votre nom de famille ?,French,"[""What is your surname?""]"
,Twenty eight,Quel est votre prénom ?,French,"[""What is your first name?""]"
,Twenty nine,Quel fiasco !,French,"[""What a fiasco!""]"
,Thirty,Quel film avez-vous vu ?,French,"[""What movie did you see?""]"
,Thirty one,Quel fruit aimes-tu le plus ?,French,"[""Which fruit do you like the most?""]"
,Thirty two,Quel genre de film voulez-vous regarder ?,French,"[""What kind of movie do you want to watch?""]"
,Thirty three,Quel genre de livre tu lis ?,French,"[""What kind of book are you reading?""]"
,One,Quel genre de poisson est votre préféré ?,French,"[""What kind of fish is your favorite?""]"
,Two,Quel genre de souvenirs est-ce que tu as acheté ?,French,"[""What kind of souvenirs did you buy?""]"
,Three,Quel genre de tatouage veux-tu ?,French,"[""What kind of tattoo do you want?""]"
,Four,Quel genre de tatouages voulez-vous ?,French,"[""What kind of tattoos do you want?""]"
,Five,Quel genre de voiture as-tu ?,French,"[""What kind of car do you have?""]"
,Six,Quel gros camion !,French,"[""What a big truck!""]"
,Seven,Quel homme chanceux il est.,French,"[""What a lucky man he is.""]"
,Eight,Quel homme étrange !,French,"[""What a strange man!""]"
,Nine,Quel livre est le vôtre ?,French,"[""Which book is yours?""]"
,Ten,Quel malheur !,French,"[""What a misfortune!""]"
,Eleven,Quel miracle !,French,"[""What a miracle!""]"
,Twelve,Quel pays !,French,"[""What a country!""]"
,Thirteen,Quel plaisir !,French,"[""What a pleasure!""]"
,Fourteen,Quel soulagement !,French,"[""What a relief!""]"
,Sixteen,Quel temps fait-il ?,French,"[""What weather is it?""]"
,Seventeen,quel temps fait-il ?,French,"[""how's the weather?""]"
,Eighteen,Quel temps fait-il là-bas ?,French,"[""What is the weather there?""]"
,Nineteen,Quel trésor !,French,"[""What a treasure!""]"
,Twenty,Quel vent !,French,"[""What a wind!""]"
,Twenty one,Quelle barbe !,French,"[""What a bore!""]"
,Twenty two,Quelle couleur aimez-vous ?,French,"[""What color do you like?""]"
,Twenty three,Quelle distance y a-t-il entre ici et le musée ?,French,"[""How far is it from here to the museum?""]"
,Twenty four,Quelle équipe !,French,"[""What a team!""]"
,Twenty five,Quelle équipe gagnera la partie ?,French,"[""Which team will win the game?""]"
,Twenty six,Quelle équipe va gagner ?,French,"[""Which team will win?""]"
,Twenty seven,Quelle est cette chanson ?,French,"[""What is this song?""]"
,Twenty eight,Quelle est la cible ?,French,"[""What is the target?""]"
,Twenty nine,Quelle est la dent qui fait mal ?,French,"[""Which tooth hurts?""]"
,Thirty,Quelle est la destination de ce bateau ?,French,"[""What is the destination of this boat?""]"
,Thirty one,Quelle est la marque ?,French,"[""What is the brand?""]"
,Thirty two,Quelle est la profondeur du lac ?,French,"[""How deep is the lake?""]"
,Thirty three,Quelle est leur histoire ?,French,"[""What is their story?""]"
,One,Quelle est ma récompense ?,French,"[""What is my reward?""]"
,Two,Quelle est ta spécialité ?,French,"[""What is your specialty?""]"
,Three,Quelle est votre adresse ?,French,"[""What is your address?""]"
,Four,Quelle était ta question ?,French,"[""What was your question?""]"
,Five,Quelle étrange histoire !,French,"[""What a strange story!""]"
,Six,Quelle exécution remarquable !,French,"[""What a remarkable execution!""]"
,Seven,Quelle heure est-il sur ta montre ?,French,"[""What time is it on your watch?""]"
,Eight,Quelle histoire !,French,"[""What a story!""]"
,Nine,Quelle horreur !,French,"[""What a horror!""]"
,Ten,Quelle hypocrite !,French,"[""What a hypocrite!""]"
,Eleven,Quelle idée !,French,"[""What an idea!""]"
,Twelve,Quelle invention merveilleuse !,French,"[""What a wonderful invention!""]"
,Thirteen,Quelle occasion!,French,"[""What an opportunity!""]"
,Fourteen,Quelle partie de ton corps est la plus excitante ?,French,"[""What part of your body is the most exciting?""]"
,Sixteen,Quelle partie est fausse ?,French,"[""Which part is wrong?""]"
,Seventeen,Quelle partie est mauvaise ?,French,"[""Which part is bad?""]"
,Eighteen,Quelle remarquable interprétation !,French,"[""What a remarkable interpretation!""]"
,Nineteen,Quelle révélation !,French,"[""What a revelation!""]"
,Twenty,Quelle sorte de dingue es-tu ?,French,"[""What kind of crazy are you?""]"
,Twenty one,Quelle sorte de musique aimez-vous ?,French,"[""What kind of music do you like?""]"
,Twenty two,Quelle taille fait ce parc ?,French,"[""How big is this park?""]"
,Twenty three,Quelle tragédie !,French,"[""What a tragedy!""]"
,Twenty four,Quelles sont les dimensions de cette pièce ?,French,"[""What are the dimensions of this room?""]"
,Twenty five,Quelque chose cloche.,French,"[""Something is wrong.""]"
,Twenty six,Quelque chose est différent.,French,"[""Something is different.""]"
,Twenty seven,Quelque chose ne va pas ?,French,"[""Something is wrong?""]"
,Twenty eight,Quelques camarades me virent lui donner du chocolat.,French,"[""A few comrades saw me give him chocolate.""]"
,Twenty nine,Quels produits sont actuellement en vente ?,French,"[""What products are currently for sale?""]"
,Thirty,Quels sont tes points forts ?,French,"[""What are your strengths?""]"
,Thirty one,Quels sports aimez-vous ?,French,"[""What sports do you like?""]"
,Thirty two,Question de fierté.,French,"[""A matter of pride.""]"
,Thirty three,Qui a cassé la chaise ?,French,"[""Who broke the chair?""]"
,One,Qui a cassé la fenêtre ?,French,"[""Who broke the window?""]"
,Two,Qui a cassé la tasse ?,French,"[""Who broke the cup?""]"
,Three,Qui a fabriqué la poupée ?,French,"[""Who made the doll?""]"
,Four,Qui a fait ça ?,French,"[""Who did that?""]"
,Five,Qui a fait ce gâteau ?,French,"[""Who made this cake?""]"
,Six,Qui a fait cette tarte ?,French,"[""Who made this pie?""]"
,Seven,Qui a fait cette tourte ?,French,"[""Who made this pie?""]"
,Eight,Qui a gagné ?,French,"[""Who won?""]"
,Nine,Qui a hurlé ?,French,"[""Who screamed?""]"
,Ten,Qui a organisé cette réunion ?,French,"[""Who organized this meeting?""]"
,Eleven,Qui a parlé ?,French,"[""Who spoke?""]"
,Twelve,Qui aime les haricots ?,French,"[""Who likes beans?""]"
,Thirteen,Qui en veut ?,French,"[""Who wants some?""]"
,Fourteen,Qui es-tu pour juger ?,French,"[""Who are you to judge?""]"
,Sixteen,Qui essayez-vous d'impressionner ?,French,"[""Who are you trying to impress?""]"
,Seventeen,Qui est cet homme ?,French,"[""Who is that man?""]"
,Eighteen,Qui est cette femme ?,French,"[""Who is this woman?""]"
,Nineteen,Qui est cette femme qui porte un manteau brun ?,French,"[""Who is this woman wearing a brown coat?""]"
,Twenty,Qui est cette personne ?,French,"[""Who is this person?""]"
,Twenty one,Qui est derrière le complot ?,French,"[""Who is behind the plot?""]"
,Twenty two,Qui est ici avec vous ?,French,"[""Who is here with you?""]"
,Twenty three,Qui est le commandant de ce navire ?,French,"[""Who is the commander of this ship?""]"
,Twenty four,Qui est le propriétaire de cette maison ?,French,"[""Who is the owner of this house?""]"
,Twenty five,Qui est propriétaire de cette maison ?,French,"[""Who owns this house?""]"
,Twenty six,Qui est votre mère ?,French,"[""Who is your mother?""]"
,Twenty seven,Qui est votre père ?,French,"[""Who is your father?""]"
,Twenty eight,Qui est-ce ?,French,"[""Who is it?""]"
,Twenty nine,Qui est-il ?,French,"[""Who is he?""]"
,Thirty,Qui était ici ?,French,"[""Who was here?""]"
,Thirty one,Qui ira ?,French,"[""Who will go?""]"
,Thirty two,Qui joue au piano dans votre groupe ?,French,"[""Who plays the piano in your group?""]"
,Thirty three,Qui l'a lu? Personne.,French,"[""Who has read it? No one.""]"
,One,Qui lui apprit comment parler anglais ?,French,"[""Who taught him how to speak English?""]"
,Two,Qui peut dire ce qui arrivera dans le futur.,French,"[""Who can say what will happen in the future.""]"
,Three,Qui pourrait bien croire ceci ?,French,"[""Who could believe this?""]"
,Four,Qui pourrait faire ce genre de chose ?,French,"[""Who could do this kind of thing?""]"
,Five,Qui sait ?,French,"[""Who knows?""]"
,Six,Qui sait cela ?,French,"[""Who knows that?""]"
,Seven,Qui se cache derrière le rideau ?,French,"[""Who is hiding behind the curtain?""]"
,Eight,Qui sont ces gens ?,French,"[""Who are these people?""]"
,Nine,Qui sont ces types-là ?,French,"[""Who are these guys?""]"
,Ten,Qui sont-elles ?,French,"[""Who are they?""]"
,Eleven,Qui sont-ils ?,French,"[""Who are they?""]"
,Twelve,Qui te déteste ?,French,"[""Who hates you?""]"
,Thirteen,Qui va là ?,French,"[""Who is going there?""]"
,Fourteen,Qui va là ?,French,"[""Who's there?""]"
,Sixteen,Qui va payer pour tout ceci ?,French,"[""Who is going to pay for all of this?""]"
,Seventeen,Qui va payer pour tout ceci ?,French,"[""Who will pay for all this?""]"
,Eighteen,Qui va y aller ?,French,"[""Who is going to go?""]"
,Nineteen,Qui veut ça ?,French,"[""Who wants that?""]"
,Twenty,Qui veut que tu sois le patron ?,French,"[""Who wants you to be the boss?""]"
,Twenty one,Qui veut une boisson ?,French,"[""Who wants a drink?""]"
,Twenty two,Qui vient ?,French,"[""Who is coming?""]"
,Twenty three,Quoi de beau ?,French,"[""What's up?""]"
,Twenty four,Quoi de nouveau ?,French,"[""What is new?""]"
,Twenty five,Quoi de nouveau ?,French,"[""What's up?""]"
,Twenty six,Ralentis !,French,"[""Slow down!""]"
,Twenty seven,Ralentissez !,French,"[""Slow down!""]"
,Twenty eight,Range ton portefeuille.,French,"[""Put away your wallet.""]"
,Twenty nine,Rattrape-le.,French,"[""Catch him up.""]"
,Thirty,Recule-toi !,French,"[""Step back!""]"
,Thirty one,Reculez !,French,"[""Back up!""]"
,Thirty two,Reculez !,French,"[""Stand back!""]"
,Thirty three,Reculez-vous !,French,"[""Stand back!""]"
,One,Reculez.,French,"[""Step back.""]"
,Two,Redresse-toi.,French,"[""Straighten up.""]"
,Three,redresser l'économie,French,"[""to put the economy back on its feet""]"
,Four,refus informé,French,"[""informed refusal""]"
,Five,Regarde ce problème plus attentivement.,French,"[""Take a closer look at this problem.""]"
,Six,Regarde celui-ci.,French,"[""Check out this one.""]"
,Seven,Regarde cet oiseau.,French,"[""Look at this bird.""]"
,Eight,Regarde cette maison.,French,"[""Look at this house.""]"
,Nine,Regarde cette montagne.,French,"[""Look at this mountain.""]"
,Ten,Regarde comme cet avion vole vite !,French,"[""Look how fast this plane flies!""]"
,Eleven,Regarde dans le miroir.,French,"[""Look in the mirror.""]"
,Twelve,Regarde devant toi !,French,"[""Look in front of you!""]"
,Thirteen,Regarde l'horloge.,French,"[""Look at the clock.""]"
,Fourteen,Regarde le sol.,French,"[""Look at the ground.""]"
,Sixteen,Regarde les filles.,French,"[""Look at the girls.""]"
,Seventeen,Regarde mon bras.,French,"[""Look at my arm.""]"
,Eighteen,Regarde si le gaz est coupé.,French,"[""See if the gas is cut.""]"
,Nineteen,Regarde-moi et fais ce que je fais.,French,"[""Look at me and do what I do.""]"
,Twenty,Regarde-nous !,French,"[""Look at us!""]"
,Twenty one,Regarder les oiseaux est un loisir sympa.,French,"[""Watching birds is a fun hobby.""]"
,Twenty two,Regardez ailleurs.,French,"[""Look elsewhere.""]"
,Twenty three,Regardez autour de toi.,French,"[""Look around you.""]"
,Twenty four,Regardez cette image.,French,"[""Look at this picture.""]"
,Twenty five,Regardez la taille de ce truc !,French,"[""Look at the size of this thing!""]"
,Twenty six,Regardez-le !,French,"[""Look at it!""]"
,Twenty seven,Regardez-nous !,French,"[""Look at us!""]"
,Twenty eight,régime de maintenance,French,"[""maintenance mode""]"
,Twenty nine,Relaxe !,French,"[""Relax!""]"
,Thirty,Remets ton manteau.,French,"[""Put your coat back on.""]"
,Thirty one,Remplace-moi.,French,"[""Replace me.""]"
,Thirty two,Remplis ce formulaire.,French,"[""Complete this form.""]"
,Thirty three,Remplissez ce formulaire.,French,"[""Fill in this form.""]"
,One,Remplissez les blancs.,French,"[""Fill in the blanks.""]"
,Two,Remplissez les espaces libres.,French,"[""Fill in the empty spaces.""]"
,Three,Rendez vos armes.,French,"[""Surrender your weapons.""]"
,Four,Renseigne-toi sur le mot dans le dictionnaire.,French,"[""Learn about the word in the dictionary.""]"
,Five,renverser le mélange,French,"[""to turn the mixture over""]"
,Six,renverser le sablier,French,"[""to turn over the hourglass""]"
,Seven,renverser son adversaire,French,"[""to knock one's opponent to the floor""]"
,Eight,renverser un homme,French,"[""to run over a man""]"
,Nine,renverser une statue,French,"[""to knock a statue over""]"
,Ten,Répète après moi.,French,"[""Repeat after me.""]"
,Eleven,Répétition est mère d'apprentissage.,French,"[""Repetition is the mother of learning.""]"
,Twelve,Répondez à la question.,French,"[""Answer the question.""]"
,Thirteen,Reste absolument immobile !,French,"[""Stay absolutely still!""]"
,Fourteen,Reste calme.,French,"[""Stay calm.""]"
,Sixteen,Reste cool.,French,"[""Stay cool.""]"
,Seventeen,Reste en arrière !,French,"[""Stay back!""]"
,Eighteen,Reste en contact.,French,"[""Staying in touch.""]"
,Nineteen,Reste en dehors de ça.,French,"[""Stay out of it.""]"
,Twenty,Reste en position !,French,"[""Stay in position!""]"
,Twenty one,Reste loin de ça.,French,"[""Stay away from that.""]"
,Twenty two,Reste loin de ce chien.,French,"[""Stay away from this dog.""]"
,Twenty three,Reste loin de ma moto.,French,"[""Stay away from my motorcycle.""]"
,Twenty four,Reste malin !,French,"[""Stay smart!""]"
,Twenty five,Reste où tu es.,French,"[""Stay where you are.""]"
,Twenty six,Reste positif !,French,"[""Stay positive!""]"
,Twenty seven,Reste près.,French,"[""Stay close.""]"
,Twenty eight,Reste tranquille !,French,"[""Stay calm!""]"
,Twenty nine,Resteras-tu à la maison ce soir ?,French,"[""Will you stay home tonight?""]"
,Thirty,Restez en contact avec moi.,French,"[""Stay in touch with me.""]"
,Thirty one,Restez en ligne.,French,"[""Stay on the line.""]"
,Thirty two,Restez où vous êtes.,French,"[""Stay where you are.""]"
,Thirty three,Réveille-toi !,French,"[""Wake up!""]"
,One,Réveillez-moi à huit heures.,French,"[""Wake me up at eight o'clock.""]"
,Two,Réveillez-vous !,French,"[""Wake up!""]"
,Three,revenir sur sa décision,French,"[""to go back on one's decision""]"
,Four,revenir sur sa parole,French,"[""to go back on one's word""]"
,Five,Reviens !,French,"[""Come back!""]"
,Six,Rien de nouveau sous le ciel.,French,"[""Nothing new under the sky.""]"
,Seven,Ringo est un maître des baguettes.,French,"[""Ringo is a drumstick master.""]"
,Eight,Rira bien qui rira le dernier.,French,"[""Who laughs last laughs well.""]"
,Nine,Risque une hypothèse !,French,"[""Risk a hypothesis!""]"
,Ten,S'accrocher à l'amour.,French,"[""To get hooked on love.""]"
,Eleven,Sa bêtise nous a énormément retardé.,French,"[""His stupidity greatly slowed us down.""]"
,Twelve,Sa bicyclette est bleue.,French,"[""His bicycle is blue.""]"
,Thirteen,Sa chute lui a été fatale.,French,"[""His fall was fatal.""]"
,Fourteen,Sa colère est compréhensible.,French,"[""His anger is understandable.""]"
,Sixteen,Sa colère était sincère.,French,"[""His anger was sincere.""]"
,Seventeen,Sa grande sœur est plus âgée que mon grand frère.,French,"[""Her big sister is older than my big brother.""]"
,Eighteen,Sa maison est au pied de la montagne.,French,"[""His house is at the foot of the mountain.""]"
,Nineteen,Sa maison est en banlieue.,French,"[""His house is in the suburbs.""]"
,Twenty,Sa maison est facile à trouver.,French,"[""His house is easy to find.""]"
,Twenty one,Sa maison est proche du métro.,French,"[""Her house is close to the metro.""]"
,Twenty two,Sa mère continuera à travailler.,French,"[""Her mother will continue to work.""]"
,Twenty three,Sa mère est une femme magnifique.,French,"[""Her mother is a magnificent woman.""]"
,Twenty four,Sa profession est d'enseigner.,French,"[""His profession is to teach.""]"
,Twenty five,Sa température est normale.,French,"[""Her temperature is normal.""]"
,Twenty six,Sa voiture est vraiment chouette.,French,"[""His car is really cool.""]"
,Twenty seven,Sa voix est agréable à écouter.,French,"[""Her voice is pleasant to listen to.""]"
,Twenty eight,Sa voix est très belle.,French,"[""Her voice is very beautiful.""]"
,Twenty nine,sac à dos,French,"[""backpack""]"
,Thirty,Sais-tu comment manipuler un ordinateur ?,French,"[""Do you know how to handle a computer?""]"
,Thirty one,Sais-tu conduire ?,French,"[""Do you know how to drive?""]"
,Thirty two,Sais-tu faire du patin sur glace ?,French,"[""Do you know how to ice skate?""]"
,Thirty three,Sais-tu lancer ?,French,"[""Can you throw?""]"
,One,Sais-tu nager ?,French,"[""Do you know how to swim?""]"
,Two,Sais-tu pourquoi ?,French,"[""Do you know why?""]"
,Three,Sais-tu quand le musicien viendra ici ?,French,"[""Do you know when the musician will come here?""]"
,Four,samedi suivant,French,"[""the following Saturday""]"
,Five,Sans commentaire.,French,"[""No comment.""]"
,Six,Sans problème.,French,"[""No problem.""]"
,Seven,Santé !,French,"[""Cheers! [as said when drinking]""]"
,Eight,Saute le plus haut possible.,French,"[""Jump as high as possible.""]"
,Nine,Sauve-toi !,French,"[""Save yourself!""]"
,Ten,Savez-vous conduire ?,French,"[""Do you know how to drive?""]"
,Eleven,Savez-vous faire du ski ?,French,"[""Do you know how to ski?""]"
,Twelve,Savez-vous faire du vélo ?,French,"[""Do you know how to ride a bike?""]"
,Thirteen,Savez-vous jouer de la guitare ?,French,"[""Do you know how to play the guitar?""]"
,Fourteen,Savez-vous parler anglais ?,French,"[""Can you speak English?""]"
,Sixteen,Savez-vous parler français ?,French,"[""Do you speak French?""]"
,Seventeen,Savez-vous taper à la machine ?,French,"[""Do you know how to type?""]"
,Eighteen,Se faire piquer.,French,"[""To be stung.""]"
,Nineteen,se faire traiter pour,French,"[""to undergo treatment for a condition""]"
,Twenty,se glisser dans ses vêtements,French,"[""to slip into one's clothes""]"
,Twenty one,se payer la poire de quelqu'un,French,"[""to pull someone's leg""]"
,Twenty two,Sens ça !,French,"[""Feel it!""]"
,Twenty three,Sentez ça !,French,"[""Feel it!""]"
,Twenty four,sept sur dix,French,"[""seven out of ten""]"
,Twenty five,Serait-ce acceptable ?,French,"[""Would that be acceptable?""]"
,Twenty six,Serre-moi dans tes bras !,French,"[""Hold me in Your Arms!""]"
,Twenty seven,Serrez-moi dans vos bras !,French,"[""Hold me in your arms!""]"
,Twenty eight,Sers-toi un bout de gâteau.,French,"[""Help yourself a piece of cake.""]"
,Twenty nine,Ses cheveux sont longs.,French,"[""Her hair is long.""]"
,Thirty,Ses mots étaient remplis par la mélancolie.,French,"[""His words were filled with melancholy.""]"
,Thirty one,Si je puis me permettre…,French,"[""If you don't mind…""]"
,Thirty two,Si seulement il avait été là.,French,"[""If only he had been there.""]"
,Thirty three,Si seulement mes enfants s'entendaient !,French,"[""If only my kids got along!""]"
,One,Si seulement nous avions un jardin !,French,"[""If only we had a garden!""]"
,Two,six à sept personnes,French,"[""six or seven people""]"
,Three,Sois belle et tais-toi !,French,"[""Be beautiful and stop talking!""]"
,Four,Sois calme !,French,"[""Be calm!""]"
,Five,Sois détendu !,French,"[""Be relaxed!""]"
,Six,Sois équitable !,French,"[""Be fair!""]"
,Seven,Sois généreux.,French,"[""Be generous.""]"
,Eight,Sois gentil !,French,"[""Be nice!""]"
,Nine,Sois gentil avec elle.,French,"[""Be nice to her.""]"
,Ten,Sois honnête avec moi.,French,"[""Be honest with me.""]"
,Eleven,Sois impitoyable !,French,"[""Be ruthless!""]"
,Twelve,Sois juste !,French,"[""Be fair!""]"
,Thirteen,Sois prudent !,French,"[""Be careful!""]"
,Fourteen,Sois prudente !,French,"[""Be careful!""]"
,Sixteen,Sois réaliste !,French,"[""Be realistic!""]"
,Seventeen,Sois satisfait !,French,"[""Be satisfied!""]"
,Eighteen,Sois satisfaite !,French,"[""Be satisfied!""]"
,Nineteen,Sois sérieuse !,French,"[""Be serious!""]"
,Twenty,Sois sérieux !,French,"[""Be serious!""]"
,Twenty one,Soit plus précis.,French,"[""Be more precise.""]"
,Twenty two,Sommes-nous prêts ?,French,"[""Are we ready?""]"
,Twenty three,Son ami est un chanteur.,French,"[""Her friend is a singer.""]"
,Twenty four,Son argument était logique.,French,"[""His argument was logical.""]"
,Twenty five,Son attitude suggère une dépression nerveuse imminente.,French,"[""His attitude suggests an imminent nervous breakdown.""]"
,Twenty six,Son bureau est très proche du mien.,French,"[""His office is very close to mine.""]"
,Twenty seven,Son échec vient de son ignorance.,French,"[""Its failure comes from its ignorance.""]"
,Twenty eight,Son enfance était dure.,French,"[""His childhood was hard.""]"
,Twenty nine,Son frère était méchant avec moi.,French,"[""His brother was mean to me.""]"
,Thirty,Son mari est en prison pour trois ans.,French,"[""Her husband is in prison for three years.""]"
,Thirty one,Son métier est médecin.,French,"[""His profession is doctor.""]"
,Thirty two,Son nom est connu de tous dans cette région.,French,"[""His name is known to everyone in this region.""]"
,Thirty three,Son opinion était la même que la mienne.,French,"[""His opinion was the same as mine.""]"
,One,Son père ne joue pas au golf.,French,"[""His father does not play golf.""]"
,Two,Son portefeuille était volé.,French,"[""His wallet was stolen.""]"
,Three,Son silence m'a surprise.,French,"[""His silence surprised me.""]"
,Four,Son torse est très poilu.,French,"[""His torso is very hairy.""]"
,Five,Son vieux chat est encore en vie.,French,"[""Her old cat is still alive.""]"
,Six,Sonne l'alarme !,French,"[""Sound the alarm!""]"
,Seven,Sonner à la porte.,French,"[""Give a ring.""]"
,Eight,Sonner la cloche.,French,"[""Ring the bell.""]"
,Nine,Sont-elles réellement amies ?,French,"[""Are they really friends?""]"
,Ten,Sont-ils à vendre ?,French,"[""Are they for sale?""]"
,Eleven,Sont-ils frères ?,French,"[""Are they brothers?""]"
,Twelve,Sont-ils tous identiques ?,French,"[""Are they all the same?""]"
,Thirteen,Sors !,French,"[""Go outside!""]"
,Fourteen,Sors de la camionnette !,French,"[""Get out of the van!""]"
,Sixteen,Sors de mon siège !,French,"[""Get out of my seat!""]"
,Seventeen,Sors tes habits de la malle et range-les dans l'armoire !,French,"[""Take your clothes out of the suitcase and put them away in the cupboard!""]"
,Eighteen,Sors.,French,"[""Go outside.""]"
,Nineteen,Sortez !,French,"[""Get out!""]"
,Twenty,sous hypnose,French,"[""under hypnosis""]"
,Twenty one,Soyez calme !,French,"[""Be calm!""]"
,Twenty two,Soyez calmes !,French,"[""Be calm!""]"
,Twenty three,Soyez équitable !,French,"[""Be fair!""]"
,Twenty four,Soyez gentil envers les personnes âgées.,French,"[""Be kind to the elderly.""]"
,Twenty five,Soyez gentilles !,French,"[""Be nice!""]"
,Twenty six,Soyez gentils !,French,"[""Be nice!""]"
,Twenty seven,Soyez objectif.,French,"[""Be objective.""]"
,Twenty eight,Soyez plus précis.,French,"[""Be more specific.""]"
,Twenty nine,Soyez prudent !,French,"[""Be careful!""]"
,Thirty,Soyez prudents !,French,"[""Be careful!""]"
,Thirty one,Soyez raisonnable !,French,"[""Be reasonable!""]"
,Thirty two,Soyez respectueux envers les personnes âgées.,French,"[""Be respectful of the elderly.""]"
,Thirty three,Soyez satisfait !,French,"[""Be satisfied!""]"
,One,Soyez satisfaite !,French,"[""Be satisfied!""]"
,Two,Soyez satisfaits !,French,"[""Be satisfied!""]"
,Three,Soyez sérieuse !,French,"[""Be serious!""]"
,Four,Soyez sérieuses !,French,"[""Be serious!""]"
,Five,Soyez sérieux !,French,"[""Be serious!""]"
,Six,spécialité maison,French,"[""speciality of the house""]"
,Seven,Suis juste ton cœur.,French,"[""Just follow your heart.""]"
,Eight,Suis-je dans le vrai ?,French,"[""Am I right?""]"
,Nine,Suis-le !,French,"[""Follow him!""]"
,Ten,Suis-nous !,French,"[""Follow us!""]"
,Eleven,Suivez-le !,French,"[""Follow him!""]"
,Twelve,Suivez-nous !,French,"[""Follow us!""]"
,Thirteen,sujet à,French,"[""subject to""]"
,Fourteen,Sur place ou pour emporter ?,French,"[""On site or to take away?""]"
,Sixteen,Sur quoi portait la question ?,French,"[""What was the question concerning?""]"
,Seventeen,Surveille le prisonnier.,French,"[""Watch the prisoner.""]"
,Eighteen,Surveille ton langage.,French,"[""Watch your language.""]"
,Nineteen,Surveille ton langage.,French,"[""Watch your words.""]"
,Twenty,T'as vu cette tante qui traversait la rue ?,French,"[""Did you see that faggot crossing the street?""]"
,Twenty one,T'es irrésistible.,French,"[""You're irresistible.""]"
,Twenty two,Ta conduite est parfaitement légale.,French,"[""Your conduct is perfectly legal.""]"
,Twenty three,Ta cravate me plaît.,French,"[""I like your tie.""]"
,Twenty four,Ta fille est très jolie.,French,"[""Your daughter is very pretty.""]"
,Twenty five,Ta maison est très sympa.,French,"[""Your house is very nice.""]"
,Twenty six,Ta mère est très jeune.,French,"[""Your mother is very young.""]"
,Twenty seven,Ta montre est sur le bureau.,French,"[""Your watch is on the desk.""]"
,Twenty eight,Ta sœur est toujours aussi belle.,French,"[""Your sister is still so beautiful.""]"
,Twenty nine,Ta toux m'inquiète.,French,"[""Your cough worries me.""]"
,Thirty,Ta voiture est rapide.,French,"[""Your car is fast.""]"
,Thirty one,Ta voix suivait ma voix.,French,"[""Your voice followed my voice.""]"
,Thirty two,Taille-toi !,French,"[""Size yourself!""]"
,Thirty three,Tais-toi !,French,"[""Shut up!""]"
,One,Tais-toi avant que je ne te tue.,French,"[""Shut up before I kill you.""]"
,Two,Te connaît-elle ?,French,"[""Does she know you?""]"
,Three,Ted fut finalement capable de communiquer ses pensées en japonais.,French,"[""Ted was finally able to communicate his thoughts in Japanese.""]"
,Four,Tenez ça !,French,"[""Hold this!""]"
,Five,Tenez la corde.,French,"[""Hold the rope.""]"
,Six,Tenez votre tête droit.,French,"[""Keep your head straight.""]"
,Seven,Tenez.,French,"[""Hold.""]"
,Eight,Tentez votre chance.,French,"[""Try your luck.""]"
,Nine,Terminer le rapport avant demain est quasiment impossible.,French,"[""Completing the report before tomorrow is next to impossible.""]"
,Ten,Tes chaussures sont ici.,French,"[""Your shoes are here.""]"
,Eleven,Tes paroles doivent correspondre à tes actions.,French,"[""Your words must match your actions.""]"
,Twelve,Tiens bon !,French,"[""Hold on!""]"
,Thirteen,Tiens ça !,French,"[""Take that!""]"
,Fourteen,Tiens le ballon des deux mains.,French,"[""Hold the ball with both hands.""]"
,Sixteen,Tiens le vase avec les deux mains.,French,"[""Hold the vase with both hands.""]"
,Seventeen,Tiens ta langue !,French,"[""Hold your tongue!""]"
,Eighteen,Tiens-toi bien.,French,"[""Behave yourself.""]"
,Nineteen,Tiens-toi droit!,French,"[""Keep yourself straight!""]"
,Twenty,Tirer à la cible.,French,"[""To shoot the target.""]"
,Twenty one,Tokyo est la capitale du Japon.,French,"[""Tokyo is the capital of Japan.""]"
,Twenty two,Tokyo est une très grande ville.,French,"[""Tokyo is a very big city.""]"
,Twenty three,Ton amitié signifie beaucoup pour moi.,French,"[""Your friendship means a lot to me.""]"
,Twenty four,Ton comportement laisse beaucoup à désirer.,French,"[""Your behavior leaves a lot to be desired.""]"
,Twenty five,Ton école se situe-t-elle dans cette ville ?,French,"[""Is your school located in this city?""]"
,Twenty six,Ton fils est un génie.,French,"[""Your son is a genius.""]"
,Twenty seven,Ton nœud de cravate n'est pas assez serré.,French,"[""Your tie's knot isn't tightened enough.""]"
,Twenty eight,Ton nom a été mentionné.,French,"[""Your name has been mentioned.""]"
,Twenty nine,Ton nom est toujours sur la liste.,French,"[""Your name is still on the list.""]"
,Thirty,Ton nouvel ordinateur marche bien ?,French,"[""Is your new computer working fine?""]"
,Thirty one,Ton parfum est délicieux.,French,"[""Your scent is delicious.""]"
,Thirty two,Ton père semble être très amical.,French,"[""Your father seems to be very friendly.""]"
,Thirty three,Ton pouls est normal.,French,"[""Your pulse is normal.""]"
,One,Ton secret est en sécurité avec moi.,French,"[""Your secret is safe with me.""]"
,Two,Ton stylo est meilleur que le mien.,French,"[""Your pen is better than mine.""]"
,Three,Ton visage est pâle.,French,"[""Your face is pale.""]"
,Four,Ton visage est rouge.,French,"[""Your face is red.""]"
,Five,Ton voisin est plus moche que mon frère.,French,"[""Your neighbour is uglier than my brother.""]"
,Six,Touche ça !,French,"[""Touch that!""]"
,Seven,Touchez ça !,French,"[""Touch that!""]"
,Eight,Tourne à droite au bout de la rue.,French,"[""Turn right at the end of the street.""]"
,Nine,Tourne à la deuxième à gauche.,French,"[""Turn to the second left.""]"
,Ten,Tourne la page.,French,"[""Turn the page.""]"
,Eleven,tournez à droite !,French,"[""turn [to the] right!""]"
,Twelve,tournez à gauche !,French,"[""turn [to the] left!""]"
,Thirteen,Tournez la poignée et ouvrez la porte.,French,"[""Turn the handle and open the door.""]"
,Fourteen,Tournez toute votre attention sur ce que vous êtes en train de faire.,French,"[""Turn all your attention to what you are doing.""]"
,Sixteen,Tous étaient heureux.,French,"[""They were all happy.""]"
,Seventeen,tous les cinq à six ans,French,"[""every five or six years""]"
,Eighteen,Tous les étudiants passent un test de conduite.,French,"[""All students take a driving test.""]"
,Nineteen,Tous les garçons sont partis en courant.,French,"[""All the boys ran away.""]"
,Twenty,Tous les mots de ce dictionnaire sont importants.,French,"[""All the words in this dictionary are important.""]"
,Twenty one,Tout ça est dans ta tête.,French,"[""This is all in your head.""]"
,Twenty two,Tout est assez simple.,French,"[""Everything is quite simple.""]"
,Twenty three,Tout est clair pour moi maintenant.,French,"[""Everything is clear to me now.""]"
,Twenty four,Tout est différent maintenant.,French,"[""Everything is different now.""]"
,Twenty five,Tout est en ordre.,French,"[""Everything is in order.""]"
,Twenty six,Tout est fini.,French,"[""All is finished.""]"
,Twenty seven,Tout est ici.,French,"[""Everything is here.""]"
,Twenty eight,Tout est mouillé.,French,"[""Everything is wet.""]"
,Twenty nine,Tout est normal.,French,"[""Everything is normal.""]"
,Thirty,Tout est nouveau.,French,"[""Everything is new.""]"
,Thirty one,Tout est prêt.,French,"[""Everything is ready.""]"
,Thirty two,Tout est super.,French,"[""Everything is great.""]"
,Thirty three,Tout est tranquille.,French,"[""Everything is quiet.""]"
,One,Tout est un malentendu.,French,"[""Everything is a misunderstanding.""]"
,Two,Tout était en place.,French,"[""Everything was in place.""]"
,Three,Tout était si beau.,French,"[""Everything was so beautiful.""]"
,Four,Tout était très bon.,French,"[""Everything was very good.""]"
,Five,Tout ira bien,French,"[""All will be well.""]"
,Six,Tout le monde aime son pays.,French,"[""Everyone loves their country.""]"
,Seven,Tout le monde dort.,French,"[""Everyone is sleeping.""]"
,Eight,Tout le monde est arrivé au mariage.,French,"[""Everyone has arrived at the wedding.""]"
,Nine,Tout le monde est choqué.,French,"[""Everyone is shocked.""]"
,Ten,Tout le monde est endormi.,French,"[""Everyone is asleep.""]"
,Eleven,Tout le monde était heureux.,French,"[""Everybody was happy.""]"
,Twelve,Tout le monde le sait.,French,"[""Everyone knows it.""]"
,Thirteen,Tout le monde partit.,French,"[""Everyone left.""]"
,Fourteen,Tout le monde pleure.,French,"[""Everyone is crying.""]"
,Sixteen,Tout le voisinage fut surpris par cette nouvelle.,French,"[""The whole neighborhood was surprised by this news.""]"
,Seventeen,Tout semble être en ordre.,French,"[""Everything seems to be in order.""]"
,Eighteen,Tout son argent est allé à son neveu.,French,"[""All his money went to his nephew.""]"
,Nineteen,Tout va bien ?,French,"[""Everything is fine?""]"
,Twenty,Tout va bien à la maison ?,French,"[""Is everything all right at home?""]"
,Twenty one,Toute l'assistance était excitée.,French,"[""All the assistance was excited.""]"
,Twenty two,Toute la classe a passé le test.,French,"[""The whole class took the test.""]"
,Twenty three,Toute la classe est présente une fois par semaine.,French,"[""The whole class is present once a week.""]"
,Twenty four,Toutes les artères partent du cœur.,French,"[""All arteries originate from the heart.""]"
,Twenty five,Toutes les filles n'aiment pas jouer avec des poupées.,French,"[""Not all girls like playing with dolls.""]"
,Twenty six,Trace un cercle.,French,"[""Draw a circle.""]"
,Twenty seven,Traitement de faveur.,French,"[""Preferential treatment.""]"
,Twenty eight,Travaille lentement !,French,"[""Work slowly!""]"
,Twenty nine,travailler dur,French,"[""to work hard""]"
,Thirty,Travailler sous la neige.,French,"[""To work in the snow.""]"
,Thirty one,Travaillez-vous ?,French,"[""Are you working?""]"
,Thirty two,Travaillez-vous ici ?,French,"[""Do you work here?""]"
,Thirty three,Travaillez-vous le dimanche ?,French,"[""Do you work on Sundays?""]"
,One,Travaillez-vous lundi ?,French,"[""Do you work Monday?""]"
,Two,Travaillons !,French,"[""Let's work!""]"
,Three,Très bien.,French,"[""Very good.""]"
,Four,triangle équilatéral,French,"[""equilateral triangle""]"
,Five,triangle isocèle,French,"[""isosceles triangle""]"
,Six,trois fois par semaine,French,"[""three times a week""]"
,Seven,Trop manger peut rendre malade.,French,"[""Eating too much can make you sick.""]"
,Eight,trouble bipolaire,French,"[""bipolar disorder""]"
,Nine,Trouve un boulot !,French,"[""Find a job!""]"
,Ten,Trouver un endroit où loger,French,"[""To find a place to stay""]"
,Eleven,Trouvez un boulot !,French,"[""Find a job!""]"
,Twelve,Tu adorerais ça.,French,"[""You would love it.""]"
,Thirteen,Tu aimes ?,French,"[""You like?""]"
,Fourteen,Tu aimes le rap ?,French,"[""You love rap?""]"
,Sixteen,Tu aimes quel style de musique ?,French,"[""What kind of music do you like?""]"
,Seventeen,Tu as belle allure dans ces vêtements.,French,"[""You look good in these clothes.""]"
,Eighteen,Tu as besoin de faire une pause.,French,"[""You need to take a break.""]"
,Nineteen,Tu as bon goût pour la musique.,French,"[""You have a good taste for music.""]"
,Twenty,Tu as combien de livres ? J'en ai trois.,French,"[""How many books do you have? I have three of them.""]"
,Twenty one,Tu as déjà fait ça.,French,"[""You have already done that.""]"
,Twenty two,Tu as déjà mangé mexicain ?,French,"[""Have you ever eaten Mexican?""]"
,Twenty three,Tu as du courrier.,French,"[""You have mail.""]"
,Twenty four,Tu as échappé ta tuque.,French,"[""You dropped your hat.""]"
,Twenty five,Tu as été très gentil avec moi.,French,"[""You were very nice to me.""]"
,Twenty six,Tu as eu toute la semaine pour étudier.,French,"[""You had the whole week to study.""]"
,Twenty seven,Tu as eu une semaine pour faire ça.,French,"[""You had a week to do this.""]"
,Twenty eight,Tu as fait une erreur.,French,"[""You made a mistake.""]"
,Twenty nine,Tu as la liberté de voyager où bon te semble.,French,"[""You have the freedom to travel wherever you want.""]"
,Thirty,Tu as laissé un pourboire ?,French,"[""Did you leave a tip?""]"
,Thirty one,Tu as le droit de savoir.,French,"[""You have the right to know.""]"
,Thirty two,Tu as ma permission.,French,"[""You have my permission.""]"
,Thirty three,Tu as mangé ?,French,"[""You ate?""]"
,One,Tu as mangé mon sandwich.,French,"[""You ate my sandwich.""]"
,Two,Tu as mangé quoi ?,French,"[""What did you eat?""]"
,Three,Tu as mon casque.,French,"[""You have my helmet.""]"
,Four,Tu as raison à cent pour cent.,French,"[""You are one hundred percent right.""]"
,Five,Tu as touché au centre de la cible.,French,"[""You hit the center of the target.""]"
,Six,Tu as toujours mon numéro de téléphone ?,French,"[""Do you still have my phone number?""]"
,Seven,Tu as trop confiance en toi.,French,"[""You have too much confidence in yourself.""]"
,Eight,Tu as un grain ?,French,"[""Do you have a grain?""]"
,Nine,Tu as un message.,French,"[""You have a message.""]"
,Ten,Tu as un nom si beau.,French,"[""You have such a beautiful name.""]"
,Eleven,Tu as un si grand potentiel.,French,"[""You have such great potential.""]"
,Twelve,Tu as un stylo ?,French,"[""Do you have a pen?""]"
,Thirteen,Tu as une famille très sympathique.,French,"[""You have a very nice family.""]"
,Fourteen,Tu as une heure.,French,"[""You have an hour.""]"
,Sixteen,Tu as vraiment une belle voix.,French,"[""You really have a beautiful voice.""]"
,Seventeen,Tu aurais dû le faire avec nous.,French,"[""You should have done it with us.""]"
,Eighteen,Tu aurais dû te lever plus tôt.,French,"[""You should have woken up earlier.""]"
,Nineteen,Tu aurais dû voir le film.,French,"[""You should have seen the film.""]"
,Twenty,Tu avais aussi raison.,French,"[""You were also right.""]"
,Twenty one,Tu avais bon après tout.,French,"[""You were good after all.""]"
,Twenty two,Tu avais trente minutes de retard.,French,"[""You were thirty minutes late.""]"
,Twenty three,Tu bois trop de café.,French,"[""You drink too much coffee.""]"
,Twenty four,Tu commences.,French,"[""You start.""]"
,Twenty five,Tu comptes partir à quelle heure ?,French,"[""At what time do you intend to leave?""]"
,Twenty six,Tu conduis.,French,"[""You drive.""]"
,Twenty seven,Tu connais cette chanson ?,French,"[""You know that song?""]"
,Twenty eight,Tu connais cette chanson ?,French,"[""Do you know this song?""]"
,Twenty nine,Tu connais la loi.,French,"[""You know the law.""]"
,Thirty,Tu cours.,French,"[""You run.""]"
,Thirty one,Tu devrais commencer aussi tôt que possible.,French,"[""You should start as early as possible.""]"
,Thirty two,Tu devrais écouter son conseil.,French,"[""You should listen to his advice.""]"
,Thirty three,Tu devrais enrichir ton esprit quand tu es jeune.,French,"[""You should enrich your mind when you are young.""]"
,One,Tu devrais essayer.,French,"[""You should try.""]"
,Two,Tu devrais être dans ta chambre.,French,"[""You should be in your room.""]"
,Three,Tu devrais être plus raisonnable.,French,"[""You should be more reasonable.""]"
,Four,Tu devrais faire ça.,French,"[""You should do this.""]"
,Five,Tu devrais le savoir à ton âge.,French,"[""You should know this at your age.""]"
,Six,Tu devrais le savoir.,French,"[""You should know that.""]"
,Seven,Tu devrais penser à ton avenir.,French,"[""You should think about your future.""]"
,Eight,Tu devrais te couper les cheveux.,French,"[""You should cut your hair.""]"
,Nine,Tu devrais toujours dire la vérité.,French,"[""You should always tell the truth.""]"
,Ten,Tu devrais travailler dur.,French,"[""You should work hard.""]"
,Eleven,Tu dois aller à la fête.,French,"[""You have to go to the party.""]"
,Twelve,Tu dois commencer sur-le-champ.,French,"[""You have to start right away.""]"
,Thirteen,Tu dois disparaître.,French,"[""You have to disappear.""]"
,Fourteen,Tu dois être patient.,French,"[""You have to be patient.""]"
,Sixteen,Tu dois être plus attentif en classe.,French,"[""You have to be more careful in class.""]"
,Seventeen,Tu dois être vraiment spécial.,French,"[""You must be really special.""]"
,Eighteen,Tu dois étudier pendant toute ta vie.,French,"[""You have to study for your whole life.""]"
,Nineteen,Tu dois étudier plus.,French,"[""You have to study more.""]"
,Twenty,Tu dois faire exactement comme je te dis.,French,"[""You have to do exactly as I tell you.""]"
,Twenty one,Tu dois juste rester silencieux.,French,"[""You just have to stay silent.""]"
,Twenty two,Tu dois le faire toi-même.,French,"[""You have to do it yourself.""]"
,Twenty three,Tu dois me faire marcher.,French,"[""You have to make me walk.""]"
,Twenty four,Tu dois mettre fin à ce stupide comportement.,French,"[""You have to stop this stupid behavior.""]"
,Twenty five,Tu dois obéir à tes parents.,French,"[""You must obey your parents.""]"
,Twenty six,Tu dois répondre à ces questions.,French,"[""You must answer these questions.""]"
,Twenty seven,Tu dois te concentrer.,French,"[""You have to concentrate.""]"
,Twenty eight,Tu dois te dépêcher.,French,"[""You have to hurry.""]"
,Twenty nine,Tu dois te laver les mains.,French,"[""You have to wash your hands.""]"
,Thirty,Tu dois y aller même si tu ne le veux pas.,French,"[""You have to go even if you don't want to.""]"
,Thirty one,Tu dois y aller.,French,"[""You must go there.""]"
,Thirty two,Tu en as fait assez.,French,"[""You have done enough.""]"
,Thirty three,Tu en as peut-être entendu parler.,French,"[""You may have heard of it.""]"
,One,Tu en veux encore?,French,"[""Do you want some more?""]"
,Two,Tu es adorable.,French,"[""You are adorable.""]"
,Three,Tu es arrivé vite.,French,"[""You arrived quickly.""]"
,Four,Tu es assez vieux pour savoir mieux.,French,"[""You are old enough to know better.""]"
,Five,Tu es assis dans mon siège.,French,"[""You are sitting in my seat.""]"
,Six,Tu es bien trop jeune pour faire ceci.,French,"[""You are way too young to do this.""]"
,Seven,Tu es bon cuisinier.,French,"[""You are a good cook.""]"
,Eight,Tu es chez toi ?,French,"[""You are at home?""]"
,Nine,Tu es courageuse.,French,"[""You are brave.""]"
,Ten,Tu es courageux.,French,"[""You are brave.""]"
,Eleven,Tu es également mon meilleur ami.,French,"[""You are also my best friend.""]"
,Twelve,Tu es égoïste.,French,"[""You are selfish.""]"
,Thirteen,Tu es en premier.,French,"[""You are first.""]"
,Fourteen,Tu es folle ?,French,"[""You're crazy?""]"
,Sixteen,Tu es grand.,French,"[""You are tall.""]"
,Seventeen,Tu es grande.,French,"[""You are tall.""]"
,Eighteen,Tu es gravement malade.,French,"[""You are seriously ill.""]"
,Nineteen,Tu es impossible.,French,"[""You are impossible.""]"
,Twenty,Tu es injuste.,French,"[""You are unfair.""]"
,Twenty one,Tu es juste fatigué.,French,"[""You are just tired.""]"
,Twenty two,Tu es le meilleur pour ce travail.,French,"[""You are the best for this job.""]"
,Twenty three,Tu es licencié.,French,"[""You are fired.""]"
,Twenty four,Tu es malin.,French,"[""You are smart.""]"
,Twenty five,Tu es mon héros.,French,"[""You are my hero.""]"
,Twenty six,Tu es mon patron.,French,"[""You are my boss.""]"
,Twenty seven,Tu es mon père.,French,"[""You are my father.""]"
,Twenty eight,Tu es occupé ces derniers temps ?,French,"[""Have you been busy lately?""]"
,Twenty nine,Tu es passé au feu rouge.,French,"[""You have passed the red light.""]"
,Thirty,Tu es plein de talent.,French,"[""You are full of talent.""]"
,Thirty one,Tu es pressé ?,French,"[""You're in a hurry?""]"
,Thirty two,Tu es remarquable.,French,"[""You are remarkable.""]"
,Thirty three,Tu es responsable de ce que tu fais.,French,"[""You are responsible for what you do.""]"
,One,Tu es si belle dans cette robe !,French,"[""You are so beautiful in this dress!""]"
,Two,Tu es si romantique.,French,"[""You are so romantic.""]"
,Three,Tu es splendide.,French,"[""You are splendid.""]"
,Four,Tu es sur mon chemin.,French,"[""You are on my way.""]"
,Five,Tu es tellement négatif !,French,"[""You are so negative!""]"
,Six,Tu es timide.,French,"[""You're shy.""]"
,Seven,Tu es toujours mon fils.,French,"[""You are still my son.""]"
,Eight,Tu es tout pour moi.,French,"[""You are my Everything.""]"
,Nine,Tu es très bon à ça.,French,"[""You are very good at that.""]"
,Ten,Tu es très courageux.,French,"[""You are very brave.""]"
,Eleven,Tu es très drôle.,French,"[""You are very funny.""]"
,Twelve,Tu es très généreux.,French,"[""You are very generous.""]"
,Thirteen,Tu es très habile.,French,"[""You are very clever.""]"
,Fourteen,Tu es très jolie.,French,"[""You are very pretty.""]"
,Sixteen,Tu es très riche.,French,"[""You are very rich.""]"
,Seventeen,Tu es très sage.,French,"[""You are very wise.""]"
,Eighteen,Tu es trop naïve.,French,"[""You are too naive.""]"
,Nineteen,Tu es un amour !,French,"[""You are a love!""]"
,Twenty,Tu es un ange.,French,"[""You are an angel.""]"
,Twenty one,Tu es un bon acteur.,French,"[""You are a good actor.""]"
,Twenty two,Tu es un bon garçon.,French,"[""You are a good boy.""]"
,Twenty three,Tu es un homme bon.,French,"[""You are a good man.""]"
,Twenty four,Tu es un homme si méchant.,French,"[""You are such a mean man.""]"
,Twenty five,Tu es un menteur.,French,"[""You're a liar.""]"
,Twenty six,Tu es un peu en retard.,French,"[""You are a little late.""]"
,Twenty seven,Tu es un peu plus petit que moi.,French,"[""You are a little smaller than me.""]"
,Twenty eight,Tu es un prisonnier.,French,"[""You are a prisoner.""]"
,Twenty nine,Tu es un survivant.,French,"[""You are a survivor.""]"
,Thirty,Tu es un traître.,French,"[""You are a traitor.""]"
,Thirty one,Tu es une femme formidable !,French,"[""You are a wonderful woman!""]"
,Thirty two,Tu es une femme.,French,"[""You are a woman.""]"
,Thirty three,Tu es une personne très égoïste.,French,"[""You are a very selfish person.""]"
,One,Tu es vieille.,French,"[""You are old.""]"
,Two,Tu es vieux.,French,"[""You are old.""]"
,Three,Tu es vilain.,French,"[""You are naughty.""]"
,Four,Tu es viré.,French,"[""You are fired.""]"
,Five,Tu es vraiment bon.,French,"[""You are really good.""]"
,Six,Tu es vraiment génial.,French,"[""You are really great.""]"
,Seven,Tu es vraiment incroyable.,French,"[""You are truly incredible.""]"
,Eight,Tu est libre de partir maintenant.,French,"[""You are free to leave now.""]"
,Nine,Tu étais si jeune à cette époque.,French,"[""You were so young at the time.""]"
,Ten,Tu fais quelque chose demain soir?,French,"[""Are you doing something tomorrow night?""]"
,Eleven,Tu ferais mieux de ne pas boire autant de café si tard le soir.,French,"[""You better not drink so much coffee so late at night.""]"
,Twelve,Tu ferais mieux de reculer.,French,"[""You better back off.""]"
,Thirteen,Tu ferais mieux de te faire examiner par un médecin.,French,"[""You better get checked out by a doctor.""]"
,Fourteen,Tu joues au tennis ?,French,"[""You play tennis?""]"
,Sixteen,Tu joues toujours au golf ?,French,"[""Do you still play golf?""]"
,Seventeen,Tu me connais ?,French,"[""Do you know me?""]"
,Eighteen,Tu me détestes ?,French,"[""You hate me?""]"
,Nineteen,Tu me dis quelque-chose.,French,"[""You tell me something.""]"
,Twenty,Tu me dois une bière.,French,"[""You owe me a beer.""]"
,Twenty one,Tu me dois une faveur.,French,"[""You owe me a favor.""]"
,Twenty two,Tu me fais peur.,French,"[""You're scaring me.""]"
,Twenty three,Tu me fais rire.,French,"[""You make me laugh.""]"
,Twenty four,Tu me manques beaucoup.,French,"[""I miss you a lot.""]"
,Twenty five,Tu me manques tellement.,French,"[""I miss you so much.""]"
,Twenty six,Tu me manques.,French,"[""I miss you.""]"
,Twenty seven,Tu me plais.,French,"[""I like you.""]"
,Twenty eight,Tu n'as pas besoin de crier.,French,"[""You don't have to shout.""]"
,Twenty nine,Tu n'es pas un étudiant.,French,"[""You are not a student.""]"
,Thirty,Tu n'existes plus.,French,"[""You no longer exist. / You don't exist any more.""]"
,Thirty one,Tu ne devrais pas gaspiller ton temps.,French,"[""You shouldn't be wasting your time.""]"
,Thirty two,Tu ne devrais pas les garder à attendre aussi longtemps.,French,"[""You shouldn't keep them waiting that long.""]"
,Thirty three,Tu ne devrais pas lire les lettres privées des gens sans permission.,French,"[""You shouldn't read people's private letters without permission.""]"
,One,Tu ne dois pas fumer pendant que tu travailles.,French,"[""You must not smoke while you are working.""]"
,Two,Tu ne dois pas manger trop.,French,"[""You must not eat too much.""]"
,Three,Tu ne fais pas ton âge.,French,"[""You don't look your age.""]"
,Four,Tu ne me crois pas ?,French,"[""You do not believe me?""]"
,Five,Tu ne peux pas dire non.,French,"[""You can't say no.""]"
,Six,Tu ne peux pas être sérieux.,French,"[""You can't be serious.""]"
,Seven,Tu ne peux pas faire attention?,French,"[""Can't you pay attention?""]"
,Eight,Tu ne peux pas le louper.,French,"[""You can't miss it.""]"
,Nine,Tu ne peux pas manger ici.,French,"[""You can't eat here.""]"
,Ten,Tu ne peux pas me battre.,French,"[""You can't beat me.""]"
,Eleven,Tu ne peux pas te plaindre.,French,"[""You can't complain.""]"
,Twelve,Tu ne peux pas y aller maintenant.,French,"[""You can't go now.""]"
,Thirteen,Tu ne peux pas y aller.,French,"[""You can't go.""]"
,Fourteen,Tu ne peux rien prouver.,French,"[""You can't prove anything.""]"
,Sixteen,Tu ne sais pas nager.,French,"[""You can't swim.""]"
,Seventeen,Tu nous manques beaucoup.,French,"[""We miss you a lot.""]"
,Eighteen,Tu parais fatigué.,French,"[""You look tired.""]"
,Nineteen,Tu parles que je suis fâché.,French,"[""You say I'm angry.""]"
,Twenty,Tu pars quand ?,French,"[""When do you leave?""]"
,Twenty one,Tu passeras le bonjour à ta mère !,French,"[""You will say hello to your mother!""]"
,Twenty two,Tu penses à quelque chose en particulier?,French,"[""Are you thinking of something in particular?""]"
,Twenty three,Tu peux aller où ça te plaît.,French,"[""You can go wherever you like.""]"
,Twenty four,Tu peux chanter une chanson.,French,"[""You can sing a song.""]"
,Twenty five,Tu peux compter sur lui.,French,"[""You can count on him.""]"
,Twenty six,Tu peux être un peu plus précis?,French,"[""Can you be a little more specific?""]"
,Twenty seven,Tu peux faire ça demain.,French,"[""You can do that tomorrow.""]"
,Twenty eight,Tu peux faire mieux que ça.,French,"[""You can do better than that.""]"
,Twenty nine,Tu peux identifier la voix des enfants sans le moindre problème.,French,"[""You can identify children's voices without any problem.""]"
,Thirty,Tu peux inviter qui tu veux.,French,"[""You can invite whoever you want.""]"
,Thirty one,Tu peux partir comme tu veux.,French,"[""You can leave as you wish.""]"
,Thirty two,Tu peux partir.,French,"[""You can leave.""]"
,Thirty three,Tu peux prendre ce que tu veux.,French,"[""You can take whatever you want.""]"
,One,Tu peux prendre la route que tu veux.,French,"[""You can take the route you want.""]"
,Two,Tu peux prendre ma voiture.,French,"[""You can take my car.""]"
,Three,Tu peux rester à ma place.,French,"[""You can stay in my place.""]"
,Four,Tu peux rester aussi longtemps que tu veux.,French,"[""You can stay as long as you want.""]"
,Five,Tu peux te blesser si tu ne suis pas les procédures de sécurité.,French,"[""You can hurt yourself if you don't follow safety procedures.""]"
,Six,Tu peux te garer ici.,French,"[""You can park here.""]"
,Seven,Tu peux te joindre.,French,"[""You can join.""]"
,Eight,Tu peux toujours le faire si tu veux.,French,"[""You can always do it if you want.""]"
,Nine,Tu peux utiliser le mien.,French,"[""You can use mine.""]"
,Ten,Tu peux y aller en bateau.,French,"[""You can go there by boat.""]"
,Eleven,Tu peux y aller.,French,"[""You can go.""]"
,Twelve,Tu pourrais avoir besoin de ceci.,French,"[""You might need this.""]"
,Thirteen,Tu pourrais t'intéresser à autre chose qu'aux voitures !,French,"[""You could be interested in something other than cars!""]"
,Fourteen,Tu pourrais te faire virer pour ça.,French,"[""You could get yourself fired for that.""]"
,Sixteen,Tu sais qui je suis ?,French,"[""You know who I am?""]"
,Seventeen,Tu sais très bien ce que je veux.,French,"[""You know very well what I want.""]"
,Eighteen,Tu savais probablement déjà ça.,French,"[""You probably already knew that.""]"
,Nineteen,Tu sembles en connaître beaucoup sur moi.,French,"[""You seem to know a lot about me.""]"
,Twenty,Tu sembles fatigué.,French,"[""You look tired.""]"
,Twenty one,Tu seras en sécurité.,French,"[""You will be safe.""]"
,Twenty two,Tu t'es fait avoir.,French,"[""You've been had.""]"
,Twenty three,Tu te lèves à six heures ?,French,"[""Do you get up at six?""]"
,Twenty four,Tu te sens bien ?,French,"[""You're feeling good?""]"
,Twenty five,Tu te souviens ?,French,"[""Do you remember?""]"
,Twenty six,Tu te souviens d'elle.,French,"[""You remember her. Literally: You remind yourself of her.""]"
,Twenty seven,Tu te tiens sur ma route.,French,"[""You stand on my way.""]"
,Twenty eight,Tu tiens là un argument.,French,"[""You have an argument there.""]"
,Twenty nine,Tu travailles avec peine ou bien à peine ?,French,"[""Do you barely work or do you barely work?""]"
,Thirty,Tu travailles dur.,French,"[""You work hard.""]"
,Thirty one,Tu triches.,French,"[""You're cheating.""]"
,Thirty two,Tu trouveras du travail.,French,"[""You will find work.""]"
,Thirty three,Tu vas adorer notre nourriture.,French,"[""You'll love our food.""]"
,One,Tu vas écouter.,French,"[""You will listen.""]"
,Two,Tu vas mieux maintenant ?,French,"[""You feel better now?""]"
,Three,Tu vas payer pour ça.,French,"[""You will pay for this.""]"
,Four,Tu veux boire du thé ou du café ?,French,"[""Do you want to drink tea or?""]"
,Five,Tu veux du poivre ?,French,"[""Do you want pepper?""]"
,Six,Tu veux quelque chose ?,French,"[""You want something?""]"
,Seven,Tu veux un peu de thé?,French,"[""Do you want some tea?""]"
,Eight,Tu veux une tasse de thé ?,French,"[""Do you want a cup of tea?""]"
,Nine,Tu veux une voiture ?,French,"[""Do you want a car?""]"
,Ten,Tu viens souvent ici ?,French,"[""Do you come here often?""]"
,Eleven,Tu vis ici ?,French,"[""You live here?""]"
,Twelve,Tu vois que tu avais tort ?,French,"[""Do you see that you were wrong?""]"
,Thirteen,Un aimant attire le fer.,French,"[""A magnet attracts iron.""]"
,Fourteen,un Américain de souche,French,"[""someone of American origin""]"
,Sixteen,Un angle de trois droits.,French,"[""An angle of 270 degrees.""]"
,Seventeen,un animal à quatre pattes,French,"[""a four-legged animal""]"
,Eighteen,Un arbre bloque le passage.,French,"[""A tree is blocking [off] the passage.""]"
,Nineteen,Un arbre cache la forêt.,French,"[""A tree hides the forest.""]"
,Twenty,Un architecte connu a construit cette maison.,French,"[""A famous architect built this house.""]"
,Twenty one,Un billet simple,French,"[""A one-way ticket""]"
,Twenty two,un bon coup,French,"[""a good lay""]"
,Twenty three,Un bon fils est toujours soucieux de plaire à ses parents.,French,"[""A good son is always anxious to please his parents.""]"
,Twenty four,Un bon nombre de personnes étaient là.,French,"[""Lots of people were there.""]"
,Twenty five,Un camion a percuté le chien.,French,"[""A truck hit the dog.""]"
,Twenty six,Un chien a mordu sa jambe.,French,"[""A dog bit his leg.""]"
,Twenty seven,Un chien a un flair très développé.,French,"[""A dog has a very developed flair.""]"
,Twenty eight,Un chien de garde,French,"[""A guarddog""]"
,Twenty nine,Un déjeuner léger sera servi.,French,"[""A light lunch will be served.""]"
,Thirty,Un devoir social.,French,"[""A social obligation.""]"
,Thirty one,Un écran de télévision.,French,"[""A television screen""]"
,Thirty two,Un étudiant ne doit pas perdre de vue sa propre identité.,French,"[""A student should not lose sight of his own identity.""]"
,Thirty three,Un étudiant veut te voir.,French,"[""A student wants to see you.""]"
,One,un expert près les tribunaux,French,"[""an expert witness""]"
,Two,un grand tricheur,French,"[""a big fat cheater""]"
,Three,un groupe de cinq à huit personnes,French,"[""a group of [from] five to eight people""]"
,Four,un homme à longue barbe,French,"[""a long-bearded man OR a man with a long beard""]"
,Five,Un homme à qui j'ai parlé.,French,"[""A man to whom I spoke/have spoken.""]"
,Six,Un homme doit être honnête.,French,"[""A man must be honest.""]"
,Seven,Un homme doit travailler.,French,"[""A man must work.""]"
,Eight,Un homme sage ne dirait pas une telle chose.,French,"[""A wise man would not say such a thing.""]"
,Nine,Un homme simple,French,"[""A simple man""]"
,Ten,Un instant...,French,"[""One moment...""]"
,Eleven,Un jus de pomme,French,"[""Apple juice""]"
,Twelve,Un large pilier bloque la vue sur le lac.,French,"[""A large pillar blocks the view of the lake.""]"
,Thirteen,Un match de football dure 90 minutes.,French,"[""A football match lasts 90 minutes.""]"
,Fourteen,un mot de souche latine,French,"[""a word originating in Latin""]"
,Sixteen,Un mot est assez pour un homme sage.,French,"[""One word is enough for a wise man.""]"
,Seventeen,Un nom de famille est un nom propre.,French,"[""A family name is a proper noun.""]"
,Eighteen,un petit garçon,French,"[""a little boy""]"
,Nineteen,un petit verre de vin,French,"[""a small glass of wine""]"
,Twenty,Un peu de sérieux.,French,"[""A little serious.""]"
,Twenty one,Un piano est cher.,French,"[""A piano is expensive.""]"
,Twenty two,Un policier est venu à moi.,French,"[""A policeman came to me.""]"
,Twenty three,Un professeur doit être juste avec ses élèves.,French,"[""A teacher should be fair to his students.""]"
,Twenty four,un regard en coin,French,"[""a side glance""]"
,Twenty five,un révolutionnaire démographique,French,"[""a demographic revolutionary""]"
,Twenty six,un salaire annuel d'environ 7 millions d'euros,French,"[""an annual salary of around 7 million euros""]"
,Twenty seven,Un simple soldat,French,"[""A mere soldier""]"
,Twenty eight,un stade avancé d'une maladie,French,"[""an advanced stage of an illness""]"
,Twenty nine,Un stade de football,French,"[""A football stadium""]"
,Thirty,un témoin gênant,French,"[""an inconvenient witness""]"
,Thirty one,un temps composé,French,"[""a compound tense""]"
,Thirty two,un temps simple,French,"[""a simple tense""]"
,Thirty three,Un verre de vin,French,"[""A glass of wine""]"
,One,un verre en cristal,French,"[""a crystal glass""]"
,Two,Un vieux château se tient en haut de la falaise.,French,"[""An old castle stands at the top of the cliff.""]"
,Three,Un volcan entre en éruption.,French,"[""A volcano erupts.""]"
,Four,Un vrai gentleman ne trahit pas ses amis.,French,"[""A true gentleman does not betray his friends.""]"
,Five,une action de capitalisation,French,"[""a capitalisation share""]"
,Six,une action promotionnelle,French,"[""a promotional campaign""]"
,Seven,Une boîte de nuit,French,"[""A nightclub""]"
,Eight,une bonne résolution,French,"[""a New Year's resolution""]"
,Nine,une botte à bière,French,"[""a boot-shaped beer glass""]"
,Ten,une brique de lait,French,"[""a milk carton""]"
,Eleven,Une brise fraîche souffla soudain sur mon visage ; je frémis doucement.,French,"[""Suddenly a cool breeze blew across my face; I shivered a little.""]"
,Twelve,une chaise en hêtre,French,"[""a chair made of beech/a beech chair""]"
,Thirteen,une chemise à manches courtes,French,"[""a short-sleeved shirt""]"
,Fourteen,Une colombe est un symbole de paix.,French,"[""A dove is a symbol of peace.""]"
,Sixteen,une double croche,French,"[""a sixteenth note""]"
,Seventeen,une engueulade maison.,French,"[""a hell of a telling off.""]"
,Eighteen,Une enquête est toujours en cours.,French,"[""An investigation is still in progress.""]"
,Nineteen,une faute d'orthographe,French,"[""a spelling mistake""]"
,Twenty,une femme au visage pâle,French,"[""a pale-faced woman""]"
,Twenty one,Une feuille morte tomba au sol.,French,"[""A dead leaf fell to the ground.""]"
,Twenty two,Une fois par jour...,French,"[""Once a day...""]"
,Twenty three,une fourchette en métal,French,"[""a fork made of metal/a metal fork""]"
,Twenty four,Une fourmi m'a piqué.,French,"[""An ant bit me.""]"
,Twenty five,une grande part,French,"[""a large share""]"
,Twenty six,une grande part de qch,French,"[""a large proportion of something""]"
,Twenty seven,une grande part de tarte,French,"[""a large portion of cake""]"
,Twenty eight,une grande tarte maison,French,"[""a big home-made pie""]"
,Twenty nine,Une heure de plus et il serait mort.,French,"[""One more hour and he would be dead.""]"
,Thirty,Une livre est une unité de poids.,French,"[""A pound is a unit of weight.""]"
,Thirty one,une maison aux murs de brique,French,"[""a brick-walled house / a house with brick walls""]"
,Thirty two,Une maison de verre.,French,"[""A house of glass.""]"
,Thirty three,une méthode de langue,French,"[""a language textbook""]"
,One,Une nouvelle équipe fut formée afin de prendre part à la course de bateaux.,French,"[""A new team was formed to take part in the boat race.""]"
,Two,Une partie importante des votes,French,"[""A significant number of the votes""]"
,Three,une pellicule de neige,French,"[""a thin layer of snow""]"
,Four,une photo en noir et blanc,French,"[""a photo in black and white""]"
,Five,Une piste automobile dans le désert.,French,"[""A car track in the desert.""]"
,Six,Une portion de frites,French,"[""A portion of fries""]"
,Seven,Une résolution sur un compromis restreint est préférable à rien du tout.,French,"[""A resolution on a narrow compromise is better than nothing at all.""]"
,Eight,Une rue droite.,French,"[""A straight road.""]"
,Nine,une souche virale inédite a fait au minimum vingt morts,French,"[""an unknown viral strain has caused at least twenty deaths""]"
,Ten,une traduction fidèle,French,"[""a faithful translation""]"
,Eleven,une triple croche,French,"[""a thirty-second note""]"
,Twelve,Une voiture arrive.,French,"[""A car arrives.""]"
,Thirteen,Une voiture chère est un symbole de statut social.,French,"[""An expensive car is a symbol of social status.""]"
,Fourteen,Une voiture de sport,French,"[""A sportscar""]"
,Sixteen,Une voiture passa.,French,"[""A car passed.""]"
,Seventeen,Utilise ceci.,French,"[""Use this.""]"
,Eighteen,Va ailleurs.,French,"[""Go elsewhere.""]"
,Nineteen,Va au diable !,French,"[""Go to hell!""]"
,Twenty,Va au lit !,French,"[""Go to bed!""]"
,Twenty one,Va derrière moi.,French,"[""Go behind me.""]"
,Twenty two,Va doucement !,French,"[""Go slowly!""]"
,Twenty three,Va le chercher !,French,"[""Go and get it!""]"
,Twenty four,Va me faire un sandwich.,French,"[""Go make me a sandwich.""]"
,Twenty five,Va tout droit.,French,"[""Go ahead.""]"
,Twenty six,Vas-tu assister à la réunion ?,French,"[""Are you going to attend the meeting?""]"
,Twenty seven,Vas-y !,French,"[""Go ahead!""]"
,Twenty eight,Vendre des voitures est mon métier.,French,"[""Selling cars is my job.""]"
,Twenty nine,Venez !,French,"[""Come!""]"
,Thirty,Venez à moi.,French,"[""Come to me.""]"
,Thirty one,Venez à nous.,French,"[""Come to us.""]"
,Thirty two,Venez avec nous.,French,"[""Come with us.""]"
,Thirty three,Venez chez nous !,French,"[""Come to our home!""]"
,One,Venez demain matin.,French,"[""Come tomorrow morning.""]"
,Two,Venez me chercher.,French,"[""Come get me.""]"
,Three,Venez me voir.,French,"[""Come see me.""]"
,Four,Venez nous aider.,French,"[""Come help us.""]"
,Five,Venez prendre le thé avec moi.,French,"[""Come and have tea with me.""]"
,Six,Venez-vous souvent ici ?,French,"[""Do you often come here?""]"
,Seven,verre de couleur,French,"[""colored glass""]"
,Eight,Verrouille la porte.,French,"[""Lock the door.""]"
,Nine,Veuillez copier cette page.,French,"[""Please copy this page.""]"
,Ten,Veuillez corriger ma note.,French,"[""Please correct my note.""]"
,Eleven,Veuillez frapper avant d'entrer.,French,"[""Please knock before entering.""]"
,Twelve,Veuillez le corriger.,French,"[""Please correct it.""]"
,Thirteen,Veuillez le noter.,French,"[""Please note.""]"
,Fourteen,Veuillez ouvrir la porte.,French,"[""Please open the door.""]"
,Sixteen,Veuillez pardonner l'intrusion.,French,"[""Please forgive the intrusion.""]"
,Seventeen,Veuillez remplir ce formulaire.,French,"[""Please complete this form.""]"
,Eighteen,Veuillez vous mettre de côté.,French,"[""Please step aside.""]"
,Nineteen,Veux-tu aller à la pêche avec moi ?,French,"[""Do you want to go fishing with me?""]"
,Twenty,Veux-tu de la compagnie ?,French,"[""Do you want company?""]"
,Twenty one,Veux-tu de la salade ?,French,"[""Do you want salad?""]"
,Twenty two,Veux-tu du café ou autre chose ?,French,"[""Do you want coffee or something?""]"
,Twenty three,Veux-tu du riz?,French,"[""Do you want rice?""]"
,Twenty four,Veux-tu du sucre dans ton café ?,French,"[""Do you want sugar in your coffee?""]"
,Twenty five,Veux-tu quelque chose ?,French,"[""Do you want something?""]"
,Twenty six,Veux-tu regarder la télé?,French,"[""Do you want to watch TV?""]"
,Twenty seven,Veux-tu un autre verre de vin ?,French,"[""Do you want another glass of wine?""]"
,Twenty eight,Veux-tu un journal ou un magazine ?,French,"[""Do you want a newspaper or a magazine?""]"
,Twenty nine,Veux-tu un sandwich ?,French,"[""Do you want a sandwich?""]"
,Thirty,Veux-tu une voiture ?,French,"[""Do you want a car?""]"
,Thirty one,Viendra-t-il demain ?,French,"[""Will he come tomorrow?""]"
,Thirty two,Viendras-tu me chercher demain matin à sept heures ?,French,"[""Will you pick me up tomorrow morning at seven?""]"
,Thirty three,Viens !,French,"[""Come!""]"
,One,Viens à mon bureau.,French,"[""Come to my office.""]"
,Two,Viens chez moi !,French,"[""Come to my place!""]"
,Three,Viens chez nous !,French,"[""Come at our home!""]"
,Four,Viens ici et aide-moi.,French,"[""Come here and help me.""]"
,Five,Viens immédiatement !,French,"[""Come immediately!""]"
,Six,Viens me donner un coup de main.,French,"[""Come and give me a bit of a hand.""]"
,Seven,Viens me voir demain.,French,"[""Come see me tomorrow.""]"
,Eight,Viens par ici !,French,"[""Come over here!""]"
,Nine,Viens pêcher avec moi.,French,"[""Come fish with me.""]"
,Ten,Viens quand tu veux.,French,"[""Come when you want.""]"
,Eleven,Viens te réchauffer au coin du feu.,French,"[""Come and warm yourself by the fire.""]"
,Twelve,Viens vite !,French,"[""Come quickly!""]"
,Thirteen,Viens vivre avec moi en France.,French,"[""Come live with me in France.""]"
,Fourteen,Viens-tu ici tous les jours ?,French,"[""Do you come here everyday?""]"
,Sixteen,vingt à trente ans,French,"[""twenty/thirty years""]"
,Seventeen,Virer à gauche.,French,"[""Bear left.""]"
,Eighteen,Vive la France!,French,"[""Long live France!""]"
,Nineteen,Vive les femmes!,French,"[""Go women! Go girls!""]"
,Twenty,Vive moi!,French,"[""Yay for me!""]"
,Twenty one,Vive nous!,French,"[""Yay for us!""]"
,Twenty two,Vive tu!,French,"[""Go you singular!""]"
,Twenty three,Vive vous!,French,"[""Long live you plural!""]"
,Twenty four,Vivez-vous ici ?,French,"[""Do you live here?""]"
,Twenty five,Vivre en ville est assez différent de vivre à la campagne.,French,"[""Living in the city is quite different from living in the countryside.""]"
,Twenty six,Voici la chambre de mon père.,French,"[""This is my father's bedroom.""]"
,Twenty seven,Voici la clé de mon appartement.,French,"[""Here is the key to my apartment.""]"
,Twenty eight,Voici la clé de ta chambre.,French,"[""Here is the key to your room.""]"
,Twenty nine,Voici la clef qui a ouvert cette porte.,French,"[""Here is the key that opened this door.""]"
,Thirty,Voici la facture.,French,"[""Here is the invoice.""]"
,Thirty one,Voici le nouveau président de l'association.,French,"[""This is the new president of the association.""]"
,Thirty two,Voici le serveur !,French,"[""Here's the server!""]"
,Thirty three,Voici ma clef.,French,"[""Here is my key.""]"
,One,Voici mon épouse.,French,"[""This is my wife.""]"
,Two,Voici ton livre.,French,"[""Here is your book.""]"
,Three,Voici un couteau dont tu peux te servir.,French,"[""Here is a knife that you can use.""]"
,Four,Voici un exemple.,French,"[""Here is an example.""]"
,Five,Voici un oiseau volant.,French,"[""Here's a flying bird.""]"
,Six,Voici une lettre pour vous.,French,"[""Here is a letter for you.""]"
,Seven,Voici une voiture qui arrive.,French,"[""Here is a car coming.""]"
,Eight,Voici vos clés.,French,"[""Here are your keys.""]"
,Nine,Voici votre monnaie.,French,"[""Here is your change.""]"
,Ten,Voici votre pudding.,French,"[""Here is your pudding.""]"
,Eleven,Voilà le train.,French,"[""Here is the train.""]"
,Twelve,Voilà mon équipe.,French,"[""Here is my team.""]"
,Thirteen,Voilà un panier plein de fruits !,French,"[""Here is a basket full of fruit!""]"
,Fourteen,Voilà une lettre pour toi.,French,"[""Here is a letter for you.""]"
,Sixteen,voir par devant,French,"[""see from the back""]"
,Seventeen,Vos chaussures ne vont pas avec ce costume.,French,"[""Your shoes do not go with this costume.""]"
,Eighteen,Vos commentaires sont les bienvenus.,French,"[""Your comments are welcome.""]"
,Nineteen,Votre bain est prêt.,French,"[""Your bath is ready.""]"
,Twenty,Votre chambre est la première à gauche.,French,"[""Your room is the first on the left.""]"
,Twenty one,Votre chien est très gros.,French,"[""Your dog is very large.""]"
,Twenty two,Votre père est grand.,French,"[""Your father is tall.""]"
,Twenty three,Votre réponse est au point.,French,"[""Your answer is ready.""]"
,Twenty four,Votre réponse est correcte.,French,"[""Your answer is correct.""]"
,Twenty five,Votre temps est écoulé.,French,"[""Your time is up.""]"
,Twenty six,Votre visage est sale.,French,"[""Your face is dirty.""]"
,Twenty seven,Votre voiture est en feu.,French,"[""Your car is on fire.""]"
,Twenty eight,Votre voiture est rapide.,French,"[""Your car is fast.""]"
,Twenty nine,Voudrais-tu danser avec moi ?,French,"[""Would you like to dance with me?""]"
,Thirty,Voudrais-tu jouer au foot avec nous ?,French,"[""Would you like to play soccer with us?""]"
,Thirty one,Voudrais-tu que je te masse le torse ?,French,"[""Would you like me to massage your chest?""]"
,Thirty two,Voudras-tu prendre un thé avec moi ?,French,"[""Would you like to have tea with me?""]"
,Thirty three,Voulez-vous du chocolat chaud?,French,"[""Do you want hot chocolate?""]"
,One,Voulez-vous encore du pain ?,French,"[""Would you like more bread?""]"
,Two,Voulez-vous le faire laver ?,French,"[""Do you want to wash it?""]"
,Three,Voulez-vous lui laisser un message ?,French,"[""Would you like to leave him a message?""]"
,Four,Voulez-vous que je ferme la fenêtre ?,French,"[""Do you want me to close the window?""]"
,Five,Voulez-vous que je vous aide ?,French,"[""Do you want me to help you?""]"
,Six,Voulez-vous un bonbon ?,French,"[""Do you want a candy?""]"
,Seven,Voulez-vous un journal ou un magazine ?,French,"[""Do you want a newspaper or magazine?""]"
,Eight,Voulez-vous un petit-déjeuner ?,French,"[""Do you want breakfast?""]"
,Nine,Voulez-vous un peu plus de thé ?,French,"[""Do you want some more tea?""]"
,Ten,Voulez-vous un verre de soda ?,French,"[""Do you want a glass of soda?""]"
,Eleven,Vous agissez en enfants.,French,"[""You're acting like children.""]"
,Twelve,Vous ai-je bien entendu ?,French,"[""Did I hear you correctly?""]"
,Thirteen,Vous ai-je bien entendues ?,French,"[""Did I hear you correctly?""]"
,Fourteen,Vous ai-je bien entendus ?,French,"[""Did I hear you correctly?""]"
,Sixteen,Vous aimez chanter ?,French,"[""Do you like to sing?""]"
,Seventeen,Vous aimez la musique ?,French,"[""Do you like music?""]"
,Eighteen,Vous aimez le poisson ?,French,"[""Do you like fish?""]"
,Nineteen,Vous aimez le poisson?,French,"[""Do you like fish?""]"
,Twenty,Vous aimez le sport ?,French,"[""Do you like sports?""]"
,Twenty one,Vous aimez le tennis ?,French,"[""Do you like tennis?""]"
,Twenty two,Vous allez,French,"[""You go.""]"
,Twenty three,Vous allez devoir nous accompagner.,French,"[""You will have to accompany us.""]"
,Twenty four,Vous allez souvent à la piscine ?,French,"[""Do you often go to the swimming pool?""]"
,Twenty five,Vous allez souvent à Tokyo ?,French,"[""Do you often go to Tokyo?""]"
,Twenty six,Vous allez souvent au cinéma ?,French,"[""You often go to the cinema?""]"
,Twenty seven,Vous auriez dû le faire avec nous.,French,"[""You should have done it with us.""]"
,Twenty eight,Vous auriez dû vous lever plus tôt.,French,"[""You should have woken up earlier.""]"
,Twenty nine,Vous avez beaucoup de courage !,French,"[""You have a lot of courage!""]"
,Thirty,Vous avez de la fièvre.,French,"[""You have a fever.""]"
,Thirty one,Vous avez de la fièvre.,French,"[""You have fever.""]"
,Thirty two,Vous avez demandé à me voir.,French,"[""You asked to see me.""]"
,Thirty three,Vous avez droit à votre opinion.,French,"[""You have the right to your opinion.""]"
,One,Vous avez eu une longue journée.,French,"[""You have had a long day.""]"
,Two,Vous avez fait un excellent travail.,French,"[""You have done an excellent job.""]"
,Three,Vous avez fait un très bon travail.,French,"[""You have done a very good job.""]"
,Four,Vous avez fait votre part.,French,"[""You have done your part.""]"
,Five,Vous avez oublié votre manteau.,French,"[""You forgot your coat.""]"
,Six,Vous avez pris une bonne décision.,French,"[""You have made a good decision.""]"
,Seven,Vous avez seulement à écrire votre nom et adresse ici.,French,"[""You only have to write your name and address here.""]"
,Eight,Vous avez tellement de talent !,French,"[""You have so much talent!""]"
,Nine,Vous avez tous passé le test.,French,"[""You have all passed the test.""]"
,Ten,Vous avez tout.,French,"[""You have it all.""]"
,Eleven,Vous avez un avenir.,French,"[""You have a future.""]"
,Twelve,Vous avez un bon contact avec les enfants.,French,"[""You have a good rapport with children.""]"
,Thirteen,Vous avez un choix à faire.,French,"[""You have a choice to make.""]"
,Fourteen,Vous avez un mois de loyer en retard.,French,"[""You have a month's rent late.""]"
,Sixteen,Vous avez un problème ?,French,"[""You have a problem?""]"
,Seventeen,Vous aviez aussi raison.,French,"[""You were also right.""]"
,Eighteen,Vous aviez effectivement dit cela.,French,"[""You did say that.""]"
,Nineteen,Vous aviez raison de vous inquiéter.,French,"[""You were right to worry.""]"
,Twenty,Vous commencez.,French,"[""You begin.""]"
,Twenty one,Vous connaissez les gens.,French,"[""You know the people.""]"
,Twenty two,Vous devez apprendre à faire des compromis.,French,"[""You have to learn to compromise.""]"
,Twenty three,Vous devez demander la permission.,French,"[""You must ask for permission.""]"
,Twenty four,Vous devez être plus clairs.,French,"[""You must be clearer.""]"
,Twenty five,Vous devez faire plus de sport.,French,"[""You need to do more sport.""]"
,Twenty six,Vous devez rester en forme.,French,"[""You have to stay in shape.""]"
,Twenty seven,Vous devriez affronter la réalité.,French,"[""You should face reality.""]"
,Twenty eight,Vous devriez aller à la messe plus souvent.,French,"[""You should go to mass more often.""]"
,Twenty nine,Vous devriez arrêter ça.,French,"[""You should stop this.""]"
,Thirty,Vous devriez écouter son conseil.,French,"[""You should listen to his advice.""]"
,Thirty one,Vous devriez faire ça.,French,"[""You should do this.""]"
,Thirty two,Vous devriez parler à un spécialiste.,French,"[""You should speak to a specialist.""]"
,Thirty three,Vous devriez vous excuser.,French,"[""You should apologize.""]"
,One,Vous dites avoir vu un OVNI ? Allons donc !,French,"[""You say you saw a UFO? Come on!""]"
,Two,Vous en avez eu assez.,French,"[""You have had enough.""]"
,Three,Vous et moi avons quelque chose en commun.,French,"[""You and I have something in common.""]"
,Four,Vous et moi sommes dans le même bateau.,French,"[""You and I are in the same boat.""]"
,Five,Vous êtes arrivé en retard.,French,"[""You arrived late.""]"
,Six,Vous êtes en lieu sûr.,French,"[""You are in a safe place.""]"
,Seven,Vous êtes grand.,French,"[""You are tall.""]"
,Eight,Vous êtes grande.,French,"[""You are tall.""]"
,Nine,Vous êtes grandes.,French,"[""You are tall.""]"
,Ten,Vous êtes grands.,French,"[""You are tall.""]"
,Eleven,Vous êtes hideux.,French,"[""You are hideous.""]"
,Twelve,Vous êtes influent.,French,"[""You are influential.""]"
,Thirteen,Vous êtes la maîtresse.,French,"[""You are the mistress.""]"
,Fourteen,Vous êtes le chef.,French,"[""You are the leader.""]"
,Sixteen,Vous êtes le maître.,French,"[""You are the master.""]"
,Seventeen,Vous êtes le professeur de mon enfant.,French,"[""You are my child's teacher.""]"
,Eighteen,Vous êtes libre de dire ce que vous pensez.,French,"[""You are free to say what you think.""]"
,Nineteen,Vous êtes libre de faire ce que bon vous semble avec votre argent.,French,"[""You are free to do whatever you want with your money.""]"
,Twenty,Vous êtes libres de partir.,French,"[""You are free to go.""]"
,Twenty one,Vous êtes ma princesse.,French,"[""You are my princess.""]"
,Twenty two,Vous êtes prévenant.,French,"[""You are considerate.""]"
,Twenty three,Vous êtes rusé.,French,"[""You are cunning.""]"
,Twenty four,Vous êtes si méchant.,French,"[""You are so mean.""]"
,Twenty five,Vous êtes superbe.,French,"[""You are superb.""]"
,Twenty six,Vous êtes timide.,French,"[""You are shy.""]"
,Twenty seven,Vous êtes tous prêts ?,French,"[""Are you all ready?""]"
,Twenty eight,Vous êtes très bon à ceci.,French,"[""You are very good at this.""]"
,Twenty nine,Vous êtes très fort.,French,"[""You are very strong.""]"
,Thirty,Vous êtes un artiste.,French,"[""You are an artist.""]"
,Thirty one,Vous êtes un bon client.,French,"[""You are a good customer.""]"
,Thirty two,Vous êtes un drôle de type.,French,"[""You are a funny guy.""]"
,Thirty three,Vous êtes une drôle de jeune femme.,French,"[""You are a funny young woman.""]"
,One,Vous êtes une enfant.,French,"[""You are a child.""]"
,Two,Vous êtes une victime du système.,French,"[""You are a victim of the system.""]"
,Three,Vous êtes vieilles.,French,"[""You are old.""]"
,Four,Vous êtes-vous jamais cassé un os ?,French,"[""Have you ever broken a bone?""]"
,Five,Vous faites du sport ?,French,"[""Do you play sports?""]"
,Six,Vous feriez mieux de prendre un parapluie.,French,"[""You'd better take an umbrella.""]"
,Seven,Vous habitez ici ?,French,"[""You live here?""]"
,Eight,Vous habitez où ?,French,"[""Where do you live?""]"
,Nine,Vous habitez seul ?,French,"[""Do you live alone?""]"
,Ten,Vous intéressez-vous aux langues étrangères ?,French,"[""Are you interested in foreign languages?""]"
,Eleven,Vous le connaissez ?,French,"[""You know him?""]"
,Twelve,Vous me mettez à la porte ?,French,"[""Are you throwing me out?""]"
,Thirteen,Vous me payez très bien.,French,"[""You pay me very well.""]"
,Fourteen,Vous me permettrez de le faire ?,French,"[""Will you allow me to do that?""]"
,Sixteen,Vous me plaisez.,French,"[""You please me.""]"
,Seventeen,Vous méritez de réussir.,French,"[""You deserve to be successful.""]"
,Eighteen,Vous n'en êtes pas où vous pensez.,French,"[""You are not where you think you are.""]"
,Nineteen,Vous ne devriez pas faire confiance à cet homme.,French,"[""You shouldn't trust this man.""]"
,Twenty,Vous ne pouvez pas en être certain.,French,"[""You cannot be sure.""]"
,Twenty one,Vous ne pouvez pas manger ici.,French,"[""You cannot eat here.""]"
,Twenty two,Vous pourrez le contacter chez lui ce soir.,French,"[""You can contact him at his home this evening.""]"
,Twenty three,Vous pourriez essayer ça.,French,"[""You could try that.""]"
,Twenty four,Vous pourriez vous blesser.,French,"[""You could injure yourself.""]"
,Twenty five,Vous pouvez choisir le livre que vous aimez.,French,"[""You can choose the book you like.""]"
,Twenty six,Vous pouvez disposer.,French,"[""You can dispose.""]"
,Twenty seven,Vous pouvez me citer.,French,"[""You can quote me.""]"
,Twenty eight,Vous pouvez nager.,French,"[""You can swim.""]"
,Twenty nine,Vous pouvez partir.,French,"[""You can leave.""]"
,Thirty,Vous pouvez utiliser ma voiture.,French,"[""You can use my car.""]"
,Thirty one,Vous pouvez vous en aller.,French,"[""You can go.""]"
,Thirty two,Vous pouvez vous garer ici.,French,"[""You can park here.""]"
,Thirty three,Vous pouvez vous servir du gâteau.,French,"[""You can help yourself to the cake.""]"
,One,Vous pouvez vous servir du gâteau.,French,"[""You can use the cake.""]"
,Two,Vous prenez un dessert ?,French,"[""Are you having a dessert?""]"
,Three,Vous regardez tout le temps la télévision.,French,"[""You watch television all the time.""]"
,Four,Vous savez de qui je veux parler.,French,"[""You know who I'm talking about.""]"
,Five,Vous venez souvent dans ce restaurant ?,French,"[""Do you often come to this restaurant?""]"
,Six,Vous voulez bien nous excuser un moment ?,French,"[""Would you excuse us for a moment?""]"
,Seven,Vous vous êtes cassé la jambe.,French,"[""You broke your leg.""]"
,Eight,Vous vous sentez bien ?,French,"[""You feel well?""]"
,Nine,Vous vous trompez.,French,"[""You are wrong.""]"
,Ten,voyager par train,French,"[""travel by train""]"
,Eleven,Voyagez-vous beaucoup ?,French,"[""Do you travel a lot?""]"
,Twelve,Voyez ce mot dans le dictionnaire.,French,"[""See this word in the dictionary.""]"
,Thirteen,Vrai ?,French,"[""True?""]"
,Fourteen,XXIe siècle,French,"[""21st century""]"
,Sixteen,Y a-t-il du sucre ?,French,"[""Is there any sugar?""]"
,Seventeen,Y a-t-il quelque chose que je doive faire ?,French,"[""Is there something i need to do?""]"
,Eighteen,Y a-t-il quelque chose que je puisse faire ?,French,"[""Is there anything I can do?""]"
,Nineteen,Y a-t-il un musicien connu sur scène ?,French,"[""Is there a famous musician on stage?""]"
,Twenty,Y a-t-il un zoo dans le parc ?,French,"[""Is there a zoo in the park?""]"
,Twenty one,Y a-t-il une quelconque aide de disponible ?,French,"[""Is there any help available?""]"
,Twenty two,Down with the king!,English,"[""À bas le roi !""]"
,Twenty three,See you tomorrow at the office.,English,"[""À demain au bureau.""]"
,Twenty four,at quarter past ten,English,"[""à dix heures et quart""]"
,Twenty five,at the hotel,English,"[""à l'hôtel""]"
,Twenty six,inside,English,"[""à l'intérieur""]"
,Twenty seven,All in good time!,English,"[""À la bonne heure !""]"
,Twenty eight,at home,English,"[""à la maison""]"
,Twenty nine,When do you need it?,English,"[""À partir de quand en as-tu besoin ?""]"
,Thirty,see you later,English,"[""à plus tard""]"
,Thirty one,See you.,English,"[""À plus.""]"
,Thirty two,How hungry are you?,English,"[""À quel point tu as faim ?""]"
,Thirty three,What time is brunch?,English,"[""À quelle heure est le brunch ?""]"
,One,What time is the concert?,English,"[""À quelle heure est le concert?""]"
,Two,What time is the sunset?,English,"[""À quelle heure est le coucher de soleil ?""]"
,Three,What time is the sunrise?,English,"[""À quelle heure est le lever du soleil ?""]"
,Four,What time do you get up?,English,"[""À quelle heure te lèves-tu ?""]"
,Five,Who does this book belong to?,English,"[""À qui appartient ce livre ?""]"
,Six,Who does this matter to?,English,"[""À qui ceci importe-t-il ?""]"
,Seven,Who is this book for?,English,"[""À qui est ce livre ?""]"
,Eight,Who owns this paper?,English,"[""À qui est ce papier-ci ?""]"
,Nine,Whose bag is it?,English,"[""À qui est le sac ?""]"
,Ten,Who is it for?,English,"[""À qui est-ce ?""]"
,Eleven,Whose is this?,English,"[""À qui est-ce ?""]"
,Twelve,What's the point?,English,"[""À quoi bon ?""]"
,Thirteen,What are his words referring to?,English,"[""À quoi font allusion ses paroles ?""]"
,Fourteen,What are you thinking?,English,"[""À quoi pensez-vous ?""]"
,Sixteen,What are you aiming at by behaving like this?,English,"[""À quoi pensez-vous de vous conduire ainsi ?""]"
,Seventeen,What is this key for?,English,"[""À quoi sert cette clé ?""]"
,Eighteen,Did he drop the cigarette?,English,"[""A-t-il laissé tombé la cigarette ?""]"
,Nineteen,Do you accept credit cards?,English,"[""Acceptez-vous les cartes de crédits ?""]"
,Twenty,To pick up dust.,English,"[""Accrocher de la poussière.""]"
,Twenty one,familiar To get a job,English,"[""Accrocher du boulot.""]"
,Twenty two,To hang something on the wall.,English,"[""Accrocher quelque chose au mur.""]"
,Twenty three,To get a pretty house,English,"[""Accrocher une belle maison.""]"
,Twenty four,Buying cocaine is illegal.,English,"[""Acheter de la cocaïne est illégal.""]"
,Twenty five,Farewell!,English,"[""Adieu !""]"
,Twenty six,Shake before use.,English,"[""Agiter avant utilisation.""]"
,Twenty seven,Am I right?,English,"[""Ai-je raison ?""]"
,Twenty eight,Am I wrong?,English,"[""Ai-je tort ?""]"
,Twenty nine,Help us!,English,"[""Aidez-nous !""]"
,Thirty,Does she like oranges?,English,"[""Aime-t-elle les oranges ?""]"
,Thirty one,Do you like to sing?,English,"[""Aimes-tu chanter ?""]"
,Thirty two,Do you like to cook?,English,"[""Aimes-tu faire la cuisine ?""]"
,Thirty three,Do you like mine?,English,"[""Aimes-tu la mienne ?""]"
,One,Do you like music?,English,"[""Aimes-tu la musique ?""]"
,Two,Do you like mine?,English,"[""Aimes-tu le mien ?""]"
,Three,Do you like fish?,English,"[""Aimes-tu le poisson ?""]"
,Four,Do you like movies?,English,"[""Aimes-tu les films ?""]"
,Five,Do you like mine?,English,"[""Aimes-tu les miennes ?""]"
,Six,Do you like apples?,English,"[""Aimes-tu les pommes ?""]"
,Seven,Do you like traveling?,English,"[""Aimes-tu les voyages ?""]"
,Eight,Do you like French literature?,English,"[""Aimez-vous la littérature française ?""]"
,Nine,Do you like the mountains?,English,"[""Aimez-vous la montagne ?""]"
,Ten,Do you like mine?,English,"[""Aimez-vous le mien ?""]"
,Eleven,Do you like cats?,English,"[""Aimez-vous les chats ?""]"
,Twelve,Do you like cool summers?,English,"[""Aimez-vous les étés frais ?""]"
,Thirteen,Do you like mine?,English,"[""Aimez-vous les miennes ?""]"
,Fourteen,Do you like apples?,English,"[""Aimez-vous les pommes ?""]"
,Sixteen,Do you really like this?,English,"[""Aimez-vous réellement ça ?""]"
,Seventeen,Do you like your appearance?,English,"[""Aimez-vous votre apparence ?""]"
,Eighteen,Add a little milk.,English,"[""Ajoute un peu de lait.""]"
,Nineteen,Alexander the Great,English,"[""Alexandre le Grand""]"
,Twenty,go to the end / go all the way,English,"[""aller au bout""]"
,Twenty one,go by bus,English,"[""aller en bus""]"
,Twenty two,go through the park,English,"[""aller par le parc""]"
,Twenty three,Round trip or one way?,English,"[""Aller-retour ou aller simple ?""]"
,Twenty four,Go!,English,"[""Allez !""]"
,Twenty five,Go to bed!,English,"[""Allez au lit !""]"
,Twenty six,Let's go camping.,English,"[""Allons camper.""]"
,Twenty seven,Let's go to lunch.,English,"[""Allons déjeuner.""]"
,Twenty eight,Let's go ask him.,English,"[""Allons lui demander.""]"
,Twenty nine,Let's go eat by the river.,English,"[""Allons manger au bord de la rivière.""]"
,Thirty,Let's go for a walk.,English,"[""Allons marcher.""]"
,Thirty one,Let's go this way.,English,"[""Allons par ce chemin.""]"
,Thirty two,Let's have something to eat!,English,"[""Allons prendre quelque chose à manger !""]"
,Thirty three,Let's go watch TV.,English,"[""Allons regarder la télévision.""]"
,One,Shall we go for a walk?,English,"[""Allons-nous faire une promenade ?""]"
,Two,Let's go by train.,English,"[""Allons-y en train.""]"
,Three,Let's go ahead and see as much as we can.,English,"[""Allons-y et voyons autant de choses que nous pourrons.""]"
,Four,Light the candle!,English,"[""Allume la bougie !""]"
,Five,Have fun!,English,"[""Amusez-vous bien !""]"
,Six,Call an ambulance.,English,"[""Appelez une ambulance.""]"
,Seven,Call me tonight.,English,"[""Appelez-moi ce soir.""]"
,Eight,Call me when you get home,English,"[""Appelez-moi quand vous arriverez chez vous""]"
,Nine,Call me if you have any problems.,English,"[""Appelez-moi si vous avez des problèmes.""]"
,Ten,Call the police!,English,"[""Appelle la police!""]"
,Eleven,Call a plumber!,English,"[""Appelle un plombier !""]"
,Twelve,Call me!,English,"[""Appelle-moi !""]"
,Thirteen,Call me when you want.,English,"[""Appelle-moi quand tu veux.""]"
,Fourteen,Call me if you have any problems.,English,"[""Appelle-moi si tu as des problèmes.""]"
,Sixteen,Call us!,English,"[""Appelle-nous !""]"
,Seventeen,Bring me the flute.,English,"[""Apporte-moi la flûte.""]"
,Eighteen,Bring it to me.,English,"[""Apportez-le-moi.""]"
,Nineteen,Bring me my cane.,English,"[""Apportez-moi ma canne.""]"
,Twenty,Bring me my glasses.,English,"[""Apportez-moi mes lunettes.""]"
,Twenty one,learning French is easier than you think,English,"[""apprendre le français est plus facile qu'on ne pense""]"
,Twenty two,Learn how to define your goals.,English,"[""Apprenez à définir vos objectifs.""]"
,Twenty three,Learn these names by heart.,English,"[""Apprenez ces noms par cœur.""]"
,Twenty four,Approach.,English,"[""Approche.""]"
,Twenty five,Come closer.,English,"[""Approchez.""]"
,Twenty six,Put your foot down!,English,"[""Appuie sur le champignon !""]"
,Twenty seven,After you.,English,"[""Après vous.""]"
,Twenty eight,Arnie is strong.,English,"[""Arnie est fort.""]"
,Twenty nine,Stopped!,English,"[""Arrête !""]"
,Thirty,Stop that!,English,"[""Arrête ça !""]"
,Thirty one,Stop smoking if you want to live long.,English,"[""Arrête de fumer si tu veux vivre longtemps.""]"
,Thirty two,Stop smoking.,English,"[""Arrête de fumer.""]"
,Thirty three,Stop reading.,English,"[""Arrête de lire.""]"
,One,Stop lying.,English,"[""Arrête de mentir.""]"
,Two,Stop bitching.,English,"[""Arrête de râler.""]"
,Three,Stop shooting.,English,"[""Arrête de tirer.""]"
,Four,Stop immediately!,English,"[""Arrête immédiatement !""]"
,Five,Stop your chariot.,English,"[""Arrête ton char.""]"
,Six,Stop where you are.,English,"[""Arrête-toi où tu es.""]"
,Seven,Stop!,English,"[""Arrêtez !""]"
,Eight,Stop writing and return your sheet.,English,"[""Arrêtez d'écrire et rendez votre feuille.""]"
,Nine,Stop reading.,English,"[""Arrêtez de lire.""]"
,Ten,Stop shooting.,English,"[""Arrêtez de tirer.""]"
,Eleven,Stop where you are.,English,"[""Arrêtez-vous où vous êtes.""]"
,Twelve,Did you like the salad?,English,"[""As-tu aimé la salade ?""]"
,Thirteen,Did you call the plumber?,English,"[""As-tu appelé le plombier ?""]"
,Fourteen,Did you like Boston?,English,"[""As-tu apprécié Boston ?""]"
,Sixteen,Do you have a fever?,English,"[""As-tu de la fièvre ?""]"
,Seventeen,Have you ever had a long distance relationship?,English,"[""As-tu déjà eu une relation à distance ?""]"
,Eighteen,Have you already finished your breakfast?,English,"[""As-tu déjà fini ton petit-déjeuner ?""]"
,Nineteen,Have you ever eaten turkey?,English,"[""As-tu déjà mangé de la dinde ?""]"
,Twenty,Have you ever eaten a banana pie?,English,"[""As-tu déjà mangé une tarte à la banane ?""]"
,Twenty one,Have you already paid the bill?,English,"[""As-tu déjà payé la facture?""]"
,Twenty two,Have you already had your lunch?,English,"[""As-tu déjà pris ton déjeuner ?""]"
,Twenty three,Have you ever dreamed of me?,English,"[""As-tu déjà rêvé de moi ?""]"
,Twenty four,Have you ever visited Kyoto?,English,"[""As-tu déjà visité Kyoto ?""]"
,Twenty five,Have you ever seen an elephant?,English,"[""As-tu déjà vu un éléphant ?""]"
,Twenty six,Have you ever seen a monkey?,English,"[""As-tu déjà vu un singe ?""]"
,Twenty seven,Have you had lunch?,English,"[""As-tu déjeuné ?""]"
,Twenty eight,Did you say yes or no?,English,"[""As-tu dit oui ou non ?""]"
,Twenty nine,Do you still need tea?,English,"[""As-tu encore besoin de thé ?""]"
,Thirty,Are you still afraid?,English,"[""As-tu encore peur ?""]"
,Thirty one,Are you still thirsty?,English,"[""As-tu encore soif ?""]"
,Thirty two,Do you want to vomit?,English,"[""As-tu envie de vomir ?""]"
,Thirty three,Are you hungry now?,English,"[""As-tu faim maintenant ?""]"
,One,Are you ashamed of me?,English,"[""As-tu honte de moi ?""]"
,Two,Have you ever seen a car accident?,English,"[""As-tu jamais vu un accident de voiture ?""]"
,Three,Did you feed the dog?,English,"[""As-tu nourri le chien ?""]"
,Four,Do you have anything to add?,English,"[""As-tu quelque chose à ajouter ?""]"
,Five,Do you have something to read?,English,"[""As-tu quelque chose à lire ?""]"
,Six,Did you receive the check?,English,"[""As-tu reçu le chèque ?""]"
,Seven,Do you have your keys?,English,"[""As-tu tes clefs ?""]"
,Eight,Have you found a job?,English,"[""As-tu trouvé du travail ?""]"
,Nine,Did you find a cure?,English,"[""As-tu trouvé un remède ?""]"
,Ten,Do you have a camera?,English,"[""As-tu un appareil photo ?""]"
,Eleven,Do you have a ticket?,English,"[""As-tu un billet ?""]"
,Twelve,Do you have a pencil?,English,"[""As-tu un crayon ?""]"
,Thirteen,Do you have a pen?,English,"[""As-tu un stylo ?""]"
,Fourteen,Do you have a ticket?,English,"[""As-tu un ticket ?""]"
,Sixteen,Do you have a part-time job?,English,"[""As-tu un travail à temps partiel ?""]"
,Seventeen,Do you have a house?,English,"[""As-tu une maison ?""]"
,Eighteen,Do you have a car?,English,"[""As-tu une voiture ?""]"
,Nineteen,Have you seen my camera?,English,"[""As-tu vu mon appareil photo ?""]"
,Twenty,Have you seen a doctor?,English,"[""As-tu vu un docteur ?""]"
,Twenty one,Sit down!,English,"[""Asseyez-vous !""]"
,Twenty two,Sit here.,English,"[""Asseyez-vous ici.""]"
,Twenty three,Sit down!,English,"[""Assieds-toi !""]"
,Twenty four,Sit here.,English,"[""Assieds-toi ici.""]"
,Twenty five,Wait for the conclusion of the joke,English,"[""Attendez la chute de cette blague""]"
,Twenty six,Wait precisely here.,English,"[""Attendez précisément ici.""]"
,Twenty seven,Wait a minute.,English,"[""Attendez un moment.""]"
,Twenty eight,Wait a bit!,English,"[""Attends un peu !""]"
,Twenty nine,Catch this!,English,"[""Attrape ça !""]"
,Thirty,Grab this book for me.,English,"[""Attrape ce livre pour moi.""]"
,Thirty one,Grab it.,English,"[""Attrape-le.""]"
,Thirty two,in the bar,English,"[""au bar""]"
,Thirty three,in the woods,English,"[""au bois""]"
,One,In bed!,English,"[""Au lit !""]"
,Two,At best he might get third place.,English,"[""Au mieux il aura peut-être la troisième place.""]"
,Three,My mistake.,English,"[""Au temps pour moi.""]"
,Four,No antidote is available.,English,"[""Aucun antidote n'est disponible.""]"
,Five,No problem!,English,"[""Aucun problème !""]"
,Six,None is acceptable.,English,"[""Aucune n'est acceptable.""]"
,Seven,Today I am going to teach you some Hawaiian words.,English,"[""Aujourd'hui je vais vous apprendre quelques mots hawaïens.""]"
,Eight,Were you blindfolded?,English,"[""Avais-tu les yeux bandés ?""]"
,Nine,Advance!,English,"[""Avance !""]"
,Ten,Come on!,English,"[""Avancez !""]"
,Eleven,Did you like the meal?,English,"[""Avez-vous aimé le repas ?""]"
,Twelve,Did you like Boston?,English,"[""Avez-vous apprécié Boston ?""]"
,Thirteen,Do you need him?,English,"[""Avez-vous besoin de lui ?""]"
,Fourteen,Do you have beer?,English,"[""Avez-vous de la bière ?""]"
,Sixteen,Have you ever called an ambulance?,English,"[""Avez-vous déjà appelé une ambulance?""]"
,Seventeen,Have you ever heard this story?,English,"[""Avez-vous déjà entendu cette histoire ?""]"
,Eighteen,Have you ever had a serious illness?,English,"[""Avez-vous déjà eu une maladie grave ?""]"
,Nineteen,Have you ever made a list?,English,"[""Avez-vous déjà fait une liste ?""]"
,Twenty,Have you read this book before?,English,"[""Avez-vous déjà lu ce livre ?""]"
,Twenty one,Have you ever dreamed of me?,English,"[""Avez-vous déjà rêvé de moi ?""]"
,Twenty two,Have you already finished your work?,English,"[""Avez-vous déjà terminé votre travail ?""]"
,Twenty three,Have you ever visited Rome?,English,"[""Avez-vous déjà visité Rome ?""]"
,Twenty four,Have you ever seen a tiger around here?,English,"[""Avez-vous déjà vu un tigre par ici ?""]"
,Twenty five,Do you have any matches?,English,"[""Avez-vous des allumettes ?""]"
,Twenty six,Do you have brothers?,English,"[""Avez-vous des frères ?""]"
,Twenty seven,Do you have brothers or sisters?,English,"[""Avez-vous des frères et sœurs ?""]"
,Twenty eight,Do you have sisters?,English,"[""Avez-vous des sœurs ?""]"
,Twenty nine,Are you still scared?,English,"[""Avez-vous encore peur ?""]"
,Thirty,Do you want to dance?,English,"[""Avez-vous envie de danser ?""]"
,Thirty one,Have you tried chicken?,English,"[""Avez-vous essayé le poulet ?""]"
,Thirty two,Have you finished reading the newspaper?,English,"[""Avez-vous fini de lire le journal?""]"
,Thirty three,Have you finished your work?,English,"[""Avez-vous fini votre travail ?""]"
,One,Have you ever seen an angel?,English,"[""Avez-vous jamais vu un ange ?""]"
,Two,Do you plan to attend the meeting?,English,"[""Avez-vous prévu de participer à la réunion ?""]"
,Three,Do you have a fishing boat?,English,"[""Avez-vous un bateau de pêche ?""]"
,Four,Do you have a dog?,English,"[""Avez-vous un chien ?""]"
,Five,Do you have a French dictionary?,English,"[""Avez-vous un dictionnaire de français ?""]"
,Six,Do you have a son?,English,"[""Avez-vous un fils ?""]"
,Seven,Do you have a twin brother?,English,"[""Avez-vous un frère jumeau ?""]"
,Eight,Do you have a menu in English?,English,"[""Avez-vous un menu en anglais ?""]"
,Nine,Do you have a cell phone?,English,"[""Avez-vous un portable ?""]"
,Ten,Do you have a pen?,English,"[""Avez-vous un stylo ?""]"
,Eleven,Do you have a tattoo?,English,"[""Avez-vous un tatouage ?""]"
,Twelve,Do you have a phone?,English,"[""Avez-vous un téléphone ?""]"
,Thirteen,Do you have a bicycle?,English,"[""Avez-vous un vélo ?""]"
,Fourteen,Do you have a bicycle?,English,"[""Avez-vous une bicyclette ?""]"
,Sixteen,Do you have a foreign beer?,English,"[""Avez-vous une bière étrangère ?""]"
,Seventeen,Do you have a question?,English,"[""Avez-vous une question ?""]"
,Eighteen,Do you have a car?,English,"[""Avez-vous une voiture ?""]"
,Nineteen,Did you use my camera?,English,"[""Avez-vous utilisé mon appareil photo ?""]"
,Twenty,Have you seen this car?,English,"[""Avez-vous vu cette voiture ?""]"
,Twenty one,Did you see the show?,English,"[""Avez-vous vu le spectacle ?""]"
,Twenty two,Have you seen my coat?,English,"[""Avez-vous vu mon manteau ?""]"
,Twenty three,Have you seen my pen?,English,"[""Avez-vous vu mon stylo ?""]"
,Twenty four,To have pins and needles in one's legs.,English,"[""Avoir des fourmis dans les jambes.""]"
,Twenty five,to have sexual relations,English,"[""avoir des relations sexuelles""]"
,Twenty six,to feel blue,English,"[""avoir le cafard""]"
,Twenty seven,Turn down the radio.,English,"[""Baisse la radio.""]"
,Twenty eight,Lower your tone.,English,"[""Baisse le ton.""]"
,Twenty nine,Lower the volume.,English,"[""Baissez le volume.""]"
,Thirty,golf ball,English,"[""balle de golf""]"
,Thirty one,tennis ball,English,"[""balle de tennis""]"
,Thirty two,You hooligans!,English,"[""Bande de voyous!""]"
,Thirty three,Many fish perished.,English,"[""Beaucoup de poissons ont péri.""]"
,One,Well done!,English,"[""Bien cuit !""]"
,Two,Of course.,English,"[""Bien sûr.""]"
,Three,to treat someone well,English,"[""bien traiter quelqu'un""]"
,Four,Well seen!,English,"[""Bien vu !""]"
,Five,Welcome to Boston.,English,"[""Bienvenue à Boston.""]"
,Six,Welcome to the house.,English,"[""Bienvenue à la maison.""]"
,Seven,Bill is completely different from his brother.,English,"[""Bill est complètement différent de son frère.""]"
,Eight,light blue,English,"[""bleu clair""]"
,Nine,Bob is my friend.,English,"[""Bob est mon ami.""]"
,Ten,Drinking three cups a day would reduce the risks of catching an illness by 20%.,English,"[""Boire trois tasses par jour réduirait de 20 % les risques de contracter une maladie.""]"
,Eleven,to have a drink,English,"[""boire un coup""]"
,Twelve,Drink this juice!,English,"[""Bois ce jus !""]"
,Thirteen,music box,English,"[""boite à musique""]"
,Fourteen,Good flight.,English,"[""Bon vol.""]"
,Sixteen,Have a nice week end.,English,"[""Bon week-end.""]"
,Seventeen,Hello!,English,"[""Bonjour !""]"
,Eighteen,Hello.,English,"[""Bonjour.""]"
,Nineteen,Happy New Year!,English,"[""Bonne année !""]"
,Twenty,Good luck!,English,"[""Bonne chance !""]"
,Twenty one,Boston is a big city.,English,"[""Boston est une grande ville.""]"
,Twenty two,Brian is in the kitchen.,English,"[""Brian est dans la cuisine""]"
,Twenty three,Brush your teeth.,English,"[""Brosse tes dents.""]"
,Twenty four,It is next to this building.,English,"[""C'est à côté de ce bâtiment.""]"
,Twenty five,It's hers.,English,"[""C'est à elle.""]"
,Twenty six,It is to his advantage.,English,"[""C'est à son avantage.""]"
,Twenty seven,It is up to you to decide what you want to do.,English,"[""C'est à toi de décider ce que tu veux faire.""]"
,Twenty eight,It's your turn to sing.,English,"[""C'est à ton tour de chanter.""]"
,Twenty nine,It's adorable.,English,"[""C'est adorable.""]"
,Thirty,It is after midnight.,English,"[""C'est après minuit.""]"
,Thirty one,It happened in October.,English,"[""C'est arrivé en octobre.""]"
,Thirty two,It is beautiful!,English,"[""C'est beau !""]"
,Thirty three,It's a lot of liquid.,English,"[""C'est beaucoup de liquide.""]"
,One,It's strange that I don't eat anything.,English,"[""C'est bizarre que je ne mange rien.""]"
,Two,It is charming.,English,"[""C'est charmant.""]"
,Three,It's obvious that he did it on purpose.,English,"[""C'est clair qu'il l'a fait exprès.""]"
,Four,It is like a drug.,English,"[""C'est comme une drogue.""]"
,Five,It's complete.,English,"[""C'est complet.""]"
,Six,This is completely crazy.,English,"[""C'est complètement dingue.""]"
,Seven,It is against my religion.,English,"[""C'est contre ma religion.""]"
,Eight,It's in the pocket!,English,"[""C'est dans la poche !""]"
,Nine,It's from the west of France.,English,"[""C'est de l'ouest de la France.""]"
,Ten,I'm to blame,English,"[""c'est de ma faute""]"
,Eleven,It is your responsibility.,English,"[""C'est de votre responsabilité.""]"
,Twelve,It's delicious.,English,"[""C'est délicieux.""]"
,Thirteen,It is blackmail.,English,"[""C'est du chantage.""]"
,Fourteen,It's the same old stuff.,English,"[""C'est du même tabac.""]"
,Sixteen,It is poison.,English,"[""C'est du poison.""]"
,Seventeen,It's chicken.,English,"[""C'est du poulet.""]"
,Eighteen,It's sand.,English,"[""C'est du sable.""]"
,Nineteen,It's hard to choose.,English,"[""C'est dur de choisir.""]"
,Twenty,This is also what I thought.,English,"[""C'est également ce que je pensais.""]"
,Twenty one,It was by cheating that he became champion.,English,"[""C'est en trichant qu'il est devenu champion.""]"
,Twenty two,It's huge.,English,"[""C'est énorme.""]"
,Twenty three,It is entirely your fault.,English,"[""C'est entièrement de ta faute.""]"
,Twenty four,It stares you in the face.,English,"[""C'est flagrant.""]"
,Twenty five,This is the real world.,English,"[""C'est ici le monde réel.""]"
,Twenty six,It is illegal.,English,"[""C'est illégal.""]"
,Twenty seven,It is unfair.,English,"[""C'est injuste.""]"
,Twenty eight,It's just a fantasy.,English,"[""C'est juste un fantasme.""]"
,Twenty nine,It's just an expression.,English,"[""C'est juste une expression.""]"
,Thirty,It is just a suggestion.,English,"[""C'est juste une suggestion.""]"
,Thirty one,It is completely obvious.,English,"[""C'est l'évidence même.""]"
,Thirty two,It's the difference between you and me.,English,"[""C'est la différence entre vous et moi.""]"
,Thirty three,This is madness.,English,"[""C'est la folie.""]"
,One,This is the limit.,English,"[""C'est la limite.""]"
,Two,She is the most beautiful girl in the world.,English,"[""C'est la plus belle fille du monde.""]"
,Three,Those are the customs of this country.,English,"[""C'est la pratique de ce pays.""]"
,Four,This is the reason for my presence.,English,"[""C'est la raison de ma présence.""]"
,Five,It is reality.,English,"[""C'est la réalité.""]"
,Six,This is my mother's recipe.,English,"[""C'est la recette de ma mère.""]"
,Seven,It is the flag of Japan.,English,"[""C'est le drapeau du Japon.""]"
,Eight,This is the place where the battle took place.,English,"[""C'est le lieu où la bataille a eu lieu.""]"
,Nine,It is the maximum.,English,"[""C'est le maximum.""]"
,Ten,Now is the perfect time to buy it.,English,"[""C'est le moment idéal pour en acheter.""]"
,Eleven,It is spring that I prefer.,English,"[""C'est le printemps que je préfère.""]"
,Twelve,It's he who said that.,English,"[""C'est lui qui a dit cela.""]"
,Thirteen,He earns the least money in his family.,English,"[""C'est lui qui gagne le moins d'argent dans sa famille.""]"
,Fourteen,This is my specialty.,English,"[""C'est ma spécialité.""]"
,Sixteen,It's done badly.,English,"[""C'est mal fait.""]"
,Seventeen,It's fun to travel.,English,"[""C'est marrant de voyager.""]"
,Eighteen,It is cheaper to take the bus.,English,"[""C'est moins cher de prendre le bus.""]"
,Nineteen,He is my partner.,English,"[""C'est mon associé.""]"
,Twenty,She's my crush.,English,"[""C'est mon béguin.""]"
,Twenty one,It's my job.,English,"[""C'est mon métier.""]"
,Twenty two,That is my goal.,English,"[""C'est mon objectif.""]"
,Twenty three,This is my opinion.,English,"[""C'est mon opinion.""]"
,Twenty four,It's my pants.,English,"[""C'est mon pantalon.""]"
,Twenty five,This is my sandwich.,English,"[""C'est mon sandwich.""]"
,Twenty six,It's my turn to tell you a secret.,English,"[""C'est mon tour de te raconter un secret.""]"
,Twenty seven,It's my job to convince you.,English,"[""C'est mon travail de vous convaincre.""]"
,Twenty eight,It's our house.,English,"[""C'est notre maison.""]"
,Twenty nine,It's open.,English,"[""C'est ouvert.""]"
,Thirty,It's full of stories,English,"[""C'est plein de légendes.""]"
,Thirty one,It is for your protection.,English,"[""C'est pour votre protection.""]"
,Thirty two,It is almost as good as fishing.,English,"[""C'est presque aussi bien que la pêche.""]"
,Thirty three,It is silent.,English,"[""C'est silencieux.""]"
,One,It is superb.,English,"[""C'est superbe.""]"
,Two,It's nice that you thought of me.,English,"[""C'est sympa d'avoir pensé à moi.""]"
,Three,You're the expert!,English,"[""C'est toi qui t'y connais!""]"
,Four,It is your destiny.,English,"[""C'est ton destin.""]"
,Five,It's your turn to do the dishes.,English,"[""C'est ton tour de faire la vaisselle.""]"
,Six,other people are always to blame,English,"[""c'est toujours la faute aux autres""]"
,Seven,It's always the same thing.,English,"[""C'est toujours le même tabac.""]"
,Eight,It is very pleasant.,English,"[""C'est très agréable.""]"
,Nine,It is very exciting.,English,"[""C'est très excitant.""]"
,Ten,It is very generous of you.,English,"[""C'est très généreux de votre part.""]"
,Eleven,It is very impressive.,English,"[""C'est très impressionnant.""]"
,Twelve,It is very ingenious.,English,"[""C'est très ingénieux.""]"
,Thirteen,It is very interesting.,English,"[""C'est très intéressant.""]"
,Fourteen,It's very funny.,English,"[""C'est très marrant.""]"
,Sixteen,It's very cute.,English,"[""C'est très mignon.""]"
,Seventeen,It is very practical.,English,"[""C'est très pratique.""]"
,Eighteen,It is very precious.,English,"[""C'est très précieux.""]"
,Nineteen,He is an actor.,English,"[""C'est un acteur.""]"
,Twenty,He is an adult.,English,"[""C'est un adulte.""]"
,Twenty one,This is a friend of mine.,English,"[""C'est un ami à moi.""]"
,Twenty two,This is a very popular article.,English,"[""C'est un article très populaire.""]"
,Twenty three,It is a beautiful rib of pork.,English,"[""C'est un beau travers de porc.""]"
,Twenty four,It is a blue.,English,"[""C'est un bleu.""]"
,Twenty five,It is a good program.,English,"[""C'est un bon programme.""]"
,Twenty six,It is a cannon.,English,"[""C'est un canon.""]"
,Twenty seven,It is a circle of boys.,English,"[""C'est un cercle de garçons.""]"
,Twenty eight,It is a mushroom.,English,"[""C'est un champignon.""]"
,Twenty nine,It is a kitchen knife.,English,"[""C'est un couteau de cuisine.""]"
,Thirty,It is a pencil.,English,"[""C'est un crayon.""]"
,Thirty one,It is a dictionary.,English,"[""C'est un dictionnaire.""]"
,Thirty two,He is an office worker.,English,"[""C'est un employé de bureau.""]"
,Thirty three,He is a student.,English,"[""C'est un étudiant.""]"
,One,It is a very rare copy.,English,"[""C'est un exemplaire très rare.""]"
,Two,It's a subtle taste.,English,"[""C'est un goût subtil.""]"
,Three,He is a man of faith.,English,"[""C'est un homme de foi.""]"
,Four,He's a man whom I know very well.,English,"[""C'est un homme que je connais très bien.""]"
,Five,This is a man with business experience.,English,"[""C'est un homme qui a la pratique des affaires.""]"
,Six,That's a man who never says what he thinks.,English,"[""C'est un homme qui ne dit jamais ce qu'il pense.""]"
,Seven,It's a man who always thinks badly of others.,English,"[""C'est un homme qui pense toujours mal des autres.""]"
,Eight,He is a player.,English,"[""C'est un joueur.""]"
,Nine,It is a newspaper.,English,"[""C'est un journal.""]"
,Ten,It is a lion.,English,"[""C'est un lion.""]"
,Eleven,He is a mannequin.,English,"[""C'est un mannequin.""]"
,Twelve,He is an ideal husband for me.,English,"[""C'est un mari idéal pour moi.""]"
,Thirteen,He is a member of the committee.,English,"[""C'est un membre du comité.""]"
,Fourteen,It is a miracle that you were able to survive.,English,"[""C'est un miracle que tu aies pu survivre.""]"
,Sixteen,It is a miracle.,English,"[""C'est un miracle.""]"
,Seventeen,It is an older model.,English,"[""C'est un modèle plus ancien.""]"
,Eighteen,It is a difficult word to pronounce.,English,"[""C'est un mot difficile à prononcer.""]"
,Nineteen,It is a myth.,English,"[""C'est un mythe.""]"
,Twenty,It's a negative number.,English,"[""C'est un nombre négatif.""]"
,Twenty one,it's a special part,English,"[""c'est un pan à part""]"
,Twenty two,This is a small detail.,English,"[""C'est un petit détail.""]"
,Twenty three,It is a bit light.,English,"[""C'est un peu léger.""]"
,Twenty four,It is a fashion phenomenon.,English,"[""C'est un phénomène de mode.""]"
,Twenty five,It is a truly wonderful plan.,English,"[""C'est un plan vraiment merveilleux.""]"
,Twenty six,It is a shortcut.,English,"[""C'est un raccourci.""]"
,Twenty seven,It is a world record.,English,"[""C'est un record du monde.""]"
,Twenty eight,He is a fox.,English,"[""C'est un renard.""]"
,Twenty nine,He's a snob.,English,"[""C'est un snob.""]"
,Thirty,It is a relief.,English,"[""C'est un soulagement.""]"
,Thirty one,This is a very delicate subject.,English,"[""C'est un sujet très délicat.""]"
,Thirty two,It is a very complex system.,English,"[""C'est un système très complexe.""]"
,Thirty three,That is a very important theme in Baudelaire's work.,English,"[""C'est un thème très important chez Baudelaire.""]"
,One,It's a village of 800 souls.,English,"[""C'est un village de 800 âmes.""]"
,Two,He/she/it is a celebrity.,English,"[""C'est un/e célébrité.""]"
,Three,It is a banana.,English,"[""C'est une banane.""]"
,Four,This is a joke between us.,English,"[""C'est une blague entre nous.""]"
,Five,It's a good dish.,English,"[""C'est une bonne assiette.""]"
,Six,It is a comedy.,English,"[""C'est une comédie.""]"
,Seven,It is an ambush!,English,"[""C'est une embuscade !""]"
,Eight,This is an exception to the rule.,English,"[""C'est une exception à la règle.""]"
,Nine,It is such a beautiful flower!,English,"[""C'est une fleur tellement belle !""]"
,Ten,It's a joy to see you again.,English,"[""C'est une joie de te revoir.""]"
,Eleven,It is a pretty dress.,English,"[""C'est une jolie robe.""]"
,Twelve,It is a curse.,English,"[""C'est une malédiction.""]"
,Thirteen,She's a better singer than I am.,English,"[""C'est une meilleure chanteuse que moi.""]"
,Fourteen,It is a full moon period.,English,"[""C'est une période de pleine lune.""]"
,Sixteen,It is a doll.,English,"[""C'est une poupée.""]"
,Seventeen,It is a routine procedure.,English,"[""C'est une procédure de routine.""]"
,Eighteen,It is a promise.,English,"[""C'est une promesse.""]"
,Nineteen,It is private property.,English,"[""C'est une propriété privée.""]"
,Twenty,It is a matter of pride.,English,"[""C'est une question de fierté.""]"
,Twenty one,It is a matter of taste.,English,"[""C'est une question de goût.""]"
,Twenty two,It is a matter of principle.,English,"[""C'est une question de principe.""]"
,Twenty three,It is a matter of national security.,English,"[""C'est une question de sécurité nationale.""]"
,Twenty four,It is a matter of survival.,English,"[""C'est une question de survie.""]"
,Twenty five,It is a rule.,English,"[""C'est une règle.""]"
,Twenty six,It is a rumor.,English,"[""C'est une rumeur.""]"
,Twenty seven,It is a really good feeling.,English,"[""C'est une sensation vraiment bonne.""]"
,Twenty eight,It is a kind of bread.,English,"[""C'est une sorte de pain.""]"
,Twenty nine,It is a tradition.,English,"[""C'est une tradition.""]"
,Thirty,It is a tragedy.,English,"[""C'est une tragédie.""]"
,Thirty one,That guy is a pro at math.,English,"[""C'est une tronche en maths.""]"
,Thirty two,It is a real beauty.,English,"[""C'est une vraie beauté.""]"
,Thirty three,That is harsh!,English,"[""C'est vache!""]"
,One,It is green.,English,"[""C'est vert.""]"
,Two,It is your duty to vote.,English,"[""C'est votre devoir de voter.""]"
,Three,Really?,English,"[""C'est vrai?""]"
,Four,This is really cool from you.,English,"[""C'est vraiment chouette de votre part.""]"
,Five,Is it possible?,English,"[""C'est-tu possible ?""]"
,Six,It was understandable.,English,"[""C'était compréhensible.""]"
,Seven,It was correct.,English,"[""C'était correct.""]"
,Eight,It was effective.,English,"[""C'était efficace.""]"
,Nine,It was scary.,English,"[""C'était effrayant.""]"
,Ten,It was obvious.,English,"[""C'était évident.""]"
,Eleven,It was exactly his intention.,English,"[""C'était exactement son intention.""]"
,Twelve,It was excessive.,English,"[""C'était excessif.""]"
,Thirteen,It was exciting.,English,"[""C'était excitant.""]"
,Fourteen,It was extremely fun.,English,"[""C'était extrêmement amusant.""]"
,Sixteen,It was unforgivable.,English,"[""C'était impardonnable.""]"
,Seventeen,It was the least surprising thing.,English,"[""C'était la chose la moins surprenante.""]"
,Eighteen,It was logical.,English,"[""C'était logique.""]"
,Nineteen,It was necessary.,English,"[""C'était nécessaire.""]"
,Twenty,It was personal.,English,"[""C'était personnel.""]"
,Twenty one,It was practical.,English,"[""C'était pratique.""]"
,Twenty two,It was a good buy,English,"[""C'était un bon achat""]"
,Twenty three,It would have been a pity...,English,"[""C'eût été dommage...""]"
,Twenty four,It failed.,English,"[""Ça a échoué.""]"
,Twenty five,It was magnificent.,English,"[""Ça a été magnifique.""]"
,Twenty six,It was wonderful.,English,"[""Ça a été merveilleux.""]"
,Twenty seven,It was his only hope.,English,"[""Ça a été son seul espoir.""]"
,Twenty eight,It was a pleasure to meet you.,English,"[""Ça a été un plaisir de vous rencontrer.""]"
,Twenty nine,It functioned.,English,"[""Ça a fonctionné.""]"
,Thirty,It worked.,English,"[""Ça a marché.""]"
,Thirty one,It took a long time.,English,"[""Ça a pris du temps.""]"
,Thirty two,It took half an hour.,English,"[""Ça a pris une demi-heure.""]"
,Thirty three,It has always been like that.,English,"[""Ça a toujours été comme ça.""]"
,One,It has a defect.,English,"[""Ça a un défaut.""]"
,Two,It happens sometimes.,English,"[""Ça arrive parfois.""]"
,Three,That breaks like glass.,English,"[""Ça casse comme le verre.""]"
,Four,It must be hard to do.,English,"[""Ça doit être dur à faire.""]"
,Five,It must be a dream.,English,"[""Ça doit être un rêve.""]"
,Six,That would explain.,English,"[""Ça expliquerait.""]"
,Seven,We have known each other for ten years.,English,"[""Ça fait dix ans que nous nous connaissons.""]"
,Eight,I have been a teacher for fifteen years.,English,"[""Ça fait quinze ans que je suis professeur.""]"
,Nine,What does it do?,English,"[""Ça fait quoi ?""]"
,Ten,I've been waiting for him for a while,English,"[""Ça fait un moment que je l'attends""]"
,Eleven,It works.,English,"[""Ça fonctionne.""]"
,Twelve,It will be fine.,English,"[""Ça ira.""]"
,Thirteen,It almost cost him his life.,English,"[""Ça lui a presque coûté la vie.""]"
,Fourteen,It works like magic.,English,"[""Ça marche comme par magie.""]"
,Sixteen,It gives me a headache!,English,"[""Ça me donne la migraine !""]"
,Seventeen,I really like it.,English,"[""Ça me plaît beaucoup.""]"
,Eighteen,That's my business.,English,"[""Ça me regarde.""]"
,Nineteen,It is still not correct.,English,"[""Ça n'est toujours pas correct.""]"
,Twenty,It does not burn.,English,"[""Ça ne brûle pas.""]"
,Twenty one,It's not within my jurisdiction.,English,"[""Ça ne fait pas partie de ma juridiction.""]"
,Twenty two,It does not matter.,English,"[""Ça ne fait rien.""]"
,Twenty three,That never happens to me.,English,"[""Ça ne m'arrive jamais.""]"
,Twenty four,I didn't like it.,English,"[""Ça ne me plaisait pas.""]"
,Twenty five,I do not like it.,English,"[""Ça ne me plaît pas.""]"
,Twenty six,It hardly takes a long time.,English,"[""Ça ne prend guère de temps.""]"
,Twenty seven,It affects us all.,English,"[""Ça nous affecte tous.""]"
,Twenty eight,It could happen.,English,"[""Ça peut arriver.""]"
,Twenty nine,It could be useful.,English,"[""Ça pourrait être utile.""]"
,Thirty,It takes hours.,English,"[""Ça prend des heures.""]"
,Thirty one,It takes time.,English,"[""Ça prend du temps.""]"
,Thirty two,It stinks.,English,"[""Ça pue.""]"
,Thirty three,It looks like snow.,English,"[""Ça ressemble à de la neige.""]"
,One,It's going well at my friend's house.,English,"[""Ça roule bien chez mon ami.""]"
,Two,It seemed appropriate.,English,"[""Ça semblait approprié.""]"
,Three,It would seem likely.,English,"[""Ça semblerait probable.""]"
,Four,It smells good!,English,"[""Ça sent bon !""]"
,Five,It smells good.,English,"[""Ça sent bon.""]"
,Six,It looks like rain.,English,"[""Ça sent la pluie.""]"
,Seven,It smells bad.,English,"[""Ça sent mauvais.""]"
,Eight,It will be different.,English,"[""Ça sera différent.""]"
,Nine,It would be funny.,English,"[""Ça serait drôle.""]"
,Ten,It would be too easy.,English,"[""Ça serait trop facile.""]"
,Eleven,It would be a good start.,English,"[""Ça serait un bon début.""]"
,Twelve,Would you like to go the cinema?,English,"[""Ça te botterait d'aller au ciné?""]"
,Thirteen,Do you like it?,English,"[""Ça te plaît ?""]"
,Fourteen,It uses solar energy.,English,"[""Ça utilise l'énergie solaire.""]"
,Sixteen,It's okay?,English,"[""Ça va ?""]"
,Seventeen,How's it going?,English,"[""Ça va bien ?""]"
,Eighteen,It will soon be morning.,English,"[""Ça va bientôt être le matin.""]"
,Nineteen,It will be easy.,English,"[""Ça va être facile.""]"
,Twenty,It will be fair.,English,"[""Ça va être juste.""]"
,Twenty one,It will be nice to see everyone again.,English,"[""Ça va être sympa de revoir tout le monde.""]"
,Twenty two,It will be a challenge.,English,"[""Ça va être un défi.""]"
,Twenty three,It will explode!,English,"[""Ça va exploser !""]"
,Twenty four,It will cool off tonight.,English,"[""Ça va se rafraîchir ce soir.""]"
,Twenty five,How's it going everybody?,English,"[""Ça va tout le monde ?""]"
,Twenty six,It's okay.,English,"[""Ça va.""]"
,Twenty seven,It's worth the trip.,English,"[""Ça vaut le voyage.""]"
,Twenty eight,How do you like it?,English,"[""Ça vous plaît ?""]"
,Twenty nine,That's it.,English,"[""Ça y est.""]"
,Thirty,Calm down.,English,"[""Calme-toi.""]"
,Thirty one,Calm down for a while.,English,"[""Calmez-vous pendant un moment.""]"
,Thirty two,strategic course,English,"[""cap stratégique""]"
,Thirty three,clinical case,English,"[""cas clinique""]"
,One,That kiss was fantastic.,English,"[""Ce baiser était fantastique.""]"
,Two,That kiss was incredible.,English,"[""Ce baiser était incroyable.""]"
,Three,This balloon is the boy's treasure.,English,"[""Ce ballon est le trésor de ce garçon.""]"
,Four,This bar is pretty dirty.,English,"[""Ce bar est plutôt sale.""]"
,Five,This building belongs to my family.,English,"[""Ce bâtiment appartient à ma famille.""]"
,Six,This building must be on fire.,English,"[""Ce bâtiment doit être en feu.""]"
,Seven,This gray building?,English,"[""Ce bâtiment gris ?""]"
,Eight,This hat is too small for you.,English,"[""Ce chapeau est trop petit pour vous.""]"
,Nine,This cat is black.,English,"[""Ce chat est noir.""]"
,Ten,This dog is mine.,English,"[""Ce chien est à moi.""]"
,Eleven,This dog is white.,English,"[""Ce chien est blanc.""]"
,Twelve,This dog is fat.,English,"[""Ce chien est gros.""]"
,Thirteen,This suit looks good on you.,English,"[""Ce costume te va bien.""]"
,Fourteen,This dictionary is up to date.,English,"[""Ce dictionnaire est à jour.""]"
,Sixteen,that which I was speaking of,English,"[""ce dont je parlais""]"
,Seventeen,This sheet is light.,English,"[""Ce drap est léger.""]"
,Eighteen,This film is complete crap.,English,"[""Ce film est complètement bidon.""]"
,Nineteen,This film is insane.,English,"[""Ce film est insensé.""]"
,Twenty,This film was really moving.,English,"[""Ce film était vraiment émouvant.""]"
,Twenty one,This cheese is from Spain.,English,"[""Ce fromage vient d'Espagne.""]"
,Twenty two,It was an act of courage.,English,"[""Ce fut un acte de courage.""]"
,Twenty three,It was a shock.,English,"[""Ce fut un choc.""]"
,Twenty four,It was a revelation for me.,English,"[""Ce fut une révélation pour moi.""]"
,Twenty five,It was a tragedy.,English,"[""Ce fut une tragédie.""]"
,Twenty six,This boy hit his son on purpose.,English,"[""Ce garçon a fait exprès de frapper son fils.""]"
,Twenty seven,This boy is smart.,English,"[""Ce garçon est malin.""]"
,Twenty eight,This boy is my son.,English,"[""Ce garçon est mon fils.""]"
,Twenty nine,This boy is very clever.,English,"[""Ce garçon est très habile.""]"
,Thirty,This boy is very ingenious.,English,"[""Ce garçon est très ingénieux.""]"
,Thirty one,This cake is delicious!,English,"[""Ce gâteau est délicieux !""]"
,Thirty two,This group is really good.,English,"[""Ce groupe est vraiment bon.""]"
,Thirty three,This young man with long hair is rough.,English,"[""Ce jeune aux cheveux longs est rude.""]"
,One,This toy is made of wood.,English,"[""Ce jouet est fait en bois.""]"
,Two,This lake is deep.,English,"[""Ce lac est profond.""]"
,Three,This place is open to everyone.,English,"[""Ce lieu est ouvert à tous.""]"
,Four,This place is convenient for swimming.,English,"[""Ce lieu est pratique pour se baigner.""]"
,Five,This bed is very comfortable.,English,"[""Ce lit est très confortable.""]"
,Six,This book is very old.,English,"[""Ce livre est très ancien.""]"
,Seven,This book is very small.,English,"[""Ce livre est très petit.""]"
,Eight,This book has sold millions of copies.,English,"[""Ce livre s'est vendu à des millions d'exemplaires.""]"
,Nine,This store has more candy than this one.,English,"[""Ce magasin a plus de bonbons que celui-là.""]"
,Ten,This coat is your size.,English,"[""Ce manteau est à ta taille.""]"
,Eleven,This textbook is too hard for me.,English,"[""Ce manuel scolaire est trop dur pour moi.""]"
,Twelve,This guy is a big mouth.,English,"[""Ce mec est une grande gueule.""]"
,Thirteen,This murder remains a mystery.,English,"[""Ce meurtre demeure un mystère.""]"
,Fourteen,It is not very similar.,English,"[""Ce n'est pas très similaire.""]"
,Sixteen,This is just the beginning.,English,"[""Ce n'est que le commencement.""]"
,Seventeen,It is only your imagination.,English,"[""Ce n'est que votre imagination.""]"
,Eighteen,This fragrance smells good.,English,"[""Ce parfum sent bon.""]"
,Nineteen,these may be...,English,"[""ce peuvent être...""]"
,Twenty,This fish does not contain poison.,English,"[""Ce poisson ne contient pas de poison.""]"
,Twenty one,This bridge is very beautiful.,English,"[""Ce pont est très beau.""]"
,Twenty two,This neighborhood is very scary.,English,"[""Ce quartier fait très peur.""]"
,Twenty three,What you say is insane.,English,"[""Ce que tu dis est insensé.""]"
,Twenty four,What you do is illegal.,English,"[""Ce que tu fais est illégal.""]"
,Twenty five,This meal was incredible.,English,"[""Ce repas était incroyable.""]"
,Twenty six,This meal smells/tastes of garlic.,English,"[""Ce repas sent l'ail.""]"
,Twenty seven,This bag is both good and expensive.,English,"[""Ce sac est à la fois bien et cher.""]"
,Twenty eight,it seems,English,"[""ce semble""]"
,Twenty nine,It will soon be time to leave.,English,"[""Ce sera bientôt le moment de partir.""]"
,Thirty,That will be it for the moment.,English,"[""Ce sera tout pour le moment.""]"
,Thirty one,It would be easy to do that.,English,"[""Ce serait facile de faire ça.""]"
,Thirty two,It would be crazy not to do that.,English,"[""Ce serait fou de ne pas faire cela.""]"
,Thirty three,It would be the last to disappoint you.,English,"[""Ce serait le dernier à te décevoir.""]"
,One,It would be very funny.,English,"[""Ce serait très drôle.""]"
,Two,It would be a wise decision.,English,"[""Ce serait une sage décision.""]"
,Three,It would be really great.,English,"[""Ce serait vraiment génial.""]"
,Four,This soldier is a real rookie,English,"[""Ce soldat est un vrai bleu""]"
,Five,These are celebrities.,English,"[""Ce sont des célébrités.""]"
,Six,They are his.,English,"[""Ce sont les siens.""]"
,Seven,Are these yours?,English,"[""Ce sont les vôtres ?""]"
,Eight,These are my friends.,English,"[""Ce sont mes amis.""]"
,Nine,These are your onions.,English,"[""Ce sont tes oignons.""]"
,Ten,They are both good teachers.,English,"[""Ce sont tous les deux de bons professeurs.""]"
,Eleven,They are both my colleagues.,English,"[""Ce sont tous les deux mes collègues.""]"
,Twelve,This style of hat is in fashion right now.,English,"[""Ce style de chapeau est à la mode en ce moment.""]"
,Thirteen,This text was published long ago.,English,"[""Ce texte est paru il y a longtemps.""]"
,Fourteen,This tea smells good.,English,"[""Ce thé sent bon.""]"
,Sixteen,This ticket is valid for three months.,English,"[""Ce ticket est valable pendant trois mois.""]"
,Seventeen,This work does not pay.,English,"[""Ce travail ne paie pas.""]"
,Eighteen,This thing drives me crazy!,English,"[""Ce truc me rend dingue!""]"
,Nineteen,This guy is famous.,English,"[""Ce type est célèbre.""]"
,Twenty,This guy is a bandit.,English,"[""Ce type est un bandit.""]"
,Twenty one,This bread is done with bran.,English,"[""Ceci est du pain de son.""]"
,Twenty two,This is the house where I was born.,English,"[""Ceci est la maison où je suis né.""]"
,Twenty three,This is the magazine that I told you about.,English,"[""Ceci est le magazine dont je t'ai parlé.""]"
,Twenty four,This is my letter of resignation.,English,"[""Ceci est ma lettre de démission.""]"
,Twenty five,This is for my friend.,English,"[""Ceci est pour mon ami.""]"
,Twenty six,This is a pencil.,English,"[""Ceci est un crayon.""]"
,Twenty seven,This is a lion.,English,"[""Ceci est un lion.""]"
,Twenty eight,This is a book.,English,"[""Ceci est un livre.""]"
,Twenty nine,This is a table.,English,"[""Ceci est un tableau.""]"
,Thirty,This is a map.,English,"[""Ceci est une carte.""]"
,Thirty one,This is a photo of my car.,English,"[""Ceci est une photo de ma voiture.""]"
,Thirty two,This is an apple.,English,"[""Ceci est une pomme.""]"
,Thirty three,This is not an English airplane,English,"[""Ceci n'est pas un avion anglais.""]"
,One,This seems excessive.,English,"[""Ceci semble excessif.""]"
,Two,to give way to other road users,English,"[""céder le passage""]"
,Three,That smells good.,English,"[""Cela a une bonne odeur.""]"
,Four,It helps a lot.,English,"[""Cela aide beaucoup.""]"
,Five,It always happens that way.,English,"[""Cela arrive toujours ainsi.""]"
,Six,It will cost thirty thousand yen according to the lowest estimate.,English,"[""Cela coûtera trente mille yens selon la plus faible estimation.""]"
,Seven,It should be possible.,English,"[""Cela devrait être possible.""]"
,Eight,It must be so difficult for you.,English,"[""Cela doit être si difficile pour vous.""]"
,Nine,This is based on guesswork.,English,"[""Cela est basé sur des suppositions.""]"
,Ten,I have been here for almost three years.,English,"[""Cela fait presque trois ans que je suis ici.""]"
,Eleven,It makes all the difference.,English,"[""Cela fait toute la différence.""]"
,Twelve,We will be living here for two years next April.,English,"[""Cela fera deux ans que nous vivons ici avril prochain.""]"
,Thirteen,It makes me so happy.,English,"[""Cela me rend si heureux.""]"
,Fourteen,It always amazes me how stupid he can be.,English,"[""Cela me surprend toujours à quel point il peut être stupide.""]"
,Sixteen,That wouldn't have been such a good idea.,English,"[""Cela n'aurait pas été une si bonne idée.""]"
,Seventeen,It doesn't make a difference to me whether Fred is coming or not.,English,"[""Cela ne fait pas de différence pour moi si Fred vient ou pas.""]"
,Eighteen,It's not going to hurt.,English,"[""Cela ne va pas faire mal.""]"
,Nineteen,It won't take long.,English,"[""Cela ne va pas prendre longtemps.""]"
,Twenty,It happens to us often.,English,"[""Cela nous arrive souvent.""]"
,Twenty one,It seems very unlikely.,English,"[""Cela paraît très improbable.""]"
,Twenty two,This could be a trap.,English,"[""Cela pourrait être un piège.""]"
,Twenty three,It could be a coincidence.,English,"[""Cela pourrait être une coïncidence.""]"
,Twenty four,This takes time.,English,"[""Cela prend du temps.""]"
,Twenty five,It looks like a cow.,English,"[""Cela ressemble à une vache.""]"
,Twenty six,That remains a possibility.,English,"[""Cela reste une possibilité.""]"
,Twenty seven,It looks cheap.,English,"[""Cela semble bon marché.""]"
,Twenty eight,It seems to be risky.,English,"[""Cela semble être risqué.""]"
,Twenty nine,It sounds like a fairy tale.,English,"[""Cela semble être un conte de fées.""]"
,Thirty,That sounds reasonable.,English,"[""Cela semble raisonnable.""]"
,Thirty one,It goes without saying that Mr. Tanaka did it all on his own.,English,"[""Cela va sans dire que M. Tanaka a tout fait par lui-même.""]"
,Thirty two,This one is prettier.,English,"[""Celle-ci est plus jolie.""]"
,Thirty three,Whoever fears new remedies must endure old evils.,English,"[""Celui qui craint les nouveaux remèdes doit endurer les vieux maux.""]"
,One,Anyone who does not follow the rules will have to leave immediately.,English,"[""Celui qui ne respecte pas les règles devra partir sur-le-champ.""]"
,Two,This one is prettier.,English,"[""Celui-ci est plus joli.""]"
,Three,Some people are really petty about the smallest things.,English,"[""Certaines personnes sont vraiment petites à propos des plus petites choses.""]"
,Four,Some photos were taken at risk of life.,English,"[""Certaines photos ont été prises au péril de la vie.""]"
,Five,These cries and tears are phoney because she didn't love him.,English,"[""Ces cris et ces pleurs sont bidon puisqu'elle ne l'aimait pas.""]"
,Six,Those guys really are the best.,English,"[""Ces gars-là sont vraiment les meilleurs.""]"
,Seven,These days John drinks too much.,English,"[""Ces jours-ci John boit trop.""]"
,Eight,These books are mine.,English,"[""Ces livres sont à moi.""]"
,Nine,These books are ours.,English,"[""Ces livres sont les nôtres.""]"
,Ten,These books are mine.,English,"[""Ces livres sont miens.""]"
,Eleven,These plums are ripe.,English,"[""Ces prunes sont mûres.""]"
,Twelve,These pens are his.,English,"[""Ces stylos sont à lui.""]"
,Thirteen,Stop being cruel.,English,"[""Cesse d'être cruel.""]"
,Fourteen,Cease fire!,English,"[""Cessez le feu !""]"
,Sixteen,This actor played in a lot of thrillers.,English,"[""Cet acteur a joué dans plusieurs films à suspense.""]"
,Seventeen,This device quit working.,English,"[""Cet appareil ne marche plus.""]"
,Eighteen,This tree is older than this car.,English,"[""Cet arbre est plus vieux que cette voiture.""]"
,Nineteen,This plane takes off at eight in the morning.,English,"[""Cet avion décolle à huit heures du matin.""]"
,Twenty,This plane is so ugly.,English,"[""Cet avion est si moche.""]"
,Twenty one,This place is fantastic.,English,"[""Cet endroit est fantastique.""]"
,Twenty two,This place is perfect.,English,"[""Cet endroit est parfait.""]"
,Twenty three,This man is strong.,English,"[""Cet homme est fort.""]"
,Twenty four,This man is unworthy of you.,English,"[""Cet homme est indigne de toi.""]"
,Twenty five,This man is a soldier.,English,"[""Cet homme est soldat.""]"
,Twenty six,I fancy that man,English,"[""Cet homme me plaît""]"
,Twenty seven,This hotel is better than this one.,English,"[""Cet hôtel est meilleur que celui-là.""]"
,Twenty eight,This hotel is very close to the lake.,English,"[""Cet hôtel est très proche du lac.""]"
,Twenty nine,This bird cannot fly.,English,"[""Cet oiseau ne peut pas voler.""]"
,Thirty,This bird knows how to fly.,English,"[""Cet oiseau sait voler.""]"
,Thirty one,This computer runs on batteries.,English,"[""Cet ordinateur fonctionne sur batteries.""]"
,Thirty two,This laptop is light.,English,"[""Cet ordinateur portable est léger.""]"
,Thirty three,This bicycle is mine.,English,"[""Cette bicyclette m'appartient.""]"
,One,This biography is fascinating.,English,"[""Cette biographie est fascinante.""]"
,Two,This box contains five apples.,English,"[""Cette boîte contient cinq pommes.""]"
,Three,This box is made of paper.,English,"[""Cette boîte est faite en papier.""]"
,Four,This box is bigger than this one.,English,"[""Cette boîte-là est plus grande que celle-ci.""]"
,Five,This bottle is in the dirt.,English,"[""Cette bouteille est dans la saleté.""]"
,Six,This cabin is a very special place.,English,"[""Cette cabane est un endroit très spécial.""]"
,Seven,This chair is made of plastic.,English,"[""Cette chaise est en plastique.""]"
,Eight,This chair is ugly.,English,"[""Cette chaise est laide.""]"
,Nine,This chair is very comfortable.,English,"[""Cette chaise est très confortable.""]"
,Ten,This song reminds me of my childhood.,English,"[""Cette chanson me rappelle mon enfance.""]"
,Eleven,This belief emanates from an evil principle.,English,"[""Cette croyance est partie d'un mauvais principe.""]"
,Twelve,This sword is in fairly good condition.,English,"[""Cette épée est en assez bon état.""]"
,Thirteen,This clock is mine.,English,"[""Cette horloge est à moi.""]"
,Fourteen,This image looks better from afar.,English,"[""Cette image rend mieux de loin.""]"
,Sixteen,This information is very important to us.,English,"[""Cette information nous est très importante.""]"
,Seventeen,This invention will make you very rich.,English,"[""Cette invention vous rendra très riches.""]"
,Eighteen,This letter is for you.,English,"[""Cette lettre est pour toi.""]"
,Nineteen,This house has six rooms.,English,"[""Cette maison a six pièces.""]"
,Twenty,This house is for rent.,English,"[""Cette maison est à louer.""]"
,Twenty one,This house is quite similar.,English,"[""Cette maison est assez semblable.""]"
,Twenty two,This house is famous.,English,"[""Cette maison est célèbre.""]"
,Twenty three,This house is very pleasant to live in.,English,"[""Cette maison est très agréable à vivre.""]"
,Twenty four,This house is very good.,English,"[""Cette maison est très bonne.""]"
,Twenty five,This illness is often seen among dogs.,English,"[""Cette maladie se voit souvent chez les chiens.""]"
,Twenty six,This girl has a great ass.,English,"[""Cette meuf a un bon boule.""]"
,Twenty seven,That chick's horny as hell!,English,"[""Cette meuf est chaude!""]"
,Twenty eight,That chick is fine as hell!,English,"[""Cette meuf est fin bonne !""]"
,Twenty nine,This mountain is difficult to climb.,English,"[""Cette montagne est difficile à escalader.""]"
,Thirty,This watch is really a good deal.,English,"[""Cette montre est vraiment une bonne affaire.""]"
,Thirty one,This news worries me.,English,"[""Cette nouvelle m'inquiète.""]"
,Thirty two,This operation is simple.,English,"[""Cette opération est simple.""]"
,Thirty three,This oil painting dates from the 17th century.,English,"[""Cette peinture à l'huile date du 17e siècle.""]"
,One,This painting leaves easily.,English,"[""Cette peinture part facilement.""]"
,Two,This apple is sour.,English,"[""Cette pomme est acide.""]"
,Three,I like this dress,English,"[""Cette robe me plaît""]"
,Four,This dress looks great on me.,English,"[""Cette robe me va à ravir.""]"
,Five,This route is formidable.,English,"[""Cette route est redoutable.""]"
,Six,This soup is too salty.,English,"[""Cette soupe est trop salée.""]"
,Seven,This soup is really very good.,English,"[""Cette soupe est vraiment très bonne.""]"
,Eight,This pie tastes like cinnamon.,English,"[""Cette tarte goûte la cannelle.""]"
,Nine,This theory is generally accepted.,English,"[""Cette théorie est généralement acceptée.""]"
,Ten,This meat smells bad.,English,"[""Cette viande sent mauvais.""]"
,Eleven,Do you like this city?,English,"[""Cette ville vous plaît-elle ?""]"
,Twelve,This blue car which is passing I like a lot.,English,"[""Cette voiture bleue qui passe me plait beaucoup.""]"
,Thirteen,This is John's car.,English,"[""Cette voiture est à John.""]"
,Fourteen,This car is his.,English,"[""Cette voiture est la sienne.""]"
,Sixteen,This car is very fast.,English,"[""Cette voiture est très rapide.""]"
,Seventeen,This area was quiet.,English,"[""Cette zone était calme.""]"
,Eighteen,This area was calm.,English,"[""Cette zone était calme.""]"
,Nineteen,those which I was speaking of...,English,"[""ceux dont je parlais/celles dont je parlais...""]"
,Twenty,those which...,English,"[""ceux que/celles que...""]"
,Twenty one,those who/that...,English,"[""ceux qui/celles qui...""]"
,Twenty two,Each of us should do our best.,English,"[""Chacun de nous devrait faire de son mieux.""]"
,Twenty three,Each of us trust you.,English,"[""Chacun de nous te fait confiance.""]"
,Twenty four,Everyone is unique.,English,"[""Chacun est unique.""]"
,Twenty five,Everyone likes it.,English,"[""Chacun l'aime.""]"
,Twenty six,Every one of his/her songs was a hit.,English,"[""Chacune de ses chansons était un tube.""]"
,Twenty seven,Change of clothes.,English,"[""Change de vêtements.""]"
,Twenty eight,change the tense of the verb,English,"[""changez le temps du verbe""]"
,Twenty nine,Everything was in its place.,English,"[""Chaque chose était à sa place.""]"
,Thirty,Every minute counts.,English,"[""Chaque minute compte.""]"
,Thirty one,Each person is unique.,English,"[""Chaque personne est unique.""]"
,Thirty two,taxi driver,English,"[""chauffeur de taxi""]"
,Thirty three,Look for clues.,English,"[""Cherchez des indices.""]"
,One,Dear Marie,English,"[""Chère Marie""]"
,Two,at Françoise's,English,"[""chez Françoise""]"
,Three,at the lawyer's office,English,"[""chez l'avocat""]"
,Four,at the dentist,English,"[""chez le dentiste""]"
,Five,at his house,English,"[""chez lui""]"
,Six,at my house,English,"[""chez moi""]"
,Seven,Choose carefully.,English,"[""Choisis soigneusement.""]"
,Eight,Pick a person.,English,"[""Choisis une personne.""]"
,Nine,Pick a person.,English,"[""Choisissez une personne.""]"
,Ten,Super! We're going to the sea this summer!,English,"[""Chouette ! On va à la mer cet été !""]"
,Eleven,I'm so sorry! You OK?,English,"[""Chuis tellement désolé ! T'es correct ?""]"
,Twelve,drop in blood pressure,English,"[""chute de tension""]"
,Thirteen,Attachment: assessment grid.,English,"[""Ci-joint la grille d'évaluation.""]"
,Fourteen,Five kilograms of apples.,English,"[""Cinq kilos de pommes.""]"
,Sixteen,Five minus two makes three.,English,"[""Cinq moins deux font trois""]"
,Seventeen,fifty kilometres an hour,English,"[""Cinquante kilomètres à l'heure.""]"
,Eighteen,Give me an example.,English,"[""Cite-moi un exemple.""]"
,Nineteen,to shut someone up,English,"[""clouer le bec à""]"
,Twenty,How much does it cost?,English,"[""Combien ça coûte ?""]"
,Twenty one,How long does it take by car?,English,"[""Combien ça prend de temps en voiture ?""]"
,Twenty two,How much does this pen cost?,English,"[""Combien coûte ce stylo ?""]"
,Twenty three,How much does this tie cost?,English,"[""Combien coûte cette cravate ?""]"
,Twenty four,How much do these potatoes cost?,English,"[""Combien coûtent ces pommes de terre ?""]"
,Twenty five,How many times a week do you eat in town?,English,"[""Combien de fois par semaine mangez-vous en ville ?""]"
,Twenty six,How many times a week do you take a bath?,English,"[""Combien de fois par semaine prenez-vous un bain ?""]"
,Twenty seven,How many people were present at the meeting?,English,"[""Combien de personnes étaient-elles présentes à la réunion ?""]"
,Twenty eight,How much time does it take?,English,"[""Combien de temps ça prend ?""]"
,Twenty nine,How long does it take to get there by bus?,English,"[""Combien de temps ça prend pour aller là-bas en bus ?""]"
,Thirty,How long do you plan to stay?,English,"[""Combien de temps comptes-tu rester ?""]"
,Thirty one,How long can I keep this book?,English,"[""Combien de temps puis-je garder ce livre ?""]"
,Thirty two,How much is it?,English,"[""Combien est-ce que ça coûte ?""]"
,Thirty three,How many boys are there in your class?,English,"[""Combien y a-t-il de garçons dans votre classe ?""]"
,One,How smart!,English,"[""Comme c'est malin !""]"
,Two,How strong he is!,English,"[""Comme il est fort !""]"
,Three,as I wish,English,"[""comme je l'entends""]"
,Four,Start writing.,English,"[""Commence à écrire.""]"
,Five,Start writing.,English,"[""Commencez à écrire.""]"
,Six,Let's start at the beginning!,English,"[""Commençons par le commencement !""]"
,Seven,How did he manage to live in such poverty?,English,"[""Comment a-t-il fait pour vivre dans une telle pauvreté ?""]"
,Eight,How did he get into the site?,English,"[""Comment a-t-il pu pénétrer le site?""]"
,Nine,How are you?,English,"[""Comment allez-vous ?""]"
,Ten,How did you learn to cook so well?,English,"[""Comment avez-vous appris à cuisiner si bien ?""]"
,Eleven,How does it work?,English,"[""Comment ça marche ?""]"
,Twelve,How could that not bother you?,English,"[""Comment ça pourrait ne pas vous déranger ?""]"
,Thirteen,How could that not bother you?,English,"[""Comment cela pourrait ne pas vous déranger ?""]"
,Fourteen,How do you say...?,English,"[""Comment dit-on ... ?""]"
,Sixteen,How do you write your last name?,English,"[""Comment écrit-on votre nom de famille ?""]"
,Seventeen,How is it?,English,"[""Comment est-il ?""]"
,Eighteen,How was the beach?,English,"[""Comment était la plage ?""]"
,Nineteen,How was the concert?,English,"[""Comment était le concert ?""]"
,Twenty,How was the film?,English,"[""Comment était le film ?""]"
,Twenty one,How was your week-end?,English,"[""Comment était ton weekend ?""]"
,Twenty two,How was she?,English,"[""Comment était-elle ?""]"
,Twenty three,How is he?,English,"[""Comment il va ?""]"
,Twenty four,How to prove it?,English,"[""Comment le prouver ?""]"
,Twenty five,How dare he open my mail!,English,"[""Comment ose-t-il ouvrir mon courrier !""]"
,Twenty six,How can he do otherwise?,English,"[""Comment peut-il agir autrement ?""]"
,Twenty seven,How can I prove it?,English,"[""Comment puis-je le prouver ?""]"
,Twenty eight,How can I lose?,English,"[""Comment puis-je perdre ?""]"
,Twenty nine,How can I quit this job?,English,"[""Comment puis-je quitter ce travail ?""]"
,Thirty,How do you know what is real?,English,"[""Comment sais-tu ce qui est réel ?""]"
,Thirty one,How do you know what is real?,English,"[""Comment savez-vous ce qui est réel ?""]"
,Thirty two,How come you don't know?,English,"[""Comment se fait-il que tu ne le saches pas ?""]"
,Thirty three,How come you know how to speak this language?,English,"[""Comment se fait-il que tu saches parler cette langue ?""]"
,One,How do you pronounce the word?,English,"[""Comment se prononce le mot ?""]"
,Two,How do you pronounce your first name?,English,"[""Comment se prononce ton prénom ?""]"
,Three,How were your holidays?,English,"[""Comment se sont passées tes vacances ?""]"
,Four,How did they get so rich?,English,"[""Comment sont-ils devenus si riches ?""]"
,Five,How do you feel?,English,"[""Comment te sens-tu ?""]"
,Six,How are you feeling tonight?,English,"[""Comment te sens-tu ce soir ?""]"
,Seven,How is work going?,English,"[""Comment va le travail ?""]"
,Eight,How is your dad?,English,"[""Comment va ton papa ?""]"
,Nine,How is your father?,English,"[""Comment va ton père ?""]"
,Ten,How is everybody?,English,"[""Comment va tout le monde ?""]"
,Eleven,How is your father?,English,"[""Comment va votre père ?""]"
,Twelve,How have you been lately?,English,"[""Comment vas-tu dernièrement ?""]"
,Thirteen,What is your name?,English,"[""Comment vous appelez-vous ?""]"
,Fourteen,How do you feel?,English,"[""Comment vous sentez-vous ?""]"
,Sixteen,How are you feeling tonight?,English,"[""Comment vous sentez-vous ce soir ?""]"
,Seventeen,to commit a crime,English,"[""commettre un délit.""]"
,Eighteen,Do you understand what I mean?,English,"[""Comprenez-vous ce que je veux dire ?""]"
,Nineteen,single-entry and double-entry bookkeping,English,"[""comptabilité en partie simple et double""]"
,Twenty,Count from one to ten.,English,"[""Compte de un à dix.""]"
,Twenty one,Driving relaxes me.,English,"[""Conduire me détend.""]"
,Twenty two,Drive slowly.,English,"[""Conduis lentement.""]"
,Twenty three,Drive carefully.,English,"[""Conduis prudemment.""]"
,Twenty four,to entrust somebody with the task of doing something,English,"[""confier à quelqu'un le soin de faire quelque chose""]"
,Twenty five,Do you know this hotel?,English,"[""Connais-tu cet hôtel ?""]"
,Twenty six,Do you know his brother?,English,"[""Connaissez-vous son frère ?""]"
,Twenty seven,Do you know his last name?,English,"[""Connaissez-vous son nom de famille ?""]"
,Twenty eight,Keep the ice cream in a freezer.,English,"[""Conserver la glace dans un congélateur.""]"
,Twenty nine,Keep rolling!,English,"[""Continue à rouler !""]"
,Thirty,Against one's will.,English,"[""Contre sa volonté.""]"
,Thirty one,crash of thunder,English,"[""coup de tonnerre""]"
,Thirty two,Go get my book!,English,"[""Courez chercher mon livre!""]"
,Thirty three,Do you run every day?,English,"[""Courez-vous tous les jours ?""]"
,One,to be boiling,English,"[""crever de chaud""]"
,Two,to be starving,English,"[""crever de faim""]"
,Three,to be freezing,English,"[""crever de froid""]"
,Four,to be parched,English,"[""crever de soif""]"
,Five,Do you believe in God?,English,"[""Crois-tu en Dieu ?""]"
,Six,Do you believe in me?,English,"[""Crois-tu en moi ?""]"
,Seven,Damian is irresponsible. — Yeah; it will play tricks on him in the future.,English,"[""Damien est irresponsable. — Ouais ; ça lui jouera des tours.""]"
,Eight,Dan enjoys making model cars.,English,"[""Dan aime réaliser des modèles réduits de voitures.""]"
,Nine,In ten years our city will have changed a lot.,English,"[""Dans dix ans notre ville aura beaucoup changé.""]"
,Ten,with the intention of becoming king,English,"[""dans l'intention de devenir roi""]"
,Eleven,Life is all about doing your duty.,English,"[""Dans la vie; il s'agit de faire son devoir.""]"
,Twelve,The book is about a lost woman.,English,"[""Dans le livre il s'agit d'une femme perdue.""]"
,Thirteen,in the distance,English,"[""dans le lointain""]"
,Fourteen,What purpose?,English,"[""Dans quel but ?""]"
,Sixteen,What did he come here for?,English,"[""Dans quel but est-il venu ici ?""]"
,Seventeen,In what corner do you say that it took place?,English,"[""Dans quel coin dites-vous que ça a eu lieu ?""]"
,Eighteen,What department do you work in?,English,"[""Dans quel département travaillez-vous ?""]"
,Nineteen,during a given time,English,"[""dans un temps donné""]"
,Twenty,Dance with Me.,English,"[""Danse avec moi.""]"
,Twenty one,Dance with me.,English,"[""Dansez avec moi.""]"
,Twenty two,From 9 to 11 I won't be free.,English,"[""De 9:00 à 11:00 je ne serai pas libre.""]"
,Twenty three,Smoke came out of the chimney.,English,"[""De la fumée sortait de la cheminée.""]"
,Twenty four,Fewer and fewer people can afford to spend holidays abroad.,English,"[""De moins en moins de personnes peuvent se permettre de passer des vacances à l'étranger.""]"
,Twenty five,Many books were stolen.,English,"[""De nombreux livres furent volés.""]"
,Twenty six,These days no one can imagine a life without television.,English,"[""De nos jours personne ne peut imaginer une vie sans télévision.""]"
,Twenty seven,prestigious,English,"[""de prestige""]"
,Twenty eight,What color are they?,English,"[""De quelle couleur sont-ils?""]"
,Twenty nine,Who are you the son of?,English,"[""De qui êtes-vous le fils ?""]"
,Thirty,What do you need?,English,"[""De quoi as-tu besoin ?""]"
,Thirty one,What's he banging on about?,English,"[""De quoi il cause ?""]"
,Thirty two,What did you talk about?,English,"[""De quoi parlais-tu ?""]"
,Thirty three,What were you talking about?,English,"[""De quoi parliez-vous ?""]"
,One,What can I get rid of?,English,"[""De quoi puis-je me débarrasser ?""]"
,Two,What do they want to talk about?,English,"[""De quoi veulent-elles parler ?""]"
,Three,What do they want to talk about?,English,"[""De quoi veulent-ils parler ?""]"
,Four,Figure it out! informal,English,"[""Débrouille-toi!""]"
,Five,Figure it out! Deal with it!,English,"[""Débrouillez-vous!""]"
,Six,to decorate the shop window,English,"[""décorer la vitrine""]"
,Seven,Describe this accident in detail.,English,"[""Décrivez cet accident en détail.""]"
,Eight,no smoking,English,"[""défense de fumer""]"
,Nine,Get out!,English,"[""Dégage !""]"
,Ten,Tomorrow is Sunday.,English,"[""Demain c'est dimanche.""]"
,Eleven,Tomorrow is my birthday.,English,"[""Demain est mon anniversaire.""]"
,Twelve,Tomorrow is my first day of work.,English,"[""Demain est mon premier jour de travail.""]"
,Thirteen,Tomorrow is another day.,English,"[""Demain est un autre jour.""]"
,Fourteen,Ask anyone!,English,"[""Demande à quiconque !""]"
,Sixteen,Ask me for something simpler.,English,"[""Demandez-moi quelque chose de plus simple.""]"
,Seventeen,Hurry or you will miss your train.,English,"[""Dépêche-toi ou tu vas rater ton train.""]"
,Eighteen,Hurry up!,English,"[""Dépêche-toi!""]"
,Nineteen,Hurry up.,English,"[""Dépêche-toi.""]"
,Twenty,to lodge a formal complaint,English,"[""déposer une plainte officielle""]"
,Twenty one,Lay down your heavy burden.,English,"[""Déposez votre lourd fardeau.""]"
,Twenty two,How long have you known Jack?,English,"[""Depuis combien de temps connais-tu Jack ?""]"
,Twenty three,How long have you been in Shanghai?,English,"[""Depuis combien de temps es-tu à Shanghai ?""]"
,Twenty four,dried apricots,English,"[""des abricots secs""]"
,Twenty five,Years have passed.,English,"[""Des années ont passé.""]"
,Twenty six,Crêpes? Super!,English,"[""Des crêpes ? Chouette !""]"
,Twenty seven,Some mistakes could have slipped in.,English,"[""Des erreurs peuvent s'être glissées.""]"
,Twenty eight,People are protesting against nuclear weapons.,English,"[""Des gens sont en train de protester contre les armes nucléaires.""]"
,Twenty nine,for hours on end,English,"[""des heures durant""]"
,Thirty,measures aiming to reduce the frequency and gravity of road accidents,English,"[""des mesures visant à réduire la fréquence et la gravité des accidents de la route""]"
,Thirty one,Thousands of people wanted to know the answer.,English,"[""Des milliers de personnes voulaient connaître la réponse.""]"
,Thirty two,meals to take away,English,"[""des plats à emporter""]"
,Thirty three,Torrential rain struck down last week.,English,"[""Des pluies torrentielles se sont abattues la semaine dernière.""]"
,One,spectacles,English,"[""des verres de lunettes""]"
,Two,magnifying lenses,English,"[""des verres grossissants""]"
,Three,disaster which may strike us,English,"[""désastre qui peut nous frapper""]"
,Four,Let's go down here.,English,"[""Descendons ici.""]"
,Five,Come down!,English,"[""Descends !""]"
,Six,Would you like another glass of wine?,English,"[""Désirez-vous un autre verre de vin ?""]"
,Seven,Sorry to come so late.,English,"[""Désolé de venir si tard.""]"
,Eight,Sorry to call you so soon.,English,"[""Désolé de vous appeler si tôt.""]"
,Nine,Sorry for that.,English,"[""Désolé pour ça.""]"
,Ten,Sorry if I was a bit harsh.,English,"[""Désolé si j'ai été un peu sec.""]"
,Eleven,Sorry.,English,"[""Désolé.""]"
,Twelve,Draw me a sheep!,English,"[""Dessine-moi un mouton !""]"
,Thirteen,Relax!,English,"[""Détends-toi !""]"
,Fourteen,Destroy the family and you destroy the country. - Erin Pizzey,English,"[""Détruisez la famille et vous détruisez le pays.""]"
,Sixteen,Two scoops of ice cream.,English,"[""Deux boules de glace.""]"
,Seventeen,two fingers of whiskey,English,"[""deux doigts de whiskey""]"
,Eighteen,Two cars collided.,English,"[""Deux voitures se sont accrochées.""]"
,Nineteen,Guess how much it cost me?,English,"[""Devine combien ça m'a coûté?""]"
,Twenty,Guess who won.,English,"[""Devine qui a gagné.""]"
,Twenty one,Guess who I am!,English,"[""Devine qui je suis !""]"
,Twenty two,Should we cancel?,English,"[""Devrions-nous annuler ?""]"
,Twenty three,Should we intervene?,English,"[""Devrions-nous intervenir ?""]"
,Twenty four,God bless you!,English,"[""Dieu vous bénisse !""]"
,Twenty five,Say hello to your mom for me.,English,"[""Dis bonjour à ta maman de ma part.""]"
,Twenty six,Say hello.,English,"[""Dis bonjour.""]"
,Twenty seven,Say which one you would like.,English,"[""Dis lequel tu voudrais.""]"
,Twenty eight,Say it in English.,English,"[""Dis-le en anglais.""]"
,Twenty nine,Say it in French.,English,"[""Dis-le en français.""]"
,Thirty,Tell me!,English,"[""Dis-moi !""]"
,Thirty one,Tell me how to play the game.,English,"[""Dis-moi comment jouer au jeu.""]"
,Thirty two,Tell me when dinner is ready.,English,"[""Dis-moi quand le dîner est prêt.""]"
,Thirty three,Tell me you understand the difference.,English,"[""Dis-moi que tu comprends la différence.""]"
,One,Tell me what to do.,English,"[""Dis-moi quoi faire.""]"
,Two,Let's discuss it now.,English,"[""Discutons-en maintenant.""]"
,Three,Let's discuss.,English,"[""Discutons.""]"
,Four,Disappear!,English,"[""Disparais !""]"
,Five,hard disk,English,"[""disque dur""]"
,Six,Cavalierly state your opinion.,English,"[""Dites librement ce que vous pensez.""]"
,Seven,Say it in French.,English,"[""Dites-le en français.""]"
,Eight,Tell me the truth.,English,"[""Dites-moi la vérité.""]"
,Nine,Tell me which one you want.,English,"[""Dites-moi lequel vous voulez.""]"
,Ten,Divide and rule.,English,"[""Diviser pour régner.""]"
,Eleven,Ten francs change.,English,"[""Dix francs de monnaie.""]"
,Twelve,Donna was born with a silver spoon in her mouth.,English,"[""Donna est née avec une cuillère en argent dans la bouche.""]"
,Thirteen,Give me this book.,English,"[""Donne-moi ce livre.""]"
,Fourteen,Just give me the gun.,English,"[""Donne-moi juste le pistolet.""]"
,Sixteen,Give me your hand.,English,"[""Donne-moi la main.""]"
,Seventeen,Give me half.,English,"[""Donne-moi la moitié.""]"
,Eighteen,Give me the wine.,English,"[""Donne-moi le vin.""]"
,Nineteen,Give me something to write about.,English,"[""Donne-moi quelque chose sur quoi écrire.""]"
,Twenty,Give me your right hand.,English,"[""Donne-moi ta main droite.""]"
,Twenty one,Give me your watch.,English,"[""Donne-moi ta montre.""]"
,Twenty two,Give me your address!,English,"[""Donne-moi ton adresse !""]"
,Twenty three,Give me your money.,English,"[""Donne-moi ton argent.""]"
,Twenty four,Give me your sword.,English,"[""Donne-moi ton épée.""]"
,Twenty five,Give me another way.,English,"[""Donne-moi un autre moyen.""]"
,Twenty six,Give me an example.,English,"[""Donne-moi un exemple.""]"
,Twenty seven,Give me a hammer.,English,"[""Donne-moi un marteau.""]"
,Twenty eight,Give me some milk.,English,"[""Donne-moi un peu de lait.""]"
,Twenty nine,Give me some time to think.,English,"[""Donne-moi un peu de temps pour réfléchir.""]"
,Thirty,Give me a minute.,English,"[""Donne-moi une minute.""]"
,Thirty one,Give me a reason to like you.,English,"[""Donne-moi une raison de t'aimer.""]"
,Thirty two,Give me a second!,English,"[""Donne-moi une seconde !""]"
,Thirty three,to give chase to,English,"[""donner la chasse à""]"
,One,Gently! It's no use to tighten this screw too much.,English,"[""Doucement ! Ça ne sert à rien de trop serrer cette vis.""]"
,Two,dried fish,English,"[""du poisson sec""]"
,Three,Move out of the way!,English,"[""Écarte-toi !""]"
,Four,Get out of my way.,English,"[""Écarte-toi de mon chemin.""]"
,Five,to escape death,English,"[""échapper à la mort""]"
,Six,to slip out of someone's hands,English,"[""échapper des mains de quelqu'un""]"
,Seven,chocolate éclair,English,"[""éclair au chocolat""]"
,Eight,Listen carefully.,English,"[""Écoute attentivement.""]"
,Nine,Listen carefully.,English,"[""Écoute bien.""]"
,Ten,Listen!,English,"[""Écoutez !""]"
,Eleven,Write it once again!,English,"[""Écris-le encore une fois!""]"
,Twelve,Write me!,English,"[""Écris-moi !""]"
,Thirteen,She is 19 years old.,English,"[""Elle a 19 ans.""]"
,Fourteen,She bought chicken.,English,"[""Elle a acheté du poulet.""]"
,Sixteen,She bought a toy for the kid.,English,"[""Elle a acheté un jouet pour le gosse.""]"
,Seventeen,She bought a chicken.,English,"[""Elle a acheté un poulet.""]"
,Eighteen,She stopped talking.,English,"[""Elle a arrêté de parler.""]"
,Nineteen,She has a good heart.,English,"[""Elle a bon cœur.""]"
,Twenty,She is five years younger than me.,English,"[""Elle a cinq ans de moins que moi.""]"
,Twenty one,She is five.,English,"[""Elle a cinq ans.""]"
,Twenty two,She started to sing.,English,"[""Elle a commencé à chanter.""]"
,Twenty three,She continued to work.,English,"[""Elle a continué de travailler.""]"
,Twenty four,She cut the apple with a knife.,English,"[""Elle a coupé la pomme avec un couteau.""]"
,Twenty five,She has long hair.,English,"[""Elle a de longs cheveux.""]"
,Twenty six,She has small feet.,English,"[""Elle a de petits pieds.""]"
,Twenty seven,She disappeared.,English,"[""Elle a disparu.""]"
,Twenty eight,She has ten children.,English,"[""Elle a dix enfants.""]"
,Twenty nine,She burst into tears.,English,"[""Elle a éclaté en sanglots.""]"
,Thirty,She wrote a book on this bird.,English,"[""Elle a écrit un livre sur cet oiseau.""]"
,Thirty one,She married a sailor.,English,"[""Elle a épousé un marin.""]"
,Thirty two,She married a musician.,English,"[""Elle a épousé un musicien.""]"
,Thirty three,She tried various methods to lose weight.,English,"[""Elle a essayé diverses méthodes pour maigrir.""]"
,One,She tried.,English,"[""Elle a essayé.""]"
,Two,She was the first to notice it.,English,"[""Elle a été la première à le remarquer.""]"
,Three,She was very happy with my gift.,English,"[""Elle a été très heureuse de mon cadeau.""]"
,Four,She got the ticket for nothing.,English,"[""Elle a eu le billet pour rien.""]"
,Five,She took pity on him.,English,"[""Elle a eu pitié de lui.""]"
,Six,She made a lot of effort to improve her French.,English,"[""Elle a fait beaucoup d'efforts pour améliorer son français.""]"
,Seven,She played the violin.,English,"[""Elle a joué du violon.""]"
,Eight,She put the children to bed.,English,"[""Elle a mis les enfants au lit.""]"
,Nine,She forgot to write to him.,English,"[""Elle a oublié de lui écrire.""]"
,Ten,She opened the door.,English,"[""Elle a ouvert la porte.""]"
,Eleven,She spoke with the president.,English,"[""Elle a parlé avec le président.""]"
,Twelve,She doesn't have a mother.,English,"[""Elle a pas de mère.""]"
,Thirteen,She lost the key to her car.,English,"[""Elle a perdu la clé de sa voiture.""]"
,Fourteen,She lost her hat.,English,"[""Elle a perdu son chapeau.""]"
,Sixteen,She has more chocolate.,English,"[""Elle a plus de chocolat.""]"
,Seventeen,She took a pen from her pocket.,English,"[""Elle a pris un stylo dans sa poche.""]"
,Eighteen,She's forty,English,"[""Elle a quarante balais""]"
,Nineteen,She has something in her hand.,English,"[""Elle a quelque chose dans la main.""]"
,Twenty,She received a present from her friend.,English,"[""Elle a reçu un présent de son ami.""]"
,Twenty one,she turned her chair over,English,"[""elle a retourné sa chaise""]"
,Twenty two,She is six years older than me.,English,"[""Elle a six ans de plus que moi.""]"
,Twenty three,She smiled.,English,"[""Elle a souri.""]"
,Twenty four,She is wrong.,English,"[""Elle a tort.""]"
,Twenty five,She worked hard.,English,"[""Elle a travaillé dur.""]"
,Twenty six,She found a balloon in the garden.,English,"[""Elle a trouvé un ballon dans le jardin.""]"
,Twenty seven,She found a ball in the garden.,English,"[""Elle a trouvé une balle dans le jardin.""]"
,Twenty eight,She has an argument.,English,"[""Elle a un argument.""]"
,Twenty nine,She has an advantage over me.,English,"[""Elle a un avantage sur moi.""]"
,Thirty,She has a round face.,English,"[""Elle a un visage rond.""]"
,Thirty one,She has long hair.,English,"[""Elle a une longue chevelure.""]"
,Thirty two,She has a rose in her hand.,English,"[""Elle a une rose dans la main.""]"
,Thirty three,She loves to play tennis.,English,"[""Elle adore jouer au tennis.""]"
,One,She loves animals.,English,"[""Elle adore les animaux.""]"
,Two,She loves cats.,English,"[""Elle adore les chats.""]"
,Three,She loved tennis and became a coach.,English,"[""Elle aimait le tennis et devint coach.""]"
,Four,She loved her children the same.,English,"[""Elle aimait ses enfants pareil.""]"
,Five,She also likes chocolate.,English,"[""Elle aime aussi le chocolat.""]"
,Six,She enjoys cooking for her family.,English,"[""Elle aime cuisiner pour sa famille.""]"
,Seven,She loves when a boy is looking at her.,English,"[""Elle aime quand un garçon la regarde.""]"
,Eight,She went to her room to change her dress.,English,"[""Elle alla dans sa chambre pour changer sa robe.""]"
,Nine,She was afraid to give a speech.,English,"[""Elle avait peur de faire un discours.""]"
,Ten,She had a flower in her hand.,English,"[""Elle avait une fleur dans la main.""]"
,Eleven,She begins to play the piano.,English,"[""Elle commence à jouer du piano.""]"
,Twelve,She continues to smile all the time.,English,"[""Elle continue de sourire tout le temps.""]"
,Thirteen,She spends most of her money on her dresses.,English,"[""Elle dépense la plupart de son argent dans ses robes.""]"
,Fourteen,She comes down using the roots for handles holding on to the roots.,English,"[""Elle descend en se tenant aux racines.""]"
,Sixteen,She became happy.,English,"[""Elle devint heureuse.""]"
,Seventeen,She should be there at noon.,English,"[""Elle devrait être là à midi.""]"
,Eighteen,She must be sick.,English,"[""Elle doit être malade.""]"
,Nineteen,She will give her photo to whoever wants it.,English,"[""Elle donnera sa photo à qui la veut.""]"
,Twenty,She sleeps on her stomach.,English,"[""Elle dort sur le ventre.""]"
,Twenty one,She is trying to lose weight.,English,"[""Elle essaie de perdre du poids.""]"
,Twenty two,She is at the computer.,English,"[""Elle est à l'ordinateur.""]"
,Twenty three,She is active.,English,"[""Elle est active.""]"
,Twenty four,She arrived one day before me.,English,"[""Elle est arrivé un jour avant moi.""]"
,Twenty five,She came last.,English,"[""Elle est arrivée dernière.""]"
,Twenty six,She arrived by car.,English,"[""Elle est arrivée en voiture.""]"
,Twenty seven,She is attractive.,English,"[""Elle est attirante.""]"
,Twenty eight,She is in the front row.,English,"[""Elle est au premier rang.""]"
,Twenty nine,She is as pretty as her sister.,English,"[""Elle est aussi jolie que sa sœur.""]"
,Thirty,She is by far the hardest working person in my business.,English,"[""Elle est de loin celle qui travaille le plus dur dans mon entreprise.""]"
,Thirty one,She is in a bad mood.,English,"[""Elle est de mauvaise humeur.""]"
,Thirty two,She became a singer.,English,"[""Elle est devenue chanteuse.""]"
,Thirty three,She graduated in child psychology.,English,"[""Elle est diplômée en psychologie infantile.""]"
,One,She's mad at me.,English,"[""Elle est en colère contre moi.""]"
,Two,She is in contact with this company.,English,"[""Elle est en relation avec cette société.""]"
,Three,She is in a meeting.,English,"[""Elle est en réunion.""]"
,Four,She is pregnant.,English,"[""Elle est enceinte.""]"
,Five,She's a college student.,English,"[""Elle est étudiante à la fac.""]"
,Six,She is a student.,English,"[""Elle est étudiante.""]"
,Seven,She is firmly determined to own her own store.,English,"[""Elle est fermement déterminée à posséder son propre magasin.""]"
,Eight,She's nice.,English,"[""Elle est gentille.""]"
,Nine,She is here.,English,"[""Elle est ici.""]"
,Ten,She is a nurse.,English,"[""Elle est infirmière.""]"
,Eleven,She is drunk with happiness.,English,"[""Elle est ivre de bonheur.""]"
,Twelve,She is pretty with this dress.,English,"[""Elle est jolie avec cette robe.""]"
,Thirteen,She is my friend's wife.,English,"[""Elle est la femme de mon ami.""]"
,Fourteen,She is a high school student.,English,"[""Elle est lycéenne.""]"
,Sixteen,She is my classmate.,English,"[""Elle est ma camarade de classe.""]"
,Seventeen,She's clumsy.,English,"[""Elle est maladroite.""]"
,Eighteen,She is married to an American.,English,"[""Elle est mariée à un Américain.""]"
,Nineteen,She is married to a foreigner.,English,"[""Elle est mariée à un étranger.""]"
,Twenty,She is a single mother.,English,"[""Elle est mère célibataire.""]"
,Twenty one,She is my type.,English,"[""Elle est mon genre.""]"
,Twenty two,She is my first love.,English,"[""Elle est mon premier amour.""]"
,Twenty three,She is riding on a camel.,English,"[""Elle est montée sur un chameau.""]"
,Twenty four,She died peacefully in her sleep.,English,"[""Elle est morte paisiblement dans son sommeil.""]"
,Twenty five,She is not only beautiful but also intelligent.,English,"[""Elle est non seulement belle mais aussi intelligente.""]"
,Twenty six,She's gone to bed.,English,"[""Elle est partie se coucher.""]"
,Twenty seven,She left.,English,"[""Elle est partie.""]"
,Twenty eight,She is more beautiful than her cousin.,English,"[""Elle est plus belle que sa cousine.""]"
,Twenty nine,She is older than him.,English,"[""Elle est plus vieille que lui.""]"
,Thirty,She almost fell for the crop.,English,"[""Elle est presque tombée dans les pommes.""]"
,Thirty one,She is fast for everything.,English,"[""Elle est rapide pour tout.""]"
,Thirty two,She is relatively pretty.,English,"[""Elle est relativement jolie.""]"
,Thirty three,she came back up by the hill,English,"[""elle est remontée par la colline""]"
,One,She's gone back home.,English,"[""Elle est rentrée chez elle.""]"
,Two,she went back to her house,English,"[""elle est retournée chez elle""]"
,Three,She is a secretary in the supermarket.,English,"[""Elle est secrétaire au supermarché.""]"
,Four,She is so ill that she cannot come.,English,"[""Elle est si malade qu'elle ne peut pas venir.""]"
,Five,She's about to leave.,English,"[""Elle est sur le point de partir.""]"
,Six,She is sure to succeed.,English,"[""Elle est sûre de réussir.""]"
,Seven,She is susceptible.,English,"[""Elle est susceptible.""]"
,Eight,She is nice to me.,English,"[""Elle est sympa avec moi.""]"
,Nine,She is nice to everyone.,English,"[""Elle est sympathique avec tout le monde.""]"
,Ten,She is shy and speaks little.,English,"[""Elle est timide et parle peu.""]"
,Eleven,She fell seriously ill.,English,"[""Elle est tombée gravement malade.""]"
,Twelve,She is still at the bottom of the class.,English,"[""Elle est toujours au bas de la classe.""]"
,Thirteen,It is always on the move.,English,"[""Elle est toujours en mouvement.""]"
,Fourteen,She is everything to him.,English,"[""Elle est tout pour lui.""]"
,Sixteen,She is calm.,English,"[""Elle est tranquille.""]"
,Seventeen,She is very beautiful.,English,"[""Elle est très belle.""]"
,Eighteen,She is very busy.,English,"[""Elle est très occupée.""]"
,Nineteen,She is very wise.,English,"[""Elle est très sage.""]"
,Twenty,She is so beautiful!,English,"[""Elle est trop belle !""]"
,Twenty one,She is really beautiful.,English,"[""Elle est vraiment belle.""]"
,Twenty two,She's so beautiful. I've fallen in love with her.,English,"[""Elle est vraiment belle. J'ai craqué pour elle.""]"
,Twenty three,She was in America last month.,English,"[""Elle était en Amérique le mois dernier.""]"
,Twenty four,She was there this morning.,English,"[""Elle était là ce matin.""]"
,Twenty five,She was there all morning.,English,"[""Elle était là toute la matinée.""]"
,Twenty six,She is on a diet.,English,"[""Elle fait un régime.""]"
,Twenty seven,She will make a good wife.,English,"[""Elle fera une bonne épouse.""]"
,Twenty eight,She keeps secrets.,English,"[""Elle garde des secrets.""]"
,Twenty nine,She plays the piano every day.,English,"[""Elle joue du piano tous les jours.""]"
,Thirty,She deliberately exposed him to danger.,English,"[""Elle l'a délibérément exposé au danger.""]"
,Thirty one,She did it carefully.,English,"[""Elle l'a fait soigneusement.""]"
,Thirty two,She hates him.,English,"[""Elle le déteste.""]"
,Thirty three,She does it more quickly than he does.,English,"[""Elle le fait plus rapidement que lui.""]"
,One,She made him sing.,English,"[""Elle le fit chanter.""]"
,Two,She hates him.,English,"[""Elle le hait.""]"
,Three,She made him do it.,English,"[""Elle le lui a fait faire.""]"
,Four,She gave it to him.,English,"[""Elle le lui donna.""]"
,Five,She often calls him names.,English,"[""Elle le traite souvent de tous les noms.""]"
,Six,She gave him her first kiss.,English,"[""Elle lui a donné son premier baiser.""]"
,Seven,She gave him a piece of paper.,English,"[""Elle lui a donné un morceau de papier.""]"
,Eight,She sent him a big smile.,English,"[""Elle lui a envoyé un grand sourire.""]"
,Nine,She gave him a massage.,English,"[""Elle lui a fait un massage.""]"
,Ten,She attributes qualities to him that he lacks.,English,"[""Elle lui prête des qualités qu'il n'a pas.""]"
,Eleven,She gave me a lift to the station.,English,"[""Elle m'a amené en voiture à la gare.""]"
,Twelve,She asked me to give her the salt.,English,"[""Elle m'a demandé de lui passer le sel.""]"
,Thirteen,She told me to go and whistle up there on the hills.,English,"[""Elle m'a dit d'aller siffler là-haut sur la colline.""]"
,Fourteen,She told me to come.,English,"[""Elle m'a dit de venir.""]"
,Sixteen,She gave me a kiss in parting.,English,"[""Elle m'a fait un bec en partant.""]"
,Seventeen,She walks.,English,"[""Elle marche.""]"
,Eighteen,She knows me.,English,"[""Elle me connaît.""]"
,Nineteen,She did not even have a pencil.,English,"[""Elle n'avait même pas un crayon.""]"
,Twenty,She was out of paper.,English,"[""Elle n'avait plus de papier.""]"
,Twenty one,She's not running.,English,"[""Elle ne court pas.""]"
,Twenty two,She does not speak my language.,English,"[""Elle ne parle pas ma langue.""]"
,Twenty three,She cannot be more than thirty years old.,English,"[""Elle ne peut avoir plus de trente ans.""]"
,Twenty four,She will not explain it to them.,English,"[""Elle ne va pas le leur expliquer.""]"
,Twenty five,She did not want to give him a gift.,English,"[""Elle ne voulait pas lui donner de cadeau.""]"
,Twenty six,She speaks a lot.,English,"[""Elle parle beaucoup.""]"
,Twenty seven,She speaks French fluently,English,"[""Elle parle couramment français.""]"
,Twenty eight,She spends a lot of time practicing her piano.,English,"[""Elle passe beaucoup de temps à exercer son piano.""]"
,Twenty nine,She's rubbing cream on her belly.,English,"[""Elle passe de la crème sur son ventre.""]"
,Thirty,She can jump high.,English,"[""Elle peut sauter haut.""]"
,Thirty one,She was wearing a silk dress.,English,"[""Elle portait une robe de soie.""]"
,Thirty two,She is wearing an award necklace.,English,"[""Elle porte un collier de prix.""]"
,Thirty three,She takes piano lessons once a week.,English,"[""Elle prend des leçons de piano une fois par semaine.""]"
,One,She is gaining weight.,English,"[""Elle prend du poids.""]"
,Two,she is drinking a coffee,English,"[""elle prend un café""]"
,Three,She takes a shower every morning.,English,"[""Elle prend une douche chaque matin.""]"
,Four,She took a deep breath.,English,"[""Elle prit une profonde respiration.""]"
,Five,She collects material for a book.,English,"[""Elle rassemble du matériel pour un livre.""]"
,Six,She looks like her mother.,English,"[""Elle ressemble à sa mère.""]"
,Seven,She looks like her aunt.,English,"[""Elle ressemble à sa tante.""]"
,Eight,She drives a new vehicle.,English,"[""Elle roule dans un véhicule neuf.""]"
,Nine,She sat down at the back of the coach.,English,"[""Elle s'est assise à l'arrière du car.""]"
,Ten,She converted to Islam.,English,"[""Elle s'est convertie à l'islam.""]"
,Eleven,She can play the drums.,English,"[""Elle sait jouer de la batterie.""]"
,Twelve,She can speak French.,English,"[""Elle sait parler français.""]"
,Thirteen,She can skate.,English,"[""Elle sait patiner.""]"
,Fourteen,She is doing her nails.,English,"[""Elle se fait les ongles.""]"
,Sixteen,She stays still on the tightrope.,English,"[""Elle se tient immobile sur la corde raide.""]"
,Seventeen,She looked more beautiful than ever.,English,"[""Elle semblait plus belle que jamais.""]"
,Eighteen,She will be a graduate student next spring.,English,"[""Elle sera étudiante dans le supérieur le printemps prochain.""]"
,Nineteen,She will be there this evening.,English,"[""Elle sera là ce soir.""]"
,Twenty,She will be here in half an hour.,English,"[""Elle sera là dans une demi-heure.""]"
,Twenty one,She's whistling a strange tune.,English,"[""Elle siffle un air bizarre.""]"
,Twenty two,She works in a bank.,English,"[""Elle travaille dans une banque.""]"
,Twenty three,She works hard.,English,"[""Elle travaille dur.""]"
,Twenty four,She works for a hospital.,English,"[""Elle travaille pour un hôpital.""]"
,Twenty five,She is going to have a baby next month.,English,"[""Elle va avoir un bébé le mois prochain.""]"
,Twenty six,She is getting better day by day.,English,"[""Elle va mieux de jour en jour.""]"
,Twenty seven,She wants to marry a millionaire.,English,"[""Elle veut épouser un millionnaire.""]"
,Twenty eight,She wants a new hat.,English,"[""Elle veut un nouveau chapeau.""]"
,Twenty nine,She has just finished doing the dishes.,English,"[""Elle vient de finir de faire la vaisselle.""]"
,Thirty,She comes from France.,English,"[""Elle vient de France.""]"
,Thirty one,She lives in this village.,English,"[""Elle vit dans ce village.""]"
,Thirty two,She lives in comfort.,English,"[""Elle vit dans le confort.""]"
,Thirty three,She lives in the neighborhood.,English,"[""Elle vit dans le quartier.""]"
,One,They deserve it.,English,"[""Elles le méritent.""]"
,Two,They lied.,English,"[""Elles ont menti.""]"
,Three,they put the suitcases in the bedroom,English,"[""elles ont monté les valises dans la chambre""]"
,Four,They put the suitcases in the bedroom.,English,"[""Elles ont monté les valises dans la chambre.""]"
,Five,They lost again.,English,"[""Elles ont perdu à nouveau.""]"
,Six,They voted.,English,"[""Elles ont voté.""]"
,Seven,They were holding hands.,English,"[""Elles se tenaient les mains.""]"
,Eight,They went to the zoo.,English,"[""Elles sont allées au zoo.""]"
,Nine,They are unnecessary.,English,"[""Elles sont inutiles.""]"
,Ten,They left.,English,"[""Elles sont parties.""]"
,Eleven,They fell.,English,"[""Elles sont tombées.""]"
,Twelve,They are each more stubborn than the last.,English,"[""Elles sont toutes plus entêtées les unes que les autres.""]"
,Thirteen,They are very busy.,English,"[""Elles sont très occupées.""]"
,Fourteen,They are too big.,English,"[""Elles sont trop grosses.""]"
,Sixteen,They suggested a cosmetic makeover.,English,"[""Elles suggéraient une démonstration de maquillage.""]"
,Seventeen,follow a path,English,"[""emprunter un chemin""]"
,Eighteen,in 1993,English,"[""en 1993""]"
,Nineteen,Are you finished with the paper?,English,"[""En as-tu fini avec le papier ?""]"
,Twenty,In no way!,English,"[""En aucune manière !""]"
,Twenty one,in distress,English,"[""en détresse""]"
,Twenty two,on a team,English,"[""en équipe""]"
,Twenty three,Is it so?,English,"[""En est-il ainsi ?""]"
,Twenty four,in January,English,"[""en janvier""]"
,Twenty five,mid-concert,English,"[""en plein concert""]"
,Twenty six,on the rise,English,"[""en plein essor""]"
,Twenty seven,right in the middle of a match,English,"[""en plein match""]"
,Twenty eight,mid-attack,English,"[""en pleine attaque""]"
,Twenty nine,straight in the face,English,"[""en pleine poire""]"
,Thirty,to take away a lesson,English,"[""en prendre de la graine""]"
,Thirty one,in the president's presence,English,"[""en présence du président""]"
,Thirty two,What year of medicine are you in?,English,"[""En quelle année de médecine êtes-vous ?""]"
,Thirty three,What can I help you with?,English,"[""En quoi puis-je vous aider ?""]"
,One,In the saddle.,English,"[""En selle.""]"
,Two,in September 2001,English,"[""en septembre 2001""]"
,Three,Is it so?,English,"[""En va-t-il ainsi ?""]"
,Four,to take a blow,English,"[""encaisser un coup""]"
,Five,Just a little more effort.,English,"[""Encore un petit effort.""]"
,Six,Take off your coat.,English,"[""Enlève ton manteau.""]"
,Seven,Between!,English,"[""Entre !""]"
,Eight,Come in a minute.,English,"[""Entre une minute.""]"
,Nine,Enter the room.,English,"[""Entrer dans la salle.""]"
,Ten,Come in!,English,"[""Entrez !""]"
,Eleven,Send me a message when you have problems.,English,"[""Envoie-moi un message quand tu as des problèmes.""]"
,Twelve,Send me a postcard.,English,"[""Envoie-moi une carte postale.""]"
,Thirteen,Marry me!,English,"[""Épouse-moi !""]"
,Fourteen,feel the thought of intense satisfaction,English,"[""éprouver un sentiment d'intense satisfaction""]"
,Sixteen,Are you in Boston?,English,"[""Es-tu à Boston ?""]"
,Seventeen,Are you up?,English,"[""Es-tu debout ?""]"
,Eighteen,Have you ever been to Hawaii?,English,"[""Es-tu déjà allé à Hawaï ?""]"
,Nineteen,Have you ever been to America?,English,"[""Es-tu déjà allé en Amérique ?""]"
,Twenty,Are you on your way home?,English,"[""Es-tu en route pour chez toi ?""]"
,Twenty one,Are you still at the office?,English,"[""Es-tu encore au bureau ?""]"
,Twenty two,Are you a student?,English,"[""Es-tu étudiant ?""]"
,Twenty three,Are you tired?,English,"[""Es-tu fatigué ?""]"
,Twenty four,Are you registered?,English,"[""Es-tu inscrit ?""]"
,Twenty five,Have you ever been to France?,English,"[""Es-tu jamais allé en France ?""]"
,Twenty six,Are you japanese?,English,"[""Es-tu japonais ?""]"
,Twenty seven,Are you up?,English,"[""Es-tu levé ?""]"
,Twenty eight,Are you up?,English,"[""Es-tu levée ?""]"
,Twenty nine,Are you free tonight?,English,"[""Es-tu libre ce soir ?""]"
,Thirty,Are you satisfied?,English,"[""Es-tu satisfait ?""]"
,Thirty one,Are you alone?,English,"[""Es-tu seul ?""]"
,Thirty two,Are you still scared?,English,"[""Es-tu toujours effrayé ?""]"
,Thirty three,Are you still scared?,English,"[""Es-tu toujours effrayée ?""]"
,One,Are you still happy?,English,"[""Es-tu toujours heureuse ?""]"
,Two,Are you a criminal?,English,"[""Es-tu un criminel ?""]"
,Three,Are you a spirit?,English,"[""Es-tu un esprit ?""]"
,Four,Are you a ghost?,English,"[""Es-tu un fantôme ?""]"
,Five,Are you a mental patient?,English,"[""Es-tu un malade mental ?""]"
,Six,Are you a policeman?,English,"[""Es-tu un policier ?""]"
,Seven,Are you a witch?,English,"[""Es-tu une sorcière ?""]"
,Eight,Are you really sincere?,English,"[""Es-tu vraiment sincère ?""]"
,Nine,non-breaking space,English,"[""espace insécable""]"
,Ten,Please wait a bit.,English,"[""Espere-voir un bout.""]"
,Eleven,Try this sweater.,English,"[""Essaie ce pull.""]"
,Twelve,Try this knitting.,English,"[""Essaie ce tricot.""]"
,Thirteen,Try this!,English,"[""Essaie ceci !""]"
,Fourteen,Try this sauce.,English,"[""Essaie cette sauce.""]"
,Sixteen,Try not to think about it!,English,"[""Essaie de ne pas y penser !""]"
,Seventeen,Try not to forget anything.,English,"[""Essaie de ne rien oublier.""]"
,Eighteen,Try to stay calm.,English,"[""Essaie de rester calme.""]"
,Nineteen,Try to stay awake.,English,"[""Essaie de rester éveillé.""]"
,Twenty,Try to calm down!,English,"[""Essaie de te calmer !""]"
,Twenty one,Try to put yourself in your mother's place.,English,"[""Essaie de te mettre à la place de ta mère.""]"
,Twenty two,Try again.,English,"[""Essaie encore.""]"
,Twenty three,Try it!,English,"[""Essaies-en !""]"
,Twenty four,Try to resist.,English,"[""Essayez de résister.""]"
,Twenty five,Let's try this cake.,English,"[""Essayons ce gâteau.""]"
,Twenty six,Let's try again.,English,"[""Essayons de nouveau.""]"
,Twenty seven,Wipe your eyes.,English,"[""Essuie tes yeux.""]"
,Twenty eight,Is it yours?,English,"[""Est-ce à toi ?""]"
,Twenty nine,Is it up to you?,English,"[""Est-ce à vous ?""]"
,Thirty,Do you wanna do?,English,"[""Est-ce ce que tu veux faire ?""]"
,Thirty one,Do you want to do this?,English,"[""Est-ce ce que vous voulez faire ?""]"
,Thirty two,This is it?,English,"[""Est-ce cela ?""]"
,Thirty three,Is that what the government wants?,English,"[""Est-ce cela que veut le gouvernement?""]"
,One,Is it far?,English,"[""Est-ce éloigné ?""]"
,Two,Is it harmless?,English,"[""Est-ce inoffensif ?""]"
,Three,Is this the reason for your return?,English,"[""Est-ce la raison de ton retour ?""]"
,Four,Is this some kind of joke?,English,"[""Est-ce là une sorte de plaisanterie ?""]"
,Five,Is that the case?,English,"[""Est-ce le cas ?""]"
,Six,Is it far?,English,"[""Est-ce loin ?""]"
,Seven,Did I win?,English,"[""Est-ce moi qui ai gagné ?""]"
,Eight,Is it for me?,English,"[""Est-ce pour moi ?""]"
,Nine,Did she cum?,English,"[""Est-ce qu'elle a joui?""]"
,Ten,Has he been addressing the table?,English,"[""Est-ce qu'il s'adressait à la table?""]"
,Eleven,Is there any good music?,English,"[""Est-ce qu'il y a de la bonne musique ?""]"
,Twelve,Does it hurt?,English,"[""Est-ce que ça fait mal ?""]"
,Thirteen,Are these explosives?,English,"[""Est-ce que ce sont des explosifs ?""]"
,Fourteen,Am I wrong?,English,"[""Est-ce que je me trompe ?""]"
,Sixteen,Am I wasting my time?,English,"[""Est-ce que je perds mon temps ?""]"
,Seventeen,Can I go to bed?,English,"[""Est-ce que je peux aller au lit ?""]"
,Eighteen,Can I talk to you?,English,"[""Est-ce que je peux te parler ?""]"
,Nineteen,Can I accompany you?,English,"[""Est-ce que je peux vous accompagner ?""]"
,Twenty,Can I think about it for a moment?,English,"[""Est-ce que je peux y réfléchir un moment ?""]"
,Twenty one,Do I stink?,English,"[""Est-ce que je pue ?""]"
,Twenty two,Am I alone here?,English,"[""Est-ce que je suis seul ici ?""]"
,Twenty three,Can the meeting end within two hours?,English,"[""Est-ce que la réunion peut finir dans les deux heures ?""]"
,Twenty four,Did the car look old?,English,"[""Est-ce que la voiture paraissait vieille ?""]"
,Twenty five,Was the movie good?,English,"[""Est-ce que le film était bien ?""]"
,Twenty six,Are the drinks complimentary?,English,"[""Est-ce que les boissons sont gratuites ?""]"
,Twenty seven,Do you like eating corn?,English,"[""Est-ce que t'aimes bien manger du maïs?""]"
,Twenty eight,Is your safe locked?,English,"[""Est-ce que ton coffre est fermé à clé ?""]"
,Twenty nine,Is everything alright?,English,"[""Est-ce que tout va bien ?""]"
,Thirty,Do you like to write?,English,"[""Est-ce que tu aimes écrire ?""]"
,Thirty one,Do you like dogs?,English,"[""Est-ce que tu aimes les chiens ?""]"
,Thirty two,Do you eat fish?,English,"[""Est-ce que tu manges du poisson ?""]"
,Thirty three,Can you swim?,English,"[""Est-ce que tu sais nager ?""]"
,One,Are you fine?,English,"[""Est-ce que tu vas bien ?""]"
,Two,Do you want to drink?,English,"[""Est-ce que tu veux boire ?""]"
,Three,Will you come with us?,English,"[""Est-ce que tu viendras avec nous ?""]"
,Four,Are you in a hurry?,English,"[""Est-ce que vous êtes pressé ?""]"
,Five,Can you swim?,English,"[""Est-ce que vous savez nager ?""]"
,Six,Will you come with us?,English,"[""Est-ce que vous viendrez avec nous ?""]"
,Seven,Is it dirty?,English,"[""Est-ce sale ?""]"
,Eight,Is it safe?,English,"[""Est-ce sans danger ?""]"
,Nine,Is it so urgent?,English,"[""Est-ce si urgent ?""]"
,Ten,Is it sure?,English,"[""Est-ce sûr ?""]"
,Eleven,Is this your new girlfriend?,English,"[""Est-ce ta nouvelle petite amie ?""]"
,Twelve,Is it you?,English,"[""Est-ce toi ?""]"
,Thirteen,Is this your money?,English,"[""Est-ce ton argent ?""]"
,Fourteen,Is this a compliment?,English,"[""Est-ce un compliment ?""]"
,Sixteen,Is this a compliment or an insult?,English,"[""Est-ce un compliment ou une insulte ?""]"
,Seventeen,Is this a crime?,English,"[""Est-ce un crime ?""]"
,Eighteen,Is it a wolf?,English,"[""Est-ce un loup ?""]"
,Nineteen,Is it a no?,English,"[""Est-ce un non ?""]"
,Twenty,Is this a joke?,English,"[""Est-ce une blague ?""]"
,Twenty one,Is this a good deal?,English,"[""Est-ce une bonne affaire ?""]"
,Twenty two,Is this a picture of me?,English,"[""Est-ce une image de moi ?""]"
,Twenty three,Is this a simulation?,English,"[""Est-ce une simulation ?""]"
,Twenty four,Is this your child?,English,"[""Est-ce votre enfant ?""]"
,Twenty five,Is it you?,English,"[""Est-ce vous ?""]"
,Twenty six,Is that you?,English,"[""Est-ce vous ?""]"
,Twenty seven,Is it really you?,English,"[""Est-ce vraiment toi ?""]"
,Twenty eight,Did he go there?,English,"[""Est-il allé là ?""]"
,Twenty nine,Did he go there?,English,"[""Est-il allé là-bas ?""]"
,Thirty,Is he an American?,English,"[""Est-il Américain ?""]"
,Thirty one,Did something happen?,English,"[""Est-il arrivé quelque chose ?""]"
,Thirty two,Is he sleeping?,English,"[""Est-il en train de dormir ?""]"
,Thirty three,Is he still there?,English,"[""Est-il encore là ?""]"
,One,Is he tall?,English,"[""Est-il grand ?""]"
,Two,Is he busy?,English,"[""Est-il occupé ?""]"
,Three,And after?,English,"[""Et après ?""]"
,Four,And that's been true for a long time.,English,"[""Et ça a longtemps été vrai.""]"
,Five,And you?,English,"[""Et vous ?""]"
,Six,Were you sincere?,English,"[""Étais-tu sincère ?""]"
,Seven,Was that a squirrel?,English,"[""Était-ce là un écureuil ?""]"
,Eight,Was it a squirrel?,English,"[""Était-ce un écureuil ?""]"
,Nine,Turn off the light.,English,"[""Eteins la lumière.""]"
,Ten,Turn off the light.,English,"[""Éteins la lumière.""]"
,Eleven,Turn off the radio.,English,"[""Éteins la radio.""]"
,Twelve,Turn off the television.,English,"[""Éteins la télévision.""]"
,Thirteen,Did you go to see a doctor?,English,"[""Êtes-vous allé voir un médecin ?""]"
,Fourteen,Are you Chinese or Japanese?,English,"[""Êtes-vous chinois ou japonais ?""]"
,Sixteen,Are you from Switzerland?,English,"[""Êtes-vous de Suisse ?""]"
,Seventeen,Have you ever been to Paris?,English,"[""Êtes-vous déjà allé à Paris ?""]"
,Eighteen,Have you ever been to Africa?,English,"[""Êtes-vous déjà allé en Afrique ?""]"
,Nineteen,Are you still around?,English,"[""Êtes-vous encore dans les parages ?""]"
,Twenty,Are you still there?,English,"[""Êtes-vous encore là?""]"
,Twenty one,Are you tired?,English,"[""Êtes-vous fatigué ?""]"
,Twenty two,Are you tired?,English,"[""Êtes-vous fatiguée ?""]"
,Twenty three,Are you tired?,English,"[""Êtes-vous fatigués ?""]"
,Twenty four,Are you registered?,English,"[""Êtes-vous inscrit ?""]"
,Twenty five,Are you registered?,English,"[""Êtes-vous inscrite ?""]"
,Twenty six,Are you registered?,English,"[""Êtes-vous inscrits ?""]"
,Twenty seven,Are you Japanese?,English,"[""Êtes-vous japonais ?""]"
,Twenty eight,Are you weary?,English,"[""Êtes-vous las ?""]"
,Twenty nine,Are you the manager?,English,"[""Êtes-vous le directeur ?""]"
,Thirty,Are you the mayor?,English,"[""Êtes-vous le maire ?""]"
,Thirty one,Are you the leader of the group?,English,"[""Êtes-vous le meneur du groupe ?""]"
,Thirty two,Are you up?,English,"[""Êtes-vous levé ?""]"
,Thirty three,Are you up?,English,"[""Êtes-vous levée ?""]"
,One,Are you up?,English,"[""Êtes-vous levés ?""]"
,Two,Are you for or against his idea?,English,"[""Êtes-vous pour ou contre son idée ?""]"
,Three,Are you in a hurry?,English,"[""Êtes-vous pressés ?""]"
,Four,Are you satisfied with your weight?,English,"[""Êtes-vous satisfait de votre poids ?""]"
,Five,Are you sure everything is fine?,English,"[""Êtes-vous sûr que tout va bien ?""]"
,Six,Are you still scared?,English,"[""Êtes-vous toujours effrayés ?""]"
,Seven,Are you still happy?,English,"[""Êtes-vous toujours heureuse ?""]"
,Eight,Are you all ready?,English,"[""Êtes-vous tous prêts ?""]"
,Nine,Are you really a princess?,English,"[""Êtes-vous vraiment une princesse ?""]"
,Ten,Do you study French every day?,English,"[""Étudies-tu le français tous les jours ?""]"
,Eleven,Are you studying?,English,"[""Étudiez-vous ?""]"
,Twelve,Are you studying French?,English,"[""Étudiez-vous le français ?""]"
,Thirteen,Avoid crossing this street when it is raining.,English,"[""Évitez de traverser cette rue quand il pleut.""]"
,Fourteen,Excellent!,English,"[""Excellent !""]"
,Sixteen,Excuse me but I do not understand.,English,"[""Excusez-moi mais je ne comprends pas.""]"
,Seventeen,Doing this is very important.,English,"[""Faire cela est très important.""]"
,Eighteen,to smuggle,English,"[""faire de la contrebande""]"
,Nineteen,Exercising is good for your health.,English,"[""Faire des exercices est bon pour la santé.""]"
,Twenty,To do the washing-up.,English,"[""Faire la vaisselle.""]"
,Twenty one,to do shopping,English,"[""faire les vitrines""]"
,Twenty two,Do or say something without meaning to harm.,English,"[""Faire ou dire une chose sans penser à mal.""]"
,Twenty three,to make speak the French language,English,"[""faire parler la langue française""]"
,Twenty four,To run a program on one's computer.,English,"[""Faire tourner un programme sur son ordinateur.""]"
,Twenty five,to have a jam session,English,"[""faire un bœuf""]"
,Twenty six,To make a mistake.,English,"[""Faire une erreur.""]"
,Twenty seven,Take care of yourself.,English,"[""Fais attention à toi.""]"
,Twenty eight,Boil the water.,English,"[""Fais bouillir l'eau.""]"
,Twenty nine,Do what you love.,English,"[""Fais ce que tu aimes.""]"
,Thirty,Do as he tells you.,English,"[""Fais comme il te dit.""]"
,Thirty one,Do as you like.,English,"[""Fais comme tu veux.""]"
,Thirty two,Just do the job.,English,"[""Fais juste le boulot.""]"
,Thirty three,Keep a low profile.,English,"[""Fais profil bas.""]"
,One,Do your homework now.,English,"[""Fais tes devoirs maintenant.""]"
,Two,Do your homework.,English,"[""Fais tes devoirs.""]"
,Three,Make an effort.,English,"[""Fais un effort.""]"
,Four,Make a copy of this report.,English,"[""Fais une copie de ce rapport.""]"
,Five,Make a list!,English,"[""Fais une liste !""]"
,Six,Make an offer.,English,"[""Fais une offre.""]"
,Seven,Take a break.,English,"[""Fais une pause.""]"
,Eight,Do it now!,English,"[""Fais-le mais maintenant !""]"
,Nine,Trust me.,English,"[""Fais-moi confiance.""]"
,Ten,Do me a favor.,English,"[""Fais-moi une faveur.""]"
,Eleven,Let's do the dishes.,English,"[""Faisons la vaisselle.""]"
,Twelve,Let's make a compromise.,English,"[""Faisons un compromis.""]"
,Thirteen,Let's take a break now.,English,"[""Faisons une pause maintenant.""]"
,Fourteen,Do it like that.,English,"[""Faites ça comme ça.""]"
,Sixteen,Do what I say.,English,"[""Faites ce que je dis.""]"
,Seventeen,Make less noise.,English,"[""Faites moins de bruit.""]"
,Eighteen,Make another choice.,English,"[""Faites un autre choix.""]"
,Nineteen,Have a good trip!,English,"[""Faites un bon voyage !""]"
,Twenty,Do it when you have the time.,English,"[""Faites-le lorsque vous en aurez le temps.""]"
,Twenty one,Do it yourself.,English,"[""Faites-le vous-même.""]"
,Twenty two,Trust me.,English,"[""Faites-moi confiance.""]"
,Twenty three,Tell me how you think about it.,English,"[""Faites-moi connaître votre façon de penser.""]"
,Twenty four,Got to go.,English,"[""Faut que j'y aille.""]"
,Twenty five,Close the window.,English,"[""Ferme la fenêtre.""]"
,Twenty six,Close the trunk.,English,"[""Ferme le coffre.""]"
,Twenty seven,Shut up!,English,"[""Ferme-la !""]"
,Twenty eight,Close the drawer.,English,"[""Fermez le tiroir.""]"
,Twenty nine,Go!,English,"[""File !""]"
,Thirty,Go!,English,"[""Filez !""]"
,Thirty one,good at history,English,"[""fort en histoire""]"
,Thirty two,Get out!,English,"[""Fous le camp !""]"
,Thirty three,struck down by God,English,"[""frappé par Dieu""]"
,One,to strike the imagination.,English,"[""frapper l'imagination""]"
,Two,Smoking hit his lungs.,English,"[""Fumer a touché ses poumons.""]"
,Three,Smoking kills.,English,"[""Fumer tue.""]"
,Four,Keep that in mind.,English,"[""Garde ça en tête.""]"
,Five,Keep this information for yourself.,English,"[""Garde cette information pour toi.""]"
,Six,Keep the door open.,English,"[""Garde la porte ouverte.""]"
,Seven,Keep your coat on you.,English,"[""Garde ton manteau sur toi.""]"
,Eight,Keep an eye on this briefcase.,English,"[""Garde un œil sur cette mallette.""]"
,Nine,Keep an eye on the girls.,English,"[""Garde un œil sur les filles.""]"
,Ten,Keep it!,English,"[""Garde-le !""]"
,Eleven,Keep an eye on it!,English,"[""Garde-le à l'œil !""]"
,Twelve,Keep these places for the elderly.,English,"[""Gardez ces places pour les personnes âgées.""]"
,Thirteen,Keep the change.,English,"[""Gardez la monnaie.""]"
,Fourteen,Keep the door locked.,English,"[""Gardez la porte verrouillée.""]"
,Sixteen,Awesome!,English,"[""Génial !""]"
,Seventeen,George married my sister.,English,"[""George a épousé ma sœur.""]"
,Eighteen,Gwenda waved her magic wand.,English,"[""Gwenda a agité sa baguette magique.""]"
,Nineteen,dressed as Father Christmas,English,"[""habillé en père Noël""]"
,Twenty,Usually I travel on foot.,English,"[""Habituellement je me déplace à pied.""]"
,Twenty one,Stop the fire!,English,"[""Halte au feu !""]"
,Twenty two,Hey! What's up?,English,"[""Hé ! Quoi de neuf ?""]"
,Twenty three,Helen is very worried about her daughter.,English,"[""Helen est très inquiète pour sa fille.""]"
,Twenty four,Yesterday she saw a very tall man.,English,"[""Hier elle a vu un homme très grand.""]"
,Twenty five,Last night we heard the president speak on television.,English,"[""Hier soir nous avons entendu le président parler à la télévision.""]"
,Twenty six,strong men,English,"[""hommes forts""]"
,Twenty seven,He's about my age.,English,"[""Il a à peu près mon âge.""]"
,Twenty eight,He accepted our proposal.,English,"[""Il a accepté notre proposition.""]"
,Twenty nine,He acted wisely.,English,"[""Il a agi sagement.""]"
,Thirty,He learned to be patient.,English,"[""Il a appris à être patient.""]"
,Thirty one,He learned the poem by heart.,English,"[""Il a appris le poème par cœur.""]"
,Thirty two,He vacuumed the dust up.,English,"[""Il a aspiré la poussière.""]"
,Thirty three,He achieved his goal.,English,"[""Il a atteint son but.""]"
,One,He broke the record.,English,"[""Il a battu le record.""]"
,Two,He has changed his look a lot.,English,"[""Il a beaucoup changé de look.""]"
,Three,He's gained a lot by frequenting good people.,English,"[""Il a beaucoup gagné à la pratique de la bonne société.""]"
,Four,He drank directly from the bottle.,English,"[""Il a bu directement à la bouteille.""]"
,Five,He drank a beer.,English,"[""Il a bu une bière.""]"
,Six,He gave in.,English,"[""Il a cédé.""]"
,Seven,He changed the subject of conversation.,English,"[""Il a changé de sujet de conversation.""]"
,Eight,It changed in the space of two minutes.,English,"[""Il a changé en l'espace de deux minutes.""]"
,Nine,He changed.,English,"[""Il a changé.""]"
,Ten,He sang a song.,English,"[""Il a chanté une chanson.""]"
,Eleven,He chose a good wife.,English,"[""Il a choisi une bonne épouse.""]"
,Twelve,He started to run.,English,"[""Il a commencé à courir.""]"
,Thirteen,He began to speak at the age of four.,English,"[""Il a commencé à parler à l'âge de quatre ans.""]"
,Fourteen,He is aware of the tradition.,English,"[""Il a connaissance de la tradition.""]"
,Sixteen,He has long legs.,English,"[""Il a de longues jambes.""]"
,Seventeen,He decided to leave the troop.,English,"[""Il a décidé de quitter la troupe.""]"
,Eighteen,He decided to sell his car.,English,"[""Il a décidé de vendre sa voiture.""]"
,Nineteen,He dropped out of school at twelve.,English,"[""Il a décroché de l'école à l'âge de douze ans.""]"
,Twenty,He moved to Canada.,English,"[""Il a déménagé pour le Canada.""]"
,Twenty one,He's in trouble.,English,"[""Il a des ennuis.""]"
,Twenty two,He has eyes behind his head.,English,"[""Il a des yeux derrière la tête.""]"
,Twenty three,He has two cats.,English,"[""Il a deux chats.""]"
,Twenty four,He has two boys and a daughter.,English,"[""Il a deux garçons et une fille.""]"
,Twenty five,He disappeared from the crowd.,English,"[""Il a disparu dans la foule.""]"
,Twenty six,He had to file for bankruptcy.,English,"[""Il a dû déposer son bilan.""]"
,Twenty seven,He heard a noise from the kitchen.,English,"[""Il a entendu un bruit de la cuisine.""]"
,Twenty eight,He tried to get up.,English,"[""Il a essayé de se lever.""]"
,Twenty nine,He was absent from the meeting.,English,"[""Il a été absent de la réunion.""]"
,Thirty,He was injured in a burglary.,English,"[""Il a été blessé dans un cambriolage.""]"
,Thirty one,He was injured during the battle.,English,"[""Il a été blessé pendant la bataille.""]"
,Thirty two,He was elected mayor.,English,"[""Il a été élu maire.""]"
,Thirty three,He's been busy.,English,"[""Il a été occupé.""]"
,One,He was placed in isolation.,English,"[""Il a été placé en isolement.""]"
,Two,He was great.,English,"[""Il a été super.""]"
,Three,He got lucky.,English,"[""Il a eu de la chance.""]"
,Four,He has had success in business.,English,"[""Il a eu du succès en affaires.""]"
,Five,He had a good idea.,English,"[""Il a eu une bonne idée.""]"
,Six,He made good use of this money.,English,"[""Il a fait bon usage de cet argent.""]"
,Seven,His action was performed out of his free will.,English,"[""Il a fait cette action de sa pure et franche volonté.""]"
,Eight,It was very cold last month.,English,"[""Il a fait très froid le mois dernier.""]"
,Nine,He made a robot.,English,"[""Il a fait un robot.""]"
,Ten,He burst into tears.,English,"[""Il a fondu en larmes.""]"
,Eleven,He broke the lock.,English,"[""Il a forcé la serrure.""]"
,Twelve,He won the lottery.,English,"[""Il a gagné la loterie.""]"
,Thirteen,He is ashamed of his attitude.,English,"[""Il a honte de son attitude.""]"
,Fourteen,He is eight.,English,"[""Il a huit ans.""]"
,Sixteen,He played tennis.,English,"[""Il a joué au tennis.""]"
,Seventeen,He played a key role in the movement.,English,"[""Il a joué un rôle clé dans le mouvement.""]"
,Eighteen,He has the flu.,English,"[""Il a la grippe.""]"
,Nineteen,He ate most of the cake.,English,"[""Il a mangé la plupart du gâteau""]"
,Twenty,He walked on the moon.,English,"[""Il a marché sur la lune.""]"
,Twenty one,He spoke of peace.,English,"[""Il a parlé de paix.""]"
,Twenty two,He doesn't have a pencil.,English,"[""Il a pas de crayon.""]"
,Twenty three,He passed the exam.,English,"[""Il a passé l'examen.""]"
,Twenty four,He went through the door.,English,"[""Il a passé la porte.""]"
,Twenty five,He crossed the river.,English,"[""Il a passé la rivière.""]"
,Twenty six,He lost his hat.,English,"[""Il a perdu son chapeau.""]"
,Twenty seven,He is afraid of this dog.,English,"[""Il a peur de ce chien.""]"
,Twenty eight,He is afraid to swim.,English,"[""Il a peur de nager.""]"
,Twenty nine,He is afraid of his shadow.,English,"[""Il a peur de son ombre.""]"
,Thirty,He placed his pencil behind the ear.,English,"[""Il a placé son crayon derrière l'oreille.""]"
,Thirty one,He has more strength than I do.,English,"[""Il a plus de force que moi.""]"
,Thirty two,He took a big risk.,English,"[""Il a pris un gros risque.""]"
,Thirty three,He hung up.,English,"[""Il a raccroché.""]"
,One,he pulled his pants back up,English,"[""il a remonté son pantalon""]"
,Two,He met a lot of friends on the internet last week.,English,"[""Il a rencontré beaucoup d'amis sur internet la semaine dernière.""]"
,Three,He met his wife on the Internet.,English,"[""Il a rencontré sa femme sur Internet.""]"
,Four,He held his breath.,English,"[""Il a retenu sa respiration.""]"
,Five,He held his breath.,English,"[""Il a retenu son souffle.""]"
,Six,He took off his hat.,English,"[""Il a retiré son chapeau.""]"
,Seven,He succeeded.,English,"[""Il a réussi.""]"
,Eight,He saved a sailor.,English,"[""Il a sauvé un marin.""]"
,Nine,He cured my illness.,English,"[""Il a soigné ma maladie.""]"
,Ten,He managed to take advantage of his knowledge.,English,"[""Il a su tirer profit de ses connaissances.""]"
,Eleven,He has enough willpower.,English,"[""Il a suffisamment de volonté.""]"
,Twelve,He got a big wad./He got a fat sum.,English,"[""Il a touché un bon paquet.""]"
,Thirteen,He has always been faithful to his wife.,English,"[""Il a toujours été fidèle à sa femme.""]"
,Fourteen,He has everything that you need.,English,"[""Il a tout ce qu'il te faut.""]"
,Sixteen,He ate it all.,English,"[""Il a tout mangé.""]"
,Seventeen,He has concluded his days on earth.,English,"[""Il a tranché ses jours.""]"
,Eighteen,He worked very hard.,English,"[""Il a travaillé très dur.""]"
,Nineteen,He is three years older than me.,English,"[""Il a trois ans de plus que moi.""]"
,Twenty,He found the box under the table.,English,"[""Il a trouvé la boîte sous la table.""]"
,Twenty one,He found my bike.,English,"[""Il a trouvé mon vélo.""]"
,Twenty two,He found his master.,English,"[""Il a trouvé son maître.""]"
,Twenty three,He has a good appetite.,English,"[""Il a un bon appétit.""]"
,Twenty four,He has a locker as long as my arm.,English,"[""Il a un casier aussi long que mon bras.""]"
,Twenty five,He has a book.,English,"[""Il a un livre.""]"
,Twenty six,He has a long nose.,English,"[""Il a un long nez.""]"
,Twenty seven,He has a name to sleep outside.,English,"[""Il a un nom à coucher dehors.""]"
,Twenty eight,He has a computer.,English,"[""Il a un ordinateur.""]"
,Twenty nine,He drank a little.,English,"[""Il a un peu bu.""]"
,Thirty,He has good eyesight.,English,"[""Il a une bonne vue.""]"
,Thirty one,He has a scar on the face. / He has a scar on his face.,English,"[""Il a une cicatrice au visage.""]"
,Thirty two,He has a big mouth.,English,"[""Il a une grande gueule.""]"
,Thirty three,He has poor eyesight.,English,"[""Il a une mauvaise vue.""]"
,One,He wanted to meet you.,English,"[""Il a voulu te rencontrer.""]"
,Two,He really enjoyed his apprenticeship at the butcher's.,English,"[""Il a vraiment apprécié son apprentissage à la boucherie.""]"
,Three,He loves reading.,English,"[""Il adore la lecture.""]"
,Four,He loves music.,English,"[""Il adore la musique.""]"
,Five,He loves painting.,English,"[""Il adore la peinture.""]"
,Six,He loves trains.,English,"[""Il adore les trains.""]"
,Seven,He loves going to the theater.,English,"[""Il adore se rendre au théâtre.""]"
,Eight,He loves to travel.,English,"[""Il adore voyager.""]"
,Nine,He's acting like a madman.,English,"[""Il agit comme un fou.""]"
,Ten,He likes to go to the beach from time to time.,English,"[""Il aime aller à la plage de temps en temps.""]"
,Eleven,He really likes this kind of music.,English,"[""Il aime beaucoup ce genre de musique.""]"
,Twelve,He really likes music.,English,"[""Il aime beaucoup la musique.""]"
,Thirteen,He is very fond of baseball.,English,"[""Il aime beaucoup le baseball.""]"
,Fourteen,He likes dancing.,English,"[""Il aime bien danser.""]"
,Sixteen,He likes to sing popular songs.,English,"[""Il aime chanter des chansons populaires.""]"
,Seventeen,He likes coffee without sugar.,English,"[""Il aime le café sans sucre.""]"
,Eighteen,He likes to watch television.,English,"[""Il aime regarder la télévision.""]"
,Nineteen,He went to America to study medicine.,English,"[""Il alla en Amérique étudier la médecine.""]"
,Twenty,He was going to visit his family.,English,"[""Il allait visiter sa famille.""]"
,Twenty one,He can hardly write his name.,English,"[""Il arrive difficilement à écrire son nom.""]"
,Twenty two,It often happens that he is late.,English,"[""Il arrive souvent qu'il soit tard.""]"
,Twenty three,He should have bought a few pens.,English,"[""Il aurait dû acheter quelques stylos.""]"
,Twenty four,He had a headache.,English,"[""Il avait mal à la tête.""]"
,Twenty five,He had a pen in his hands.,English,"[""Il avait un stylo dans les mains.""]"
,Twenty six,He drinks a lot.,English,"[""Il boit beaucoup.""]"
,Twenty seven,He drinks his black coffee all the time.,English,"[""Il boit tout le temps son café noir.""]"
,Twenty eight,He drank and consorted with hookers before contracting cirrhosis and gonorrhea.,English,"[""Il buvait et courait les filles avant qu'il ne contracte la cirrhose et la blennorragie.""]"
,Twenty nine,He started looking for a job.,English,"[""Il commença à chercher un travail.""]"
,Thirty,He knows the mayor.,English,"[""Il connaît le maire.""]"
,Thirty one,He knows the secret.,English,"[""Il connaît le secret.""]"
,Thirty two,He knows his job.,English,"[""Il connaît son métier.""]"
,Thirty three,He knows everything in this area.,English,"[""Il connaît tout dans ce domaine.""]"
,One,He keeps annoying me.,English,"[""Il continue de m'embêter.""]"
,Two,He is running.,English,"[""Il court.""]"
,Three,Keep out of the heat.,English,"[""Il craint la chaleur.""]"
,Four,He hates spiders.,English,"[""Il déteste les araignées.""]"
,Five,He will become a doctor when he grows up.,English,"[""Il deviendra docteur quand il sera grand.""]"
,Six,He will become a good husband.,English,"[""Il deviendra un bon mari.""]"
,Seven,It should have happened by now.,English,"[""Il devrait déjà être arrivé maintenant.""]"
,Eight,It should be raining soon.,English,"[""Il devrait pleuvoir bientôt.""]"
,Nine,He has his own bedroom.,English,"[""Il dispose de sa propre chambre.""]"
,Ten,He must be in his forties.,English,"[""Il doit avoir la quarantaine.""]"
,Eleven,It must be so.,English,"[""Il doit en être ainsi.""]"
,Twelve,He must be the principal.,English,"[""Il doit être le principal.""]"
,Thirteen,He must stay in bed.,English,"[""Il doit rester au lit.""]"
,Fourteen,He must come from the south.,English,"[""Il doit venir du sud.""]"
,Sixteen,There must be something in there.,English,"[""Il doit y avoir quelque chose là-dedans.""]"
,Seventeen,There must be a spy among us.,English,"[""Il doit y avoir un espion parmi nous.""]"
,Eighteen,There has to be a way.,English,"[""Il doit y avoir un moyen.""]"
,Nineteen,He is sleeping?,English,"[""Il dort ?""]"
,Twenty,He sleeps during the day and works at night.,English,"[""Il dort le jour et travaille la nuit.""]"
,Twenty one,He hoped he had succeeded.,English,"[""Il espérait avoir réussi.""]"
,Twenty two,He is on the radio.,English,"[""Il est à la radio.""]"
,Twenty three,He went to France.,English,"[""Il est allé en France.""]"
,Twenty four,He is English.,English,"[""Il est anglais""]"
,Twenty five,He's English.,English,"[""Il est Anglais.""]"
,Twenty six,He arrived at midnight.,English,"[""Il est arrivé à minuit.""]"
,Twenty seven,He arrived too early.,English,"[""Il est arrivé trop tôt.""]"
,Twenty eight,He is in the office.,English,"[""Il est au bureau.""]"
,Twenty nine,He is as tall as my brother.,English,"[""Il est aussi grand que mon frère.""]"
,Thirty,He is also a seller.,English,"[""Il est aussi un vendeur.""]"
,Thirty one,He's the hardest working one in his class.,English,"[""Il est celui qui travaille le plus dur dans sa classe.""]"
,Thirty two,He's sure to come.,English,"[""Il est certain de venir.""]"
,Thirty three,It is half past five.,English,"[""Il est cinq heures et demie.""]"
,One,He is curious about everything.,English,"[""Il est curieux de tout.""]"
,Two,He is in the shower.,English,"[""Il est dans la douche.""]"
,Three,He is in the moon.,English,"[""Il est dans la lune.""]"
,Four,He is in the house. He is there.,English,"[""Il est dans la maison. Il y est.""]"
,Five,It is in the fridge.,English,"[""Il est dans le frigo.""]"
,Six,He's in trouble.,English,"[""Il est dans le pétrin.""]"
,Seven,He is by far the best student.,English,"[""Il est de loin le meilleur des étudiants.""]"
,Eight,It is your job to finish this job.,English,"[""Il est de ton devoir de terminer ce boulot.""]"
,Nine,It is already eleven o'clock.,English,"[""Il est déjà onze heures.""]"
,Ten,He is already gone.,English,"[""Il est déjà parti.""]"
,Eleven,It is already six o'clock.,English,"[""Il est déjà six heures.""]"
,Twelve,He got off the bus.,English,"[""Il est descendu du bus.""]"
,Thirteen,It is two hours in the morning.,English,"[""Il est deux heures du matin.""]"
,Fourteen,He has gone blind.,English,"[""Il est devenu aveugle.""]"
,Sixteen,He is different from his brother.,English,"[""Il est différent de son frère.""]"
,Seventeen,It is difficult to answer your question.,English,"[""Il est difficile de répondre à ta question.""]"
,Eighteen,He is hardly friendly with his fellow workers.,English,"[""Il est difficilement amical avec ses compagnons de travail.""]"
,Nineteen,He graduated from Cambridge with honors.,English,"[""Il est diplômé de Cambridge avec mention.""]"
,Twenty,He's a DJ.,English,"[""Il est DJ.""]"
,Twenty one,He is actually the president of the company.,English,"[""Il est en fait le président de la société.""]"
,Twenty two,He is in harmony with all his comrades.,English,"[""Il est en harmonie avec tous ses camarades.""]"
,Twenty three,He is on his way.,English,"[""Il est en route.""]"
,Twenty four,He's having lunch.,English,"[""Il est en train de déjeuner.""]"
,Twenty five,He's baking cookies.,English,"[""Il est en train de faire des cookies.""]"
,Twenty six,He's reading a book.,English,"[""Il est en train de lire un livre.""]"
,Twenty seven,He is swimming.,English,"[""Il est en train de nager.""]"
,Twenty eight,He is still here.,English,"[""Il est encore ici.""]"
,Twenty nine,It is still too early.,English,"[""Il est encore trop tôt.""]"
,Thirty,He is a teacher.,English,"[""Il est enseignant.""]"
,Thirty one,He is a law student.,English,"[""Il est étudiant en droit.""]"
,Thirty two,He is a student.,English,"[""Il est étudiant.""]"
,Thirty three,He is weak in chemistry.,English,"[""Il est faible en chimie.""]"
,One,He is lazy.,English,"[""Il est fainéant.""]"
,Two,He is proud that his father is a great scientist.,English,"[""Il est fier que son père soit un grand scientifique.""]"
,Three,He is crazy.,English,"[""Il est fou.""]"
,Four,My fish is fresh!,English,"[""Il est frais mon poisson !""]"
,Five,He is furious at what they did to him.,English,"[""Il est furieux de ce qu'ils lui ont fait.""]"
,Six,He is great.,English,"[""Il est génial.""]"
,Seven,He is nice.,English,"[""Il est gentil.""]"
,Eight,It is here!,English,"[""Il est ici !""]"
,Nine,He is here to look for the fight.,English,"[""Il est ici pour chercher la bagarre.""]"
,Ten,He is here for me.,English,"[""Il est ici pour moi.""]"
,Eleven,Is he stupid enough to believe that?,English,"[""Il est idiot au point de croire ça ?""]"
,Twelve,It is important to brush your teeth.,English,"[""Il est important de se brosser les dents.""]"
,Thirteen,He is unable to do so.,English,"[""Il est incapable de le faire.""]"
,Fourteen,He is innocent of the crime.,English,"[""Il est innocent du crime.""]"
,Sixteen,He is intelligent.,English,"[""Il est intelligent.""]"
,Seventeen,He is drunk.,English,"[""Il est ivre.""]"
,Eighteen,He is young and single.,English,"[""Il est jeune et célibataire.""]"
,Nineteen,He's right behind you.,English,"[""Il est juste derrière toi.""]"
,Twenty,It is right there!,English,"[""Il est juste là!""]"
,Twenty one,He is the baby of the family.,English,"[""Il est le bébé de la famille.""]"
,Twenty two,He is the head of the sales department.,English,"[""Il est le chef du département de vente.""]"
,Twenty three,He is the best player on our team.,English,"[""Il est le meilleur joueur de notre équipe.""]"
,Twenty four,He is far from home.,English,"[""Il est loin de chez lui.""]"
,Twenty five,He is a high school student.,English,"[""Il est lycéen.""]"
,Twenty six,Now is the time to repair.,English,"[""Il est maintenant temps de réparer.""]"
,Twenty seven,He is ill.,English,"[""Il est malade.""]"
,Twenty eight,He's rude.,English,"[""Il est malpoli.""]"
,Twenty nine,He's nasty.,English,"[""Il est méchant.""]"
,Thirty,He is better than me at the piano.,English,"[""Il est meilleur que moi au piano.""]"
,Thirty one,It is better to give than to receive.,English,"[""Il est mieux de donner que de recevoir.""]"
,Thirty two,He is my colleague.,English,"[""Il est mon collègue.""]"
,Thirty three,You need to go see a doctor.,English,"[""Il est nécessaire que tu ailles voir un docteur.""]"
,One,It is necessary that you come here immediately.,English,"[""Il est nécessaire que tu viennes ici immédiatement.""]"
,Two,He is drunk.,English,"[""Il est noir.""]"
,Three,It is normal to talk to oneself.,English,"[""Il est normal de se parler.""]"
,Four,He's like his father.,English,"[""Il est pareil à son père.""]"
,Five,He is lazy.,English,"[""Il est paresseux.""]"
,Six,He left to stay with his cousin.,English,"[""Il est parti pour rester avec son cousin.""]"
,Seven,He went very far.,English,"[""Il est parti très loin.""]"
,Eight,He left three days ago.,English,"[""Il est parti voici trois jours.""]"
,Nine,He left.,English,"[""Il est parti.""]"
,Ten,He passed the exam.,English,"[""Il est passé à l'examen.""]"
,Eleven,He is a painter.,English,"[""Il est peintre.""]"
,Twelve,He is not very intelligent.,English,"[""Il est peu intelligent.""]"
,Thirteen,He is taller than his brother.,English,"[""Il est plus grand que son frère.""]"
,Fourteen,He is taller than his father.,English,"[""Il est plus grand que son père.""]"
,Sixteen,It is precious to us.,English,"[""Il est précieux pour nous.""]"
,Seventeen,It is almost midnight.,English,"[""Il est presque minuit.""]"
,Eighteen,He is almost always at home.,English,"[""Il est presque toujours chez lui.""]"
,Nineteen,He is probably still alive.,English,"[""Il est probablement toujours en vie.""]"
,Twenty,He is professor of biology at Harvard.,English,"[""Il est professeur de biologie à Harvard.""]"
,Twenty one,He is a reporter for Time.,English,"[""Il est reporter pour le Time.""]"
,Twenty two,He stayed with his aunt.,English,"[""Il est resté chez sa tante.""]"
,Twenty three,He remained silent.,English,"[""Il est resté silencieux.""]"
,Twenty four,He came home at ten o'clock.,English,"[""Il est revenu chez lui à dix heures.""]"
,Twenty five,He came back here.,English,"[""Il est revenu ici.""]"
,Twenty six,He returned soon after.,English,"[""Il est revenu peu après.""]"
,Twenty seven,He is rich but he is not happy.,English,"[""Il est riche mais il n'est pas heureux.""]"
,Twenty eight,He is a screenwriter.,English,"[""Il est scénariste.""]"
,Twenty nine,He's a scientist.,English,"[""Il est scientifique.""]"
,Thirty,He's so cute!,English,"[""Il est si mignon !""]"
,Thirty one,He is often late for work.,English,"[""Il est souvent en retard au travail.""]"
,Thirty two,he's very handsome,English,"[""Il est super beau""]"
,Thirty three,It is on another line.,English,"[""Il est sur une autre ligne.""]"
,One,He is so good!,English,"[""Il est tellement bon !""]"
,Two,It's time to clean your room.,English,"[""Il est temps de nettoyer ta chambre.""]"
,Three,It is time to leave.,English,"[""Il est temps de partir.""]"
,Four,It's time to go.,English,"[""Il est temps de partir.""]"
,Five,It is time to make a decision.,English,"[""Il est temps de prendre une décision.""]"
,Six,It is time for me to tell you the truth.,English,"[""Il est temps pour moi de te dire la vérité.""]"
,Seven,It is time for us to prepare.,English,"[""Il est temps pour nous de se préparer.""]"
,Eight,He is always short of liquid.,English,"[""Il est toujours à court de liquide.""]"
,Nine,He is always with me.,English,"[""Il est toujours avec moi.""]"
,Ten,He is still standing.,English,"[""Il est toujours debout.""]"
,Eleven,He is still reading.,English,"[""Il est toujours en train de lire.""]"
,Twelve,He is still laughing.,English,"[""Il est toujours en train de rire.""]"
,Thirteen,He is still complaining about his low salary.,English,"[""Il est toujours en train de se plaindre à propos de son faible salaire.""]"
,Fourteen,He is always complaining that his room is small.,English,"[""Il est toujours en train de se plaindre que sa chambre est petite.""]"
,Sixteen,It is all yours.,English,"[""Il est tout à vous.""]"
,Seventeen,It is brand new.,English,"[""Il est tout neuf.""]"
,Eighteen,He is very friendly to us.,English,"[""Il est très amical avec nous.""]"
,Nineteen,He is very brave.,English,"[""Il est très courageux.""]"
,Twenty,He is very good at playing the violin.,English,"[""Il est très doué pour jouer du violon.""]"
,Twenty one,He is very honest.,English,"[""Il est très honnête.""]"
,Twenty two,He is very young.,English,"[""Il est très jeune.""]"
,Twenty three,He is very ill.,English,"[""Il est très malade.""]"
,Twenty four,He is very careful.,English,"[""Il est très prudent.""]"
,Twenty five,It is too early.,English,"[""Il est trop tôt.""]"
,Twenty six,He is a man of vision.,English,"[""Il est un homme de vision.""]"
,Twenty seven,He came to my rescue.,English,"[""Il est venu à mon secours.""]"
,Twenty eight,He came from Boston.,English,"[""Il est venu de Boston.""]"
,Twenty nine,He came by car.,English,"[""Il est venu en voiture.""]"
,Thirty,He came several times.,English,"[""Il est venu plusieurs fois.""]"
,Thirty one,He came to see me.,English,"[""Il est venu pour me voir.""]"
,Thirty two,It is true that the earth is round.,English,"[""Il est vrai que la terre est ronde.""]"
,Thirty three,No sooner had he left when she called the police.,English,"[""Il était à peine parti qu'elle a téléphoné à la police.""]"
,One,He was brave.,English,"[""Il était courageux.""]"
,Two,He was in the shower.,English,"[""Il était dans la douche.""]"
,Three,He was in critical condition.,English,"[""Il était dans un état critique.""]"
,Four,He was standing around the corner.,English,"[""Il était debout au coin de la rue.""]"
,Five,He was destined never to see her again.,English,"[""Il était destiné à ne plus jamais la revoir.""]"
,Six,He was embarrassed.,English,"[""Il était embarrassé.""]"
,Seven,He was in America at the time.,English,"[""Il était en Amérique à ce moment-là.""]"
,Eight,He was in favor of the proposal.,English,"[""Il était en faveur de la proposition.""]"
,Nine,He was tired by then.,English,"[""Il était fatigué à ce moment-là.""]"
,Ten,He was mad with rage.,English,"[""Il était fou de rage.""]"
,Eleven,He was guided by his fears.,English,"[""Il était guidé par ses peurs.""]"
,Twelve,He was horribly poor when he was young.,English,"[""Il était horriblement pauvre quand il était jeune.""]"
,Thirteen,He was there for work.,English,"[""Il était là pour le travail.""]"
,Fourteen,He was far behind.,English,"[""Il était loin derrière.""]"
,Sixteen,He was born to be a painter.,English,"[""Il était né pour être peintre.""]"
,Seventeen,He was present at the meeting.,English,"[""Il était présent à la réunion.""]"
,Eighteen,He was ready to face his fate.,English,"[""Il était prêt à affronter son destin.""]"
,Nineteen,He was known to be a genius.,English,"[""Il était réputé pour être un génie.""]"
,Twenty,He was soaked from head to toe.,English,"[""Il était trempé des pieds à la tête.""]"
,Twenty one,He was very patient.,English,"[""Il était très patient.""]"
,Twenty two,It was warm and good in the house.,English,"[""Il faisait chaud et bon dans la maison.""]"
,Twenty three,it was cold,English,"[""il faisait froid""]"
,Twenty four,It was dark as in an oven.,English,"[""Il faisait noir comme dans un four.""]"
,Twenty five,It was so dark.,English,"[""Il faisait si sombre.""]"
,Twenty six,It was dark under the bridge.,English,"[""Il faisait sombre sous le pont.""]"
,Twenty seven,It was very cold yesterday morning.,English,"[""Il faisait très froid hier matin.""]"
,Twenty eight,He's about my height.,English,"[""Il fait à peu près ma taille.""]"
,Twenty nine,it's nice weather,English,"[""il fait beau""]"
,Thirty,He does this all the time.,English,"[""Il fait ça tout le temps.""]"
,Thirty one,It is hot for the season.,English,"[""Il fait chaud pour la saison.""]"
,Thirty two,It is hot/cold/dark/nice outside.,English,"[""Il fait chaud/froid/noir/beau dehors.""]"
,Thirty three,It's cold.,English,"[""Il fait froid.""]"
,One,it's bad weather,English,"[""il fait mauvais""]"
,Two,It's night.,English,"[""Il fait nuit.""]"
,Three,He is part of the football club.,English,"[""Il fait partie du club de football.""]"
,Four,He is almost six feet tall.,English,"[""Il fait presque six pieds de haut.""]"
,Five,It is dark in this room.,English,"[""Il fait sombre dans cette pièce.""]"
,Six,It is very hot here in summer.,English,"[""Il fait très chaud ici en été.""]"
,Seven,It is very cold tonight.,English,"[""Il fait très froid ce soir.""]"
,Eight,It is very cold now.,English,"[""Il fait très froid maintenant.""]"
,Nine,He takes a walk.,English,"[""Il fait une promenade.""]"
,Ten,The game had to be brought to an end after an explosion.,English,"[""Il fallait terminer le match après une explosion.""]"
,Eleven,We must act in order to fight poverty.,English,"[""Il faut agir pour lutter contre la pauvreté.""]"
,Twelve,I need more time,English,"[""il faut encore du temps""]"
,Thirteen,You must trust in God.,English,"[""Il faut espérer en Dieu.""]"
,Fourteen,You must have faith.,English,"[""Il faut espérer.""]"
,Sixteen,We must make good use of our time.,English,"[""Il faut faire un bon usage de son temps.""]"
,Seventeen,I need to go.,English,"[""Il faut que j'y aille""]"
,Eighteen,I need to remind you of your promise.,English,"[""Il faut que je te rappelle ta promesse.""]"
,Nineteen,You have to be careful.,English,"[""Il faut que tu sois prudent.""]"
,Twenty,You have to hide.,English,"[""Il faut que tu te caches.""]"
,Twenty one,One must get used to the southern accent.,English,"[""Il faut s'habituer à l'accent du sud.""]"
,Twenty two,You must wash before eating.,English,"[""Il faut se laver avant de manger.""]"
,Twenty three,We must face the facts.,English,"[""Il faut se rendre à l'évidence.""]"
,Twenty four,He was condemned to death.,English,"[""Il fut condamné à mort.""]"
,Twenty five,He earns twice my salary.,English,"[""Il gagne deux fois mon salaire.""]"
,Twenty six,He lives in the richest district of Paris.,English,"[""Il habite dans le quartier le plus riche de Paris.""]"
,Twenty seven,He throws the bowl.,English,"[""Il jette la boule.""]"
,Twenty eight,He plays football.,English,"[""Il joue au football.""]"
,Twenty nine,He plays golf two or three times a month.,English,"[""Il joue au golf deux ou trois fois par mois.""]"
,Thirty,He plays chess very well.,English,"[""Il joue très bien aux échecs.""]"
,Thirty one,He plays soccer really well.,English,"[""Il joue vraiment bien au football.""]"
,Thirty two,He enjoyed unfailing health.,English,"[""Il jouissait d'une santé à toute épreuve.""]"
,Thirty three,He did it willingly.,English,"[""Il l'a fait volontiers.""]"
,One,He knew it from the start.,English,"[""Il le savait depuis le départ.""]"
,Two,He gave her a sheet of paper.,English,"[""Il lui a donné une feuille de papier.""]"
,Three,He reproached him for what he had done.,English,"[""Il lui reprocha ce qu'il avait fait.""]"
,Four,He squeezed her arm so hard that she had a mark of it for three days.,English,"[""Il lui serra la bras si fort qu'elle en garda une trace pendant trois jours.""]"
,Five,He taught me how to make a cake.,English,"[""Il m'a appris à faire un gâteau.""]"
,Six,He took me for a ride.,English,"[""Il m'a fait marcher.""]"
,Seven,He hit me on the arm.,English,"[""Il m'a frappé le bras.""]"
,Eight,He has informed me of the present situation.,English,"[""Il m'a informé de la situation présente.""]"
,Nine,He ordered me to close the gate.,English,"[""Il m'a ordonné de fermer le portail.""]"
,Ten,he passed me his things,English,"[""il m'a passé ses affaires""]"
,Eleven,He took me for my twin brother.,English,"[""Il m'a pris pour mon frère jumeau.""]"
,Twelve,He eats a lot.,English,"[""Il mange beaucoup.""]"
,Thirteen,He lacks motivation.,English,"[""Il manque de motivation.""]"
,Fourteen,He was walking quietly.,English,"[""Il marchait tranquillement.""]"
,Sixteen,He is walking in the middle of the street,English,"[""Il marche au milieu de la rue.""]"
,Seventeen,He walks with his two legs.,English,"[""Il marche sur ses deux jambes.""]"
,Eighteen,He walks very slowly.,English,"[""Il marche très lentement.""]"
,Nineteen,He believes my joke.,English,"[""Il marche.""]"
,Twenty,He married his daughter to a banker.,English,"[""Il maria sa fille à un banquier.""]"
,Twenty one,He tells me to meet him at the restaurant.,English,"[""Il me dit de le rencontrer au restaurant.""]"
,Twenty two,He tells me to meet him at home.,English,"[""Il me dit de le rencontrer chez lui.""]"
,Twenty three,He tells me when to say yes.,English,"[""Il me dit quand dire oui.""]"
,Twenty four,I need a lot of time.,English,"[""Il me faut beaucoup de temps.""]"
,Twenty five,I must take note of it.,English,"[""Il me faut en prendre note.""]"
,Twenty six,I still have to buy bread.,English,"[""Il me faut encore acheter du pain.""]"
,Twenty seven,I just need a moment.,English,"[""Il me faut juste un moment.""]"
,Twenty eight,I have to see it in full.,English,"[""Il me faut le voir en entier.""]"
,Twenty nine,I have to open the window.,English,"[""Il me faut ouvrir la fenêtre.""]"
,Thirty,I must stay here.,English,"[""Il me faut rester ici.""]"
,Thirty one,I need a helmet.,English,"[""Il me faut un casque.""]"
,Thirty two,I need a hat.,English,"[""Il me faut un chapeau.""]"
,Thirty three,I need a coat.,English,"[""Il me faut un manteau.""]"
,One,I need a doctor.,English,"[""Il me faut un médecin.""]"
,Two,I need a miracle.,English,"[""Il me faut un miracle.""]"
,Three,I need a computer.,English,"[""Il me faut un ordinateur.""]"
,Four,I need a bag.,English,"[""Il me faut un sac.""]"
,Five,I need a taxi.,English,"[""Il me faut un taxi.""]"
,Six,I have to go.,English,"[""Il me faut y aller.""]"
,Seven,I need it.,English,"[""Il me le faut.""]"
,Eight,It seems to me that we should go now.,English,"[""Il me semble que nous devrions partir à présent.""]"
,Nine,He treats me as a friend.,English,"[""Il me traite en ami.""]"
,Ten,He measures 1.81 metres.,English,"[""Il mesure 1,81 mètres.""]"
,Eleven,He's not doing as he should.,English,"[""Il n'agit pas comme il devrait.""]"
,Twelve,He doesn't know anything about it.,English,"[""Il n'en sait rien.""]"
,Thirteen,He's never been to the city; he's a real hick.,English,"[""Il n'est jamais allé à une ville ; c'est un vrai plouc.""]"
,Fourteen,There is nobody here.,English,"[""Il n'y a personne ici.""]"
,Sixteen,There is none there.,English,"[""Il n'y a personne.""]"
,Seventeen,There is no more work.,English,"[""Il n'y a plus de travail.""]"
,Eighteen,He swims well.,English,"[""Il nage bien.""]"
,Nineteen,He did not fear death.,English,"[""Il ne craignait pas la mort.""]"
,Twenty,He doesn't say anything he doesn't believe.,English,"[""Il ne dit rien qu'il ne pense.""]"
,Twenty one,He is not sleeping.,English,"[""Il ne dort pas.""]"
,Twenty two,You must not smoke in this room.,English,"[""Il ne faut pas fumer dans cette pièce.""]"
,Twenty three,You shouldn't judge a person by their appearance.,English,"[""Il ne faut pas juger une personne à son apparence.""]"
,Twenty four,Do not wake up the sleeping dog.,English,"[""Il ne faut pas réveiller le chien qui dort.""]"
,Twenty five,He only eats pasta on Saturday,English,"[""Il ne mange les pâtes que le samedi""]"
,Twenty six,He doesn't know me.,English,"[""Il ne me connaît pas.""]"
,Twenty seven,He did not talk at all,English,"[""Il ne parloit goutte""]"
,Twenty eight,He didn't think he was being observed.,English,"[""Il ne pensait pas être observé.""]"
,Twenty nine,He only thinks but of his beloved.,English,"[""Il ne pense qu'à celle qu'il aime.""]"
,Thirty,He cannot tell right from wrong.,English,"[""Il ne peut dire le vrai du faux.""]"
,Thirty one,He has not seen death,English,"[""Il ne s'est pas vu partir""]"
,Thirty two,He does not know how to swim.,English,"[""Il ne sait pas nager.""]"
,Thirty three,He did not know how to speak French well.,English,"[""Il ne savait pas bien parler français.""]"
,One,He didn't want to go along or have anything to do with their schemes.,English,"[""Il ne voulait pas se prêter à leurs manœuvres.""]"
,Two,it's snowing,English,"[""il neige""]"
,Three,It's snowing.,English,"[""Il neige.""]"
,Four,He gave us the signal to start.,English,"[""Il nous a donné le signal pour commencer.""]"
,Five,He told us such a funny story that we all laughed.,English,"[""Il nous a raconté une histoire tellement drôle que nous avons tous ri.""]"
,Six,He knows us very well.,English,"[""Il nous connaît très bien.""]"
,Seven,He tells us to stay calm.,English,"[""Il nous dit de rester calme.""]"
,Eight,We have to act.,English,"[""Il nous faut agir.""]"
,Nine,We have to protect ourselves.,English,"[""Il nous faut nous protéger.""]"
,Ten,We need to speak seriously.,English,"[""Il nous faut parler sérieusement.""]"
,Eleven,We need a car.,English,"[""Il nous faut une voiture.""]"
,Twelve,We have to go.,English,"[""Il nous faut y aller.""]"
,Thirteen,He looked young.,English,"[""Il paraissait jeune.""]"
,Fourteen,He seems forty years old.,English,"[""Il paraît avoir 40 ans.""]"
,Sixteen,It seems that you are good at French.,English,"[""Il paraît que tu es bon en français.""]"
,Seventeen,He speaks English,English,"[""Il parle anglais""]"
,Eighteen,He speaks English.,English,"[""Il parle anglais.""]"
,Nineteen,He speaks as if he were a teacher.,English,"[""Il parle comme s'il était un professeur.""]"
,Twenty,He speaks French.,English,"[""Il parle français.""]"
,Twenty one,He speaks French very well.,English,"[""Il parle très bien français.""]"
,Twenty two,He went.,English,"[""Il partit.""]"
,Twenty three,He thinks a lot of things he doesn't say.,English,"[""Il pense beaucoup de choses qu'il ne dit pas.""]"
,Twenty four,He believes being smarter than others.,English,"[""Il pense être plus habile que les autres.""]"
,Twenty five,He could be beaten this evening.,English,"[""Il peut être battu ce soir.""]"
,Twenty six,It's raining heavily tonight.,English,"[""Il pleut des cordes ce soir.""]"
,Twenty seven,It's still raining.,English,"[""Il pleut encore.""]"
,Twenty eight,It's raining.,English,"[""Il pleut.""]"
,Twenty nine,It might rain tonight.,English,"[""Il pleuvrait ce soir.""]"
,Thirty,He was carrying a cane.,English,"[""Il portait une canne.""]"
,Thirty one,It could rain tomorrow.,English,"[""Il pourrait pleuvoir demain.""]"
,Thirty two,It could break.,English,"[""Il pourrait se casser.""]"
,Thirty three,He cared for his kind.,English,"[""Il prenait soin de ses semblables.""]"
,One,He is retiring next spring.,English,"[""Il prend sa retraite au printemps prochain.""]"
,Two,He is gaining momentum.,English,"[""Il prend son élan.""]"
,Three,He looks good.,English,"[""Il présente bien.""]"
,Four,He squeezed the orange to extract juice from it.,English,"[""Il pressa l'orange afin d'en extraire du jus.""]"
,Five,He took a day off.,English,"[""Il prit un jour de congé.""]"
,Six,He watches television.,English,"[""Il regarde la télévision.""]"
,Seven,He's watching TV.,English,"[""Il regarde la TV.""]"
,Eight,He sometimes watches TV.,English,"[""Il regarde parfois la télé.""]"
,Nine,he laid/put the blame on his boss,English,"[""il rejette la faute sur son patron""]"
,Ten,He feels this prize as the supreme glory.,English,"[""Il ressent ce prix comme la gloire suprême.""]"
,Eleven,He stayed here a while.,English,"[""Il resta ici un moment.""]"
,Twelve,There are two things left to finish.,English,"[""Il reste deux tâches à finir.""]"
,Thirteen,He drives a Rolls.,English,"[""Il roule en Rolls""]"
,Fourteen,It was about choosing between the two dukes.,English,"[""Il s'agissait de choisir entre les ducs.""]"
,Sixteen,It's all about a motion of no confidence.,English,"[""Il s'agit d'une motion de censure.""]"
,Seventeen,It is a phrase of two sentences.,English,"[""Il s'agit d'une phrase à double sens.""]"
,Eighteen,It's all about you getting out of there honorably.,English,"[""Il s'agit de vous en tirer honorablement.""]"
,Nineteen,He leans on a cane.,English,"[""Il s'appuie sur une canne.""]"
,Twenty,He approached the throne reverently.,English,"[""Il s'est approché du trône respectueusement.""]"
,Twenty one,He has broken his leg.,English,"[""Il s'est cassé la jambe.""]"
,Twenty two,He contented himself with eating the leftovers.,English,"[""Il s'est contenté de manger les restes.""]"
,Twenty three,On Friday he triumphed over Beat Feuz.,English,"[""Il s'est imposé vendredi devant Beat Feuz.""]"
,Twenty four,He's started smoking again.,English,"[""Il s'est remis à fumer.""]"
,Twenty five,He knows how to make a radio.,English,"[""Il sait comment faire une radio.""]"
,Twenty six,He can play the flute.,English,"[""Il sait jouer de la flûte.""]"
,Twenty seven,He can play the trumpet.,English,"[""Il sait jouer de la trompette.""]"
,Twenty eight,He can read and write.,English,"[""Il sait lire et écrire.""]"
,Twenty nine,He can play tennis very well.,English,"[""Il sait très bien jouer au tennis.""]"
,Thirty,It is getting late.,English,"[""Il se fait tard.""]"
,Thirty one,He gets up early.,English,"[""Il se lève tôt.""]"
,Thirty two,He quickly gets angry.,English,"[""Il se met vite en colère.""]"
,Thirty three,He went to bed early.,English,"[""Il se mit au lit tôt.""]"
,One,He's in good health.,English,"[""Il se porte bien.""]"
,Two,He thinks he is a hero.,English,"[""Il se prend pour un héros.""]"
,Three,He stood in the corner.,English,"[""Il se tenait dans le coin.""]"
,Four,He seems quite happy.,English,"[""Il semble assez content.""]"
,Five,He seems to be happy.,English,"[""Il semble être heureux.""]"
,Six,He seems to be ill.,English,"[""Il semble être malade.""]"
,Seven,He seems to be rich.,English,"[""Il semble être riche.""]"
,Eight,I seem to be lost.,English,"[""Il semble que je sois perdu.""]"
,Nine,It looks very nice.,English,"[""Il semble très agréable.""]"
,Ten,It looks like Jack is sick.,English,"[""Il semblerait que Jack soit malade.""]"
,Eleven,He will be here soon.,English,"[""Il sera bientôt là.""]"
,Twelve,He will be back in a second.,English,"[""Il sera de retour dans une seconde.""]"
,Thirteen,He will be punished.,English,"[""Il sera puni.""]"
,Fourteen,He will be delighted to see you.,English,"[""Il sera ravi de te voir.""]"
,Sixteen,It will always be in my heart.,English,"[""Il sera toujours dans mon cœur.""]"
,Seventeen,He will be very busy next month.,English,"[""Il sera très occupé le mois prochain.""]"
,Eighteen,He will be a very good husband for her.,English,"[""Il sera un très bon mari pour elle.""]"
,Nineteen,He often quotes you.,English,"[""Il te cite souvent.""]"
,Twenty,He gives you the book.,English,"[""Il te donne le livre.""]"
,Twenty one,You have to save the princess.,English,"[""Il te faut sauver la princesse.""]"
,Twenty two,You need to get out of the house more.,English,"[""Il te faut sortir davantage de la maison.""]"
,Twenty three,You have to hold back.,English,"[""Il te faut te retenir.""]"
,Twenty four,he keeps his word,English,"[""il tient parole""]"
,Twenty five,He keeps a journal in English.,English,"[""Il tient un journal en anglais.""]"
,Twenty six,He keeps a diary.,English,"[""Il tient un journal intime.""]"
,Twenty seven,He fell backwards.,English,"[""Il tomba à la renverse.""]"
,Twenty eight,He fell back.,English,"[""Il tomba en arrière.""]"
,Twenty nine,He works on the farm from morning to night.,English,"[""Il travaille à la ferme du matin au soir.""]"
,Thirty,He barely works.,English,"[""Il travaille à peine.""]"
,Thirty one,He works for an advertising agency.,English,"[""Il travaille pour une agence de publicité.""]"
,Thirty two,It will definitely rain.,English,"[""Il va certainement pleuvoir.""]"
,Thirty three,He is going to celebrate his 40th anniversary tomorrow.,English,"[""Il va fêter son quarantième anniversaire demain.""]"
,One,He will regret it.,English,"[""Il va le regretter.""]"
,Two,He's coming to my house tonight.,English,"[""Il va venir chez moi ce soir.""]"
,Three,He will come in a moment.,English,"[""Il va venir dans un instant.""]"
,Four,Prevention is better than cure.,English,"[""Il vaut mieux prévenir que guérir.""]"
,Five,the wind is blowing,English,"[""il vente / ça souffle""]"
,Six,He wants to drink something cold.,English,"[""Il veut boire quelque chose de froid.""]"
,Seven,He wants to study music and dance.,English,"[""Il veut étudier la musique et la danse.""]"
,Eight,He wants to spend time with his son.,English,"[""Il veut passer du temps avec son fils.""]"
,Nine,He wants to save the planet.,English,"[""Il veut sauver la planète.""]"
,Ten,He wants to get a new dictionary.,English,"[""Il veut se procurer un nouveau dictionnaire.""]"
,Eleven,He always wants to have the last word.,English,"[""Il veut toujours avoir le dernier mot.""]"
,Twelve,He wants an apple.,English,"[""Il veut une pomme.""]"
,Thirteen,He wants to live closer to nature.,English,"[""Il veut vivre plus près de la nature.""]"
,Fourteen,He might come.,English,"[""Il viendra peut-être.""]"
,Sixteen,He comes at noon.,English,"[""Il vient à midi.""]"
,Seventeen,He comes here twice a week.,English,"[""Il vient ici deux fois par semaine.""]"
,Eighteen,He comes here once a month.,English,"[""Il vient ici une fois par mois.""]"
,Nineteen,He lives on the top of the hill.,English,"[""Il vit au sommet de la colline.""]"
,Twenty,He lives in the suburbs of London.,English,"[""Il vit dans la banlieue de Londres.""]"
,Twenty one,You will have to pay double.,English,"[""Il vous faudra payer le double.""]"
,Twenty two,You have to be ready for anything.,English,"[""Il vous faut être prêt à tout.""]"
,Twenty three,You have to deal with all that noise.,English,"[""Il vous faut faire avec tout ce bruit.""]"
,Twenty four,You have to think about your family.,English,"[""Il vous faut penser à votre famille.""]"
,Twenty five,You have to take care of my jacket.,English,"[""Il vous faut prendre soin de ma veste.""]"
,Twenty six,You have to take care of yourself.,English,"[""Il vous faut prendre soin de vous.""]"
,Twenty seven,You need a job.,English,"[""Il vous faut un boulot.""]"
,Twenty eight,There are a lot of people in the park.,English,"[""Il y a beaucoup de gens dans le parc.""]"
,Twenty nine,There is a lot of work to be done.,English,"[""Il y a beaucoup de travail à faire.""]"
,Thirty,There are certainly a few points that merit consideration.,English,"[""Il y a certainement quelques points qui méritent réflexion.""]"
,Thirty one,There's some beer to drink.,English,"[""Il y a de la bière à boire.""]"
,Thirty two,There are many things to do.,English,"[""Il y a de nombreuses choses à faire.""]"
,Thirty three,There are flowers around the castle.,English,"[""Il y a des fleurs autour du château.""]"
,One,There is still much to learn.,English,"[""Il y a encore beaucoup à apprendre.""]"
,Two,There has been a misunderstanding.,English,"[""Il y a eu un malentendu.""]"
,Three,There is a restaurant here.,English,"[""Il y a ici un restaurant.""]"
,Four,There is a witness there.,English,"[""Il y a là un témoin.""]"
,Five,There's no need to panic.,English,"[""Il y a pas besoin de paniquer.""]"
,Six,There are plenty of things to do.,English,"[""Il y a plein de choses à faire.""]"
,Seven,There are a few books on the desk.,English,"[""Il y a quelques livres sur le bureau.""]"
,Eight,There is often fog in the morning.,English,"[""Il y a souvent du brouillard le matin.""]"
,Nine,There is enough bread for all of you.,English,"[""Il y a suffisamment de pain pour vous tous.""]"
,Ten,There are so many people here tonight.,English,"[""Il y a tellement de gens ici ce soir.""]"
,Eleven,There is an antidote.,English,"[""Il y a un antidote.""]"
,Twelve,There is a bus stop nearby.,English,"[""Il y a un arrêt de bus pas loin.""]"
,Thirteen,There is a desk in the corner of the room.,English,"[""Il y a un bureau dans un coin de la pièce.""]"
,Fourteen,There is a bus every fifteen minutes.,English,"[""Il y a un bus toutes les quinze minutes.""]"
,Sixteen,There is a cat under the desk.,English,"[""Il y a un chat sous le bureau.""]"
,Seventeen,There is a castle in my town.,English,"[""Il y a un château dans ma ville.""]"
,Eighteen,There is a path through the fields.,English,"[""Il y a un chemin à travers les champs.""]"
,Nineteen,There is a man at the door.,English,"[""Il y a un homme à la porte.""]"
,Twenty,There is a book on the table.,English,"[""Il y a un livre sur la table.""]"
,Twenty one,There is a message for you.,English,"[""Il y a un message pour toi.""]"
,Twenty two,There is an urgent message for you.,English,"[""Il y a un message urgent pour vous.""]"
,Twenty three,There is a package for you on the table.,English,"[""Il y a un paquet pour vous sur la table.""]"
,Twenty four,There is a small garden in front of my house.,English,"[""Il y a un petit jardin devant ma maison.""]"
,Twenty five,There is a bit of wind.,English,"[""Il y a un peu de vent.""]"
,Twenty six,There is a problem?,English,"[""Il y a un problème ?""]"
,Twenty seven,There is a bag on the desk.,English,"[""Il y a un sac sur le bureau.""]"
,Twenty eight,There is a telephone in my room.,English,"[""Il y a un téléphone dans ma chambre.""]"
,Twenty nine,There is a time for everything.,English,"[""Il y a un temps pour tout.""]"
,Thirty,There is a traitor among us.,English,"[""Il y a un traître parmi nous.""]"
,Thirty one,There is a vase on the table.,English,"[""Il y a un vase sur la table.""]"
,Thirty two,There is another matter we need to discuss.,English,"[""Il y a une autre question dont nous devons discuter.""]"
,Thirty three,There is a bank in front of the station.,English,"[""Il y a une banque en face de la gare.""]"
,One,There is a gas leak.,English,"[""Il y a une fuite de gaz.""]"
,Two,his/her account is highly fictional,English,"[""il y a une grande part de fiction dans son récit""]"
,Three,There is a mass of dark clouds in the sky.,English,"[""Il y a une masse de nuages noirs dans le ciel.""]"
,Four,There is an apple on the table.,English,"[""Il y a une pomme sur la table.""]"
,Five,There is a possibility of war.,English,"[""Il y a une possibilité de guerre.""]"
,Six,There is a subtle difference between the two words.,English,"[""Il y a une subtile différence entre les deux mots.""]"
,Seven,There were a lot of people at the concert.,English,"[""Il y avait beaucoup de monde au concert.""]"
,Eight,There were two cakes.,English,"[""Il y avait deux gâteaux.""]"
,Nine,There was thunder and lightning last night.,English,"[""Il y avait du tonnerre et des éclairs la nuit dernière.""]"
,Ten,There were only six people at the meeting.,English,"[""Il y avait seulement six personnes à la réunion.""]"
,Eleven,There was a ton of pressure on him.,English,"[""Il y avait sur lui une tonne de pression.""]"
,Twelve,There was a cat on the table.,English,"[""Il y avait un chat sur la table.""]"
,Thirteen,There was a witness.,English,"[""Il y avait un témoin.""]"
,Fourteen,How many of them are there?,English,"[""Il y en a combien ?""]"
,Sixteen,He went there by bicycle.,English,"[""Il y est allé en bicyclette.""]"
,Seventeen,They had a boat.,English,"[""Ils avaient un bateau.""]"
,Eighteen,They are running now.,English,"[""Ils courent maintenant.""]"
,Nineteen,They must defeat their opponents.,English,"[""Ils doivent bloquer ses adversaires.""]"
,Twenty,They were busy.,English,"[""Ils étaient occupés.""]"
,Twenty one,They were all in uniform.,English,"[""Ils étaient tous en uniforme.""]"
,Twenty two,They were all gone.,English,"[""Ils étaient tous partis.""]"
,Twenty three,They only looked relieved when he was moving.,English,"[""Ils eurent un air soulagé seulement quand il fut en mouvement.""]"
,Twenty four,They grow oranges in California.,English,"[""Ils font pousser des oranges en Californie.""]"
,Twenty five,They make a salad.,English,"[""Ils font une salade.""]"
,Twenty six,They live next door.,English,"[""Ils habitent à côté.""]"
,Twenty seven,They play chess.,English,"[""Ils jouent aux échecs.""]"
,Twenty eight,They deserve it.,English,"[""Ils le méritent.""]"
,Twenty nine,They deserve respect.,English,"[""Ils méritent le respect.""]"
,Thirty,They are not dead.,English,"[""Ils ne sont pas morts.""]"
,Thirty one,They called for an end to the fight.,English,"[""Ils ont appelé à mettre fin au combat.""]"
,Thirty two,They sang right.,English,"[""Ils ont chanté juste.""]"
,Thirty three,They are in trouble.,English,"[""Ils ont des ennuis.""]"
,One,They have binoculars.,English,"[""Ils ont des jumelles.""]"
,Two,They must have had an accident.,English,"[""Ils ont dû avoir un accident.""]"
,Three,They had a discussion.,English,"[""Ils ont eu une discussion.""]"
,Four,They had an argument.,English,"[""Ils ont eu une dispute.""]"
,Five,They had a meeting.,English,"[""Ils ont eu une réunion.""]"
,Six,They did a good job.,English,"[""Ils ont fait du bon boulot.""]"
,Seven,They had a good hunt.,English,"[""Ils ont fait une bonne chasse.""]"
,Eight,They have the same taste in music.,English,"[""Ils ont le même goût musical.""]"
,Nine,They lied.,English,"[""Ils ont menti.""]"
,Ten,They spoke several hours before going to sleep.,English,"[""Ils ont parlé plusieurs heures avant d'aller se coucher.""]"
,Eleven,They lost.,English,"[""Ils ont perdu.""]"
,Twelve,They have few books.,English,"[""Ils ont peu de livres.""]"
,Thirteen,They have four courses in the morning.,English,"[""Ils ont quatre cours le matin.""]"
,Fourteen,they resuscitated the dog,English,"[""ils ont ressuscité le chien""]"
,Sixteen,They resuscitated the dog.,English,"[""Ils ont ressuscité le chien.""]"
,Seventeen,They re-found the treasure they had buried.,English,"[""Ils ont retrouvé le trésor qu'ils avaient enterré.""]"
,Eighteen,They laughed.,English,"[""Ils ont ri.""]"
,Nineteen,They all spoke.,English,"[""Ils ont tous parlé.""]"
,Twenty,They crossed the border.,English,"[""Ils ont traversé la frontière.""]"
,Twenty one,They voted.,English,"[""Ils ont voté.""]"
,Twenty two,They think it is a toy.,English,"[""Ils pensent que c'est un jouet.""]"
,Twenty three,They are risking a prison sentence.,English,"[""Ils risquent une peine de prison.""]"
,Twenty four,They drive on the left in England.,English,"[""Ils roulent à gauche en Angleterre.""]"
,Twenty five,They already know.,English,"[""Ils savent déjà.""]"
,Twenty six,They kissed.,English,"[""Ils se sont embrassés.""]"
,Twenty seven,They squeezed together to make room for him.,English,"[""Ils se sont serrés pour lui faire une place.""]"
,Twenty eight,They were holding hands.,English,"[""Ils se tenaient les mains.""]"
,Twenty nine,They are mine.,English,"[""Ils sont à moi.""]"
,Thirty,They went to the zoo.,English,"[""Ils sont allés au zoo.""]"
,Thirty one,They are in the garden.,English,"[""Ils sont au jardin.""]"
,Thirty two,They are with me.,English,"[""Ils sont avec moi.""]"
,Thirty three,They are beautiful!,English,"[""Ils sont beaux ! Elles sont belles !""]"
,One,They are singers.,English,"[""Ils sont chanteurs.""]"
,Two,They are courageous.,English,"[""Ils sont courageux.""]"
,Three,They are outside.,English,"[""Ils sont dehors.""]"
,Four,They are in class.,English,"[""Ils sont en classe.""]"
,Five,They are in favor of your plan.,English,"[""Ils sont en faveur de ton plan.""]"
,Six,They are burning a heap of leaves.,English,"[""Ils sont en train de brûler un tas de feuilles mortes.""]"
,Seven,They are furious with you.,English,"[""Ils sont furieux après vous.""]"
,Eight,They are dumb.,English,"[""Ils sont idiots.""]"
,Nine,They are unnecessary.,English,"[""Ils sont inutiles.""]"
,Ten,They are jealous of us.,English,"[""Ils sont jaloux de nous.""]"
,Eleven,They are just for you.,English,"[""Ils sont juste pour toi.""]"
,Twelve,They are there.,English,"[""Ils sont là.""]"
,Thirteen,they got into the car,English,"[""ils sont montés dans la voiture""]"
,Fourteen,They got into the car.,English,"[""Ils sont montés dans la voiture.""]"
,Sixteen,They fell.,English,"[""Ils sont tombés.""]"
,Seventeen,They are still together.,English,"[""Ils sont toujours ensemble.""]"
,Eighteen,They have all arrived.,English,"[""Ils sont tous arrivés.""]"
,Nineteen,They are both in the room.,English,"[""Ils sont tous deux dans la pièce.""]"
,Twenty,They are very busy.,English,"[""Ils sont très occupés.""]"
,Twenty one,They are too fat.,English,"[""Ils sont trop gras.""]"
,Twenty two,They want peace.,English,"[""Ils veulent la paix.""]"
,Twenty three,They live in peace.,English,"[""Ils vivent en paix.""]"
,Twenty four,They are going to like it.,English,"[""Ils vont aimer cela.""]"
,Twenty five,They will be back soon.,English,"[""Ils vont bientôt revenir.""]"
,Twenty six,Irene is faithful to her husband.,English,"[""Irène est fidèle à son mari.""]"
,Twenty seven,I buy a baguette every day.,English,"[""J'achète une baguette tous les jours.""]"
,Twenty eight,I admire his efforts.,English,"[""J'admire ses efforts.""]"
,Twenty nine,I admire your bravery.,English,"[""J'admire votre bravoure.""]"
,Thirty,I admire your determination.,English,"[""J'admire votre détermination.""]"
,Thirty one,I admire your talent.,English,"[""J'admire votre talent.""]"
,Thirty two,I love this scarf.,English,"[""J'adore cette écharpe.""]"
,Thirty three,I love to cook.,English,"[""J'adore cuisiner.""]"
,One,I love to fish.,English,"[""J'adore pêcher.""]"
,Two,I love to travel.,English,"[""J'adore voyager.""]"
,Three,I have to talk to you.,English,"[""J'ai à vous parler.""]"
,Four,I heard the news yesterday evening.,English,"[""J'ai appris la nouvelle hier soir.""]"
,Five,I stopped smoking.,English,"[""J'ai arrêté de fumer.""]"
,Six,I'm hot. I feel hot,English,"[""J'ai chaud.""]"
,Seven,I left the political party after the chaos of the last election.,English,"[""J'ai décroché du parti après le chaos de la dernière élection.""]"
,Eight,I had to wait less than ten minutes.,English,"[""J'ai dû attendre moins de dix minutes.""]"
,Nine,I have trouble imagining that.,English,"[""J'ai du mal à m'imaginer ça.""]"
,Ten,I'm hungry.,English,"[""J'ai faim.""]"
,Eleven,I finally bought the toy.,English,"[""J'ai finalement acheté le jouet.""]"
,Twelve,I'm cold.,English,"[""J'ai froid.""]"
,Thirteen,I ejaculated on the bed sheet.,English,"[""J'ai joui sur le drap.""]"
,Fourteen,I've got a crush on her.,English,"[""J'ai le béguin pour elle.""]"
,Sixteen,I have the right to sleep.,English,"[""J'ai le droit de dormir.""]"
,Seventeen,I have a headache.,English,"[""J'ai mal à la tête.""]"
,Eighteen,I ate some meat for dinner.,English,"[""J'ai mangé de la viande pour le souper.""]"
,Nineteen,I brought up the cases.,English,"[""J'ai monté les valises.""]"
,Twenty,I opened my umbrella because it was raining.,English,"[""J'ai ouvert mon parapluie car il pleuvait.""]"
,Twenty one,I have spoken.,English,"[""J'ai parlé.""]"
,Twenty two,I don't have any time.,English,"[""J'ai pas de temps.""]"
,Twenty three,I vacuumed the living room.,English,"[""J'ai passé l'aspirateur dans le salon.""]"
,Twenty four,I spent the holidays in Spain.,English,"[""J'ai passé les vacances en Espagne.""]"
,Twenty five,I had a great evening at your place.,English,"[""J'ai passé une splendide soirée chez toi.""]"
,Twenty six,I thought I was going to die.,English,"[""J'ai pensé mourir.""]"
,Twenty seven,I lent my television to Paul.,English,"[""J'ai prêté ma télévision à Paul.""]"
,Twenty eight,I wiped off the map,English,"[""J'ai rayé de la carte.""]"
,Twenty nine,I refused to shake his/her hand.,English,"[""J'ai refusé de lui serrer la main.""]"
,Thirty,I paid for this purchase in cash.,English,"[""J'ai réglé cet achat en espèces.""]"
,Thirty one,I met up with my old friend by the lake.,English,"[""J'ai retrouvé mon ancien ami au bord du lac.""]"
,Thirty two,I passed the exam that I took in April.,English,"[""J'ai réussi l'examen que j'avais passé en avril.""]"
,Thirty three,I passed all my exams,English,"[""J'ai réussi tous mes examens""]"
,One,I risked my life for you.,English,"[""J'ai risqué ma vie pour toi.""]"
,Two,I have thirteen cats.,English,"[""J'ai treize chats.""]"
,Three,I have eaten too much.,English,"[""J'ai trop mangé.""]"
,Four,I've got a gift for you.,English,"[""J'ai un cadeau pour toi.""]"
,Five,I have an exam the day after my wedding,English,"[""J'ai un examen le lendemain de mon mariage""]"
,Six,I have a weakness for Schubert.,English,"[""J'ai un faible pour Schubert.""]"
,Seven,I used this plate.,English,"[""J'ai utilisé cette assiette.""]"
,Eight,I like this model.,English,"[""J'aime ce mannequin.""]"
,Nine,I like this seat.,English,"[""J'aime ce siège.""]"
,Ten,I like this album.,English,"[""J'aime cet album.""]"
,Eleven,I like to draw.,English,"[""J'aime dessiner.""]"
,Twelve,I like listening to the recent news in the morning.,English,"[""J'aime écouter les nouvelles fraîches du matin.""]"
,Thirteen,I like to write with a fountain pen.,English,"[""J'aime écrire au stylo à plume.""]"
,Fourteen,I also like to cook.,English,"[""J'aime également cuisiner.""]"
,Sixteen,I also like to paint.,English,"[""J'aime également peindre.""]"
,Seventeen,I love to teach.,English,"[""J'aime enseigner.""]"
,Eighteen,I like the color orange.,English,"[""J'aime la couleur orange.""]"
,Nineteen,I like French cooking.,English,"[""J'aime la cuisine française.""]"
,Twenty,I like the challenge.,English,"[""J'aime le défi.""]"
,Twenty one,I like honey.,English,"[""J'aime le miel.""]"
,Twenty two,I like salmon.,English,"[""J'aime le saumon.""]"
,Twenty three,I like dogs that are quiet.,English,"[""J'aime les chiens qui sont calmes.""]"
,Twenty four,I like to paint too.,English,"[""J'aime peindre aussi.""]"
,Twenty five,I like to dream.,English,"[""J'aime rêver.""]"
,Twenty six,I like her/his girlfriend.,English,"[""J'aime son amie.""]"
,Twenty seven,I like to travel.,English,"[""J'aime voyager.""]"
,Twenty eight,I would like to have 20 dollars.,English,"[""J'aimerais avoir 20 dollars.""]"
,Twenty nine,I'd like that.,English,"[""J'aimerais ça.""]"
,Thirty,I appreciate the gesture.,English,"[""J'apprécie le geste.""]"
,Thirty one,I deeply appreciate your kindness.,English,"[""J'apprécie profondément votre gentillesse.""]"
,Thirty two,I appreciate your enthusiasm.,English,"[""J'apprécie ton enthousiasme.""]"
,Thirty three,I attach a lot of importance to his opinions.,English,"[""J'attache énormément d'importance à ses opinions.""]"
,One,I'm waiting for my cousin at the station.,English,"[""J'attends mon cousin à la gare.""]"
,Two,I fully intend to solve this issue once and for all.,English,"[""J'entends bien régler cette question une bonne fois pour toutes.""]"
,Three,I intend to leave tomorrow morning,English,"[""J'envisage de partir demain matin""]"
,Four,I hope to participate.,English,"[""J'espère participer.""]"
,Five,I hope he doesn't believe what he is saying.,English,"[""J'espère qu'il ne pense pas ce qu'il dit.""]"
,Six,I hope it won't be raining tomorrow,English,"[""j'espère qu'il ne pleuvra pas demain""]"
,Seven,I hope he will come soon.,English,"[""J'espère qu'il viendra bientôt.""]"
,Eight,I hope you are well.,English,"[""J'espère que tu vas bien.""]"
,Nine,I hope to succeed.,English,"[""J'espère réussir.""]"
,Ten,I hope for quick success,English,"[""J'espère un succès rapide.""]"
,Eleven,I was furious.,English,"[""J'étais furieux.""]"
,Twelve,I was a passenger.,English,"[""J'étais passager.""]"
,Thirteen,I was sarcastic.,English,"[""J'étais sarcastique.""]"
,Fourteen,I was so tired those days that I didn't have the energy to write to you.,English,"[""J'étais si fatigué ces jours-ci que je n'avais pas le courage de vous écrire.""]"
,Sixteen,I was sober.,English,"[""J'étais sobre.""]"
,Seventeen,I was living with him.,English,"[""J'habitais avec lui.""]"
,Eighteen,I live in Paris.,English,"[""J'habite à Paris.""]"
,Nineteen,I live three kilometers from here.,English,"[""J'habite à trois kilomètres d'ici.""]"
,Twenty,I live in England.,English,"[""J'habite en Angleterre.""]"
,Twenty one,I live just nearby.,English,"[""J'habite tout près.""]"
,Twenty two,I insist on this.,English,"[""J'insiste sur cela.""]"
,Twenty three,I prohibit that.,English,"[""J'interdis cela.""]"
,Twenty four,I will go to the store.,English,"[""J'irai au magasin.""]"
,Twenty five,I don't wanna work.,English,"[""J'veux pas travailler.""]"
,Twenty six,Jack made a lot of mistakes in his composition.,English,"[""Jack a fait beaucoup de fautes dans sa composition.""]"
,Twenty seven,Jack is on his way to success this time around.,English,"[""Jack est en chemin pour le succès cette fois-ci.""]"
,Twenty eight,I have never seen such a large whale.,English,"[""Jamais n'ai-je vu baleine aussi grande.""]"
,Twenty nine,Jane was about to leave the house.,English,"[""Jane était sur le point de quitter la maison.""]"
,Thirty,I drink alcohol because I need of it.,English,"[""Je bois de l'alcool parce que j'en ai besoin""]"
,Thirty one,I will sing.,English,"[""Je chanterai.""]"
,Thirty two,I was looking for the key.,English,"[""Je cherchais la clef.""]"
,Thirty three,I'm looking for a job.,English,"[""Je cherche du travail.""]"
,One,I'm looking for the manager.,English,"[""Je cherche le gérant.""]"
,Two,I choose this.,English,"[""Je choisis ceci.""]"
,Three,I'm just getting started.,English,"[""Je commence à peine.""]"
,Four,I am starting to think that you are serious.,English,"[""Je commence à penser que tu es sérieux.""]"
,Five,I will start.,English,"[""Je commencerai.""]"
,Six,I understand how you feel.,English,"[""Je comprends ce que tu ressens.""]"
,Seven,I understand the rule.,English,"[""Je comprends la règle.""]"
,Eight,I understand.,English,"[""Je comprends.""]"
,Nine,I intend to become an engineer.,English,"[""Je compte devenir ingénieur.""]"
,Ten,I plan to stay with my uncle.,English,"[""Je compte rester chez mon oncle.""]"
,Eleven,I will drive.,English,"[""Je conduirai.""]"
,Twelve,I know this part of the city well.,English,"[""Je connais bien cette partie de la ville.""]"
,Thirteen,I know the subject well.,English,"[""Je connais bien le sujet.""]"
,Fourteen,I know this boy.,English,"[""Je connais ce garçon.""]"
,Sixteen,I know this neighborhood.,English,"[""Je connais ce quartier.""]"
,Seventeen,I know these women.,English,"[""Je connais ces femmes.""]"
,Eighteen,I know this song.,English,"[""Je connais cette chanson.""]"
,Nineteen,I know this girl.,English,"[""Je connais cette fille.""]"
,Twenty,I know this story.,English,"[""Je connais cette histoire.""]"
,Twenty one,I know the solution.,English,"[""Je connais la solution.""]"
,Twenty two,I know the truth.,English,"[""Je connais la vérité.""]"
,Twenty three,I know the name of this animal.,English,"[""Je connais le nom de cet animal.""]"
,Twenty four,I know the poem by heart.,English,"[""Je connais le poème par cœur.""]"
,Twenty five,I know his address.,English,"[""Je connais son adresse.""]"
,Twenty six,I know your kind.,English,"[""Je connais ton genre.""]"
,Twenty seven,I know your father.,English,"[""Je connais ton père.""]"
,Twenty eight,I know your face.,English,"[""Je connais ton visage.""]"
,Twenty nine,I know a good place to have dinner.,English,"[""Je connais un bon endroit pour dîner.""]"
,Thirty,I know a little French.,English,"[""Je connais un peu de français.""]"
,Thirty one,I know a shortcut.,English,"[""Je connais un raccourci.""]"
,Thirty two,I run twice a week.,English,"[""Je cours deux fois par semaine.""]"
,Thirty three,I fear that the lake is cold.,English,"[""Je crains que le lac ne soit froid.""]"
,One,I fear not.,English,"[""Je crains que non.""]"
,Two,I believe in this story.,English,"[""Je crois à cette histoire.""]"
,Three,I believe in the virtue of getting up early.,English,"[""Je crois à la vertu de se lever tôt.""]"
,Four,I believe in destiny.,English,"[""Je crois au destin.""]"
,Five,I believe in God.,English,"[""Je crois en Dieu.""]"
,Six,I believe in god.,English,"[""Je crois en Dieu.""]"
,Seven,I believe in you.,English,"[""Je crois en toi.""]"
,Eight,I think she left.,English,"[""Je crois qu'elle est partie.""]"
,Nine,I think he is innocent.,English,"[""Je crois qu'il est innocent.""]"
,Ten,I think the choice is obvious.,English,"[""Je crois que le choix est évident.""]"
,Eleven,I think we have already seen this film.,English,"[""Je crois que nous avons déjà vu ce film.""]"
,Twelve,I think we talked on the phone.,English,"[""Je crois que nous avons parlé au téléphone.""]"
,Thirteen,I think we've seen enough.,English,"[""Je crois que nous en avons vu assez.""]"
,Fourteen,I think you like your job.,English,"[""Je crois que tu aimes ton métier.""]"
,Sixteen,I believe you have my umbrella.,English,"[""Je crois que vous avez mon parapluie.""]"
,Seventeen,I'm cooking right now.,English,"[""Je cuisine en ce moment.""]"
,Eighteen,I have lunch at noon.,English,"[""Je déjeune à midi.""]"
,Nineteen,I depend on you.,English,"[""Je dépends de toi.""]"
,Twenty,I want to go to England.,English,"[""Je désire aller en Angleterre.""]"
,Twenty one,I want a chair.,English,"[""Je désire une chaise.""]"
,Twenty two,I want to see my father.,English,"[""Je désire voir mon père.""]"
,Twenty three,I hate that.,English,"[""Je déteste ça.""]"
,Twenty four,I hate to be late.,English,"[""Je déteste être en retard.""]"
,Twenty five,I hate Halloween.,English,"[""Je déteste Halloween.""]"
,Twenty six,I hate chemistry.,English,"[""Je déteste la chimie.""]"
,Twenty seven,I hate football.,English,"[""Je déteste le football.""]"
,Twenty eight,I hate beans.,English,"[""Je déteste les haricots.""]"
,Twenty nine,I can tell by your face that you have some good news.,English,"[""Je devine à ton visage que tu as de bonnes nouvelles.""]"
,Thirty,I should tell you something.,English,"[""Je devrais te dire quelque chose.""]"
,Thirty one,I should tell you something.,English,"[""Je devrais vous dire quelque chose.""]"
,Thirty two,I should congratulate you.,English,"[""Je devrais vous féliciter.""]"
,Thirty three,I must admit that I am curious.,English,"[""Je dois admettre que je suis curieux.""]"
,One,I have to go to a meeting.,English,"[""Je dois aller à une réunion.""]"
,Two,I have to go buy a newspaper.,English,"[""Je dois aller acheter un journal.""]"
,Three,I have to leave soon.,English,"[""Je dois bientôt partir.""]"
,Four,I owe two months rent for my room.,English,"[""Je dois deux mois de loyer pour ma chambre.""]"
,Five,I have to buy one.,English,"[""Je dois en acheter un.""]"
,Six,I have to be home by midnight.,English,"[""Je dois être rentré chez moi pour minuit.""]"
,Seven,I have to study.,English,"[""Je dois étudier.""]"
,Eight,I have to do this before class.,English,"[""Je dois faire ça avant les cours.""]"
,Nine,I have to do my best.,English,"[""Je dois faire de mon mieux.""]"
,Ten,I have to hide.,English,"[""Je dois me cacher.""]"
,Eleven,I have to go to the police station.,English,"[""Je dois me rendre au poste de police.""]"
,Twelve,I have to clean the bathroom.,English,"[""Je dois nettoyer la salle de bain.""]"
,Thirteen,I must obey.,English,"[""Je dois obéir.""]"
,Fourteen,I have to leave tomorrow morning.,English,"[""Je dois partir demain matin.""]"
,Sixteen,I have to go now.,English,"[""Je dois partir maintenant.""]"
,Seventeen,I have to leave early to catch the train.,English,"[""Je dois partir tôt pour attraper le train.""]"
,Eighteen,I have to make another call.,English,"[""Je dois passer un autre appel.""]"
,Nineteen,I have to make another call.,English,"[""Je dois passer un autre coup de fil.""]"
,Twenty,I need to make a phone call.,English,"[""Je dois passer un coup de téléphone.""]"
,Twenty one,I have to pay the rent.,English,"[""Je dois payer le loyer.""]"
,Twenty two,I have to take medicine.,English,"[""Je dois prendre des médicaments.""]"
,Twenty three,I must have my lunch.,English,"[""Je dois prendre mon déjeuner.""]"
,Twenty four,I have to cut my spending this month.,English,"[""Je dois réduire mes dépenses ce mois-ci.""]"
,Twenty five,I have to go home.,English,"[""Je dois rentrer chez moi.""]"
,Twenty six,I have to ask you something.,English,"[""Je dois te demander quelque chose.""]"
,Twenty seven,I need to tell you about this.,English,"[""Je dois te parler de ceci.""]"
,Twenty eight,I need to talk to you about something.,English,"[""Je dois te parler de quelque chose.""]"
,Twenty nine,I have to find my key.,English,"[""Je dois trouver ma clef.""]"
,Thirty,I have to find a new job.,English,"[""Je dois trouver un nouveau travail.""]"
,Thirty one,I have to come on Monday.,English,"[""Je dois venir le lundi.""]"
,Thirty two,I have to ask you something.,English,"[""Je dois vous demander quelque chose.""]"
,Thirty three,I have to take your pulse.,English,"[""Je dois vous prendre le pouls.""]"
,One,I have to go there in person.,English,"[""Je dois y aller en personne.""]"
,Two,I have to go.,English,"[""Je dois y aller.""]"
,Three,I do this once a week.,English,"[""Je fais ça une fois par semaine.""]"
,Four,I'm cooking the meal. / I cook the meal.,English,"[""Je fais cuire le repas.""]"
,Five,I run errands every two days.,English,"[""Je fais des courses tous les deux jours.""]"
,Six,I play sports every day.,English,"[""Je fais du sport tous les jours.""]"
,Seven,I still do that from time to time.,English,"[""Je fais encore ça de temps en temps.""]"
,Eight,I clean.,English,"[""Je fais le ménage.""]"
,Nine,I shop.,English,"[""Je fais les courses.""]"
,Ten,I'm doing my homework.,English,"[""Je fais mon devoir.""]"
,Eleven,I show patience.,English,"[""Je fais montre de patience.""]"
,Twelve,I am part of the theater club.,English,"[""Je fais partie du club de théâtre.""]"
,Thirteen,I'll pack my suitcase.,English,"[""Je ferai ma valise.""]"
,Fourteen,I'll pack my bag.,English,"[""Je ferai mon sac.""]"
,Sixteen,I will make a reservation.,English,"[""Je ferai une réservation.""]"
,Seventeen,I earn 10 euros an hour.,English,"[""Je gagne 10 euros de l'heure.""]"
,Eighteen,I always keep a dictionary handy.,English,"[""Je garde toujours un dictionnaire à portée de main.""]"
,Nineteen,I played tennis when I was a student.,English,"[""Je jouais au tennis quand j'étais étudiant.""]"
,Twenty,I was playing tennis.,English,"[""Je jouais au tennis.""]"
,Twenty one,I play baseball.,English,"[""Je joue au baseball.""]"
,Twenty two,I play tennis from time to time.,English,"[""Je joue au tennis de temps en temps.""]"
,Twenty three,I play video games.,English,"[""Je joue aux jeux vidéo.""]"
,Twenty four,I play in a group.,English,"[""Je joue dans un groupe.""]"
,Twenty five,I play a little piano.,English,"[""Je joue un peu de piano.""]"
,Twenty six,I swear to God that this is true.,English,"[""Je jure devant Dieu que cela est vrai.""]"
,Twenty seven,I bought it the same day,English,"[""Je l'ai acheté le même jour""]"
,Twenty eight,I fucked her because I hate her.,English,"[""Je l'ai baisée parce que je la déteste.""]"
,Twenty nine,I wiped it off the board.,English,"[""Je l'ai rayé du tableau.""]"
,Thirty,I jumped her on my bed.,English,"[""Je l'ai sautée sur mon lit.""]"
,Thirty one,I saw him cheating during the test.,English,"[""Je l'ai vu tricher pendant le devoir surveillé.""]"
,Thirty two,I also like it very much.,English,"[""Je l'aime également beaucoup.""]"
,Thirty three,I had done it beforehand.,English,"[""Je l'avais fait avant.""]"
,One,I have known her for five years.,English,"[""Je la connais depuis cinq ans.""]"
,Two,I have known her since my childhood.,English,"[""Je la connais depuis mon enfance.""]"
,Three,I know her very well.,English,"[""Je la connais très bien.""]"
,Four,I looked at her.,English,"[""Je la regardais.""]"
,Five,I leave that to your imagination.,English,"[""Je laisse cela à votre imagination.""]"
,Six,I give up.,English,"[""Je laisse tomber.""]"
,Seven,I know him by name.,English,"[""Je le connais de nom.""]"
,Eight,I know it by heart.,English,"[""Je le connais par cœur.""]"
,Nine,I know him very well.,English,"[""Je le connais très bien.""]"
,Ten,I know him.,English,"[""Je le connais.""]"
,Eleven,I do it for my family.,English,"[""Je le fais pour ma famille.""]"
,Twelve,I always do it.,English,"[""Je le fais toujours.""]"
,Thirteen,I still do.,English,"[""Je le fais toujours.""]"
,Fourteen,I do it all the time!,English,"[""Je le fais tout le temps !""]"
,Sixteen,I do this once a year.,English,"[""Je le fais une fois par an.""]"
,Seventeen,I will do it.,English,"[""Je le ferai.""]"
,Eighteen,I will finish it before tomorrow afternoon.,English,"[""Je le finirai avant demain après-midi.""]"
,Nineteen,I think so too.,English,"[""Je le pense aussi.""]"
,Twenty,I take it.,English,"[""Je le prends.""]"
,Twenty one,I promise.,English,"[""Je le promets.""]"
,Twenty two,I will watch it.,English,"[""Je le regarderai.""]"
,Twenty three,I knew it.,English,"[""Je le savais.""]"
,Twenty four,I don't want it,English,"[""Je le veux pas""]"
,Twenty five,I want it more than anything in the world.,English,"[""Je le veux plus que tout au monde.""]"
,Twenty six,I rarely see him.,English,"[""Je le vois rarement.""]"
,Twenty seven,I took them by surprise.,English,"[""Je les ai pris par surprise.""]"
,Twenty eight,I know them.,English,"[""Je les connais.""]"
,Twenty nine,I see them.,English,"[""Je les vois.""]"
,Thirty,I asked them to repair my car.,English,"[""Je leur ai demandé de réparer ma voiture.""]"
,Thirty one,I tell them not to move.,English,"[""Je leur dis de ne pas bouger.""]"
,Thirty two,I read comics.,English,"[""Je lis des bandes dessinées.""]"
,Thirty three,I read books.,English,"[""Je lis des livres.""]"
,One,I often read books.,English,"[""Je lis souvent des livres.""]"
,Two,I bought him a tie.,English,"[""Je lui ai acheté une cravate.""]"
,Three,I bought him a clock.,English,"[""Je lui ai acheté une horloge.""]"
,Four,I bought her a doll.,English,"[""Je lui ai acheté une poupée.""]"
,Five,I have caused him injury.,English,"[""Je lui ai causé des dommages.""]"
,Six,I asked him where I could park my car.,English,"[""Je lui ai demandé où je pourrais garer ma voiture.""]"
,Seven,I told him to come the next day.,English,"[""Je lui ai dit de venir le jour suivant.""]"
,Eight,I told him to come and visit us.,English,"[""Je lui ai dit de venir nous rendre visite.""]"
,Nine,I told him to come see us.,English,"[""Je lui ai dit de venir nous voir.""]"
,Ten,I told him what the problem was.,English,"[""Je lui ai dit quel était le problème.""]"
,Eleven,I told him what to do.,English,"[""Je lui ai dit quoi faire.""]"
,Twelve,I gave the book to him/her.,English,"[""Je lui ai donné le livre.""]"
,Thirteen,I gave him some books.,English,"[""Je lui ai donné quelques livres.""]"
,Fourteen,I gave him a book.,English,"[""Je lui ai donné un livre.""]"
,Sixteen,I made him carry the suitcase.,English,"[""Je lui ai fait porter la valise.""]"
,Seventeen,I had him repair the radio.,English,"[""Je lui ai fait réparer la radio.""]"
,Eighteen,I showed him my room.,English,"[""Je lui ai montré ma chambre.""]"
,Nineteen,I lent him a CD.,English,"[""Je lui ai prêté un CD.""]"
,Twenty,I offered to have sex with her. No luck!,English,"[""Je lui ai proposé la botte. En vain !""]"
,Twenty one,I gave him his book back.,English,"[""Je lui ai rendu son livre.""]"
,Twenty two,I called him.,English,"[""Je lui ai téléphoné.""]"
,Twenty three,I found him a job.,English,"[""Je lui ai trouvé un travail.""]"
,Twenty four,I will give him a pen.,English,"[""Je lui donnerai un stylo.""]"
,Twenty five,I'll give him a pen.,English,"[""Je lui donnerai un stylo.""]"
,Twenty six,I took her arm.,English,"[""Je lui pris le bras.""]"
,Twenty seven,I visit him every two days.,English,"[""Je lui rends visite tous les deux jours.""]"
,Twenty eight,I expected worse.,English,"[""Je m'attendais à pire.""]"
,Twenty nine,I'm checking in at the hotel.,English,"[""Je m'enregistre à l'hôtel.""]"
,Thirty,I get along well with her.,English,"[""Je m'entends bien avec elle.""]"
,Thirty one,I get along very well with your cousin.,English,"[""Je m'entends très bien avec ton cousin.""]"
,Thirty two,I eat a lot of meat.,English,"[""Je mange beaucoup de viande.""]"
,Thirty three,I eat a lot.,English,"[""Je mange beaucoup.""]"
,One,I eat meat almost every day.,English,"[""Je mange de la viande presque tous les jours.""]"
,Two,I eat fruit.,English,"[""Je mange des fruits.""]"
,Three,I'm eating chocolate.,English,"[""Je mange du chocolat.""]"
,Four,I eat here every day.,English,"[""Je mange ici tous les jours.""]"
,Five,I eat a sandwich.,English,"[""Je mange un sandwich.""]"
,Six,I eat.,English,"[""Je mange.""]"
,Seven,I will eat here.,English,"[""Je mangerai ici.""]"
,Eight,I'm a bit short of space.,English,"[""Je manque d'espace.""]"
,Nine,I lack practice.,English,"[""Je manque de pratique.""]"
,Ten,I don't have enough time.,English,"[""Je manque de temps.""]"
,Eleven,I'm still walking.,English,"[""Je marche toujours.""]"
,Twelve,I walk every day.,English,"[""Je marche tous les jours.""]"
,Thirteen,I consider myself lucky.,English,"[""Je me considère chanceux.""]"
,Fourteen,I am content with very little money.,English,"[""Je me contente de très peu d'argent.""]"
,Sixteen,I wonder what this sentence means.,English,"[""Je me demande ce que veut dire cette phrase.""]"
,Seventeen,I wonder which of the runners will finish first.,English,"[""Je me demande lequel des coureurs finira premier.""]"
,Eighteen,I wonder where she went.,English,"[""Je me demande où elle est partie.""]"
,Nineteen,I wonder who this lady was.,English,"[""Je me demande qui était cette dame.""]"
,Twenty,I wonder what to do for lunch.,English,"[""Je me demande quoi faire pour le déjeuner.""]"
,Twenty one,I wonder if this rumor is true.,English,"[""Je me demande si cette rumeur est vraie.""]"
,Twenty two,I wonder if she'll be alone.,English,"[""Je me demande si elle sera seule.""]"
,Twenty three,I'm in a hurry.,English,"[""Je me dépêche.""]"
,Twenty four,I remember it.,English,"[""Je me le rappelle.""]"
,Twenty five,I am called Gus.,English,"[""Je me nomme Gus.""]"
,Twenty six,I am feeling better.,English,"[""Je me porte mieux.""]"
,Twenty seven,I will attend the meeting.,English,"[""Je me présenterai à la réunion.""]"
,Twenty eight,I remember this feeling.,English,"[""Je me rappelle ce sentiment.""]"
,Twenty nine,I remember the warmth of his arms.,English,"[""Je me rappelle la chaleur de ses bras.""]"
,Thirty,I feel good this morning.,English,"[""Je me sens bien ce matin.""]"
,Thirty one,I feel like in a dream.,English,"[""Je me sens comme en rêve.""]"
,Thirty two,I feel like a new man.,English,"[""Je me sens comme un homme nouveau.""]"
,Thirty three,I feel happy.,English,"[""Je me sens heureux.""]"
,One,I feel lonely.,English,"[""Je me sens seul.""]"
,Two,I feel relieved.,English,"[""Je me sens soulagé.""]"
,Three,I feel old.,English,"[""Je me sens vieux.""]"
,Four,I felt very happy.,English,"[""Je me sentais très heureux.""]"
,Five,I bought myself a small car.,English,"[""Je me suis acheté une petite voiture.""]"
,Six,I lay down on my bed.,English,"[""Je me suis allongé sur mon lit.""]"
,Seven,I had fun.,English,"[""Je me suis amusé.""]"
,Eight,I sat down next to him.,English,"[""Je me suis assis à côté de lui.""]"
,Nine,I've gotten very attached to this pet.,English,"[""Je me suis beaucoup attaché à cet animal.""]"
,Ten,I burnt myself on a light bulb.,English,"[""Je me suis brûlé avec une ampoule.""]"
,Eleven,I broke my leg.,English,"[""Je me suis cassé la jambe.""]"
,Twelve,I corrected myself.,English,"[""Je me suis corrigé moi-même.""]"
,Thirteen,I corrected myself.,English,"[""Je me suis corrigé tout seul.""]"
,Fourteen,I cut myself with a razor.,English,"[""Je me suis coupé avec un rasoir.""]"
,Sixteen,I locked myself out of my room.,English,"[""Je me suis enfermé dehors.""]"
,Seventeen,I woke up.,English,"[""Je me suis éveillé.""]"
,Eighteen,I got screwed.,English,"[""Je me suis fait avoir.""]"
,Nineteen,I made myself a cup of coffee.,English,"[""Je me suis fait une tasse de café.""]"
,Twenty,I got up around five o'clock.,English,"[""Je me suis levé vers cinq heures.""]"
,Twenty one,I bit my tongue.,English,"[""Je me suis mordu la langue.""]"
,Twenty two,I lost myself.,English,"[""Je me suis perdu.""]"
,Twenty three,I liked it in Paris.,English,"[""Je me suis plu à Paris.""]"
,Twenty four,I caught my hand in the door,English,"[""je me suis pris la main dans la porte""]"
,Twenty five,I woke up on the couch.,English,"[""Je me suis réveillé sur le canapé.""]"
,Twenty six,I woke up.,English,"[""Je me suis réveillé.""]"
,Twenty seven,I felt very embarrassed.,English,"[""Je me suis senti très gêné.""]"
,Twenty eight,I have always fought to survive.,English,"[""Je me suis toujours battu pour survivre.""]"
,Twenty nine,I put on my pants.,English,"[""Je mets mon pantalon.""]"
,Thirty,I'm dying of thirst.,English,"[""Je meurs de soif.""]"
,Thirty one,I have no rooms to rent.,English,"[""Je n'ai aucune chambre à louer.""]"
,Thirty two,I never said I was an artist.,English,"[""Je n'ai jamais dit être un artiste.""]"
,Thirty three,I have never been to a circus.,English,"[""Je n'ai jamais été à un cirque.""]"
,One,I've never tried tobacco.,English,"[""Je n'ai jamais touché au tabac.""]"
,Two,I have never seen my cat act like that.,English,"[""Je n'ai jamais vu mon chat agir comme ça.""]"
,Three,I've never seen such a thing.,English,"[""Je n'ai jamais vu une chose pareille.""]"
,Four,I have never seen such a beautiful flower.,English,"[""Je n'ai jamais vu une fleur aussi belle.""]"
,Five,I haven't finished yet.,English,"[""Je n'ai pas encore fini.""]"
,Six,I don't want to sing.,English,"[""Je n'ai pas envie de chanter.""]"
,Seven,I haven't got the time to do that,English,"[""je n'ai pas le temps de faire ça""]"
,Eight,I don't like the way you speak to me.,English,"[""Je n'aime pas la façon dont tu me parles.""]"
,Nine,I don't like the red one. I'll take the black one instead.,English,"[""Je n'aime pas le rouge. Je prends plutôt le noir.""]"
,Ten,I don't like green tea.,English,"[""Je n'aime pas le thé vert.""]"
,Eleven,I was not there in October.,English,"[""Je n'étais pas là en octobre.""]"
,Twelve,I don't dare tell him the truth.,English,"[""Je n'ose pas lui dire la vérité.""]"
,Thirteen,I swim once a week.,English,"[""Je nage une fois par semaine.""]"
,Fourteen,I never drink beer.,English,"[""Je ne bois jamais de bière.""]"
,Sixteen,I no longer drink before noon.,English,"[""Je ne bois plus avant midi.""]"
,Seventeen,I dont understand this word.,English,"[""Je ne comprends pas ce mot.""]"
,Eighteen,I don't understand how not all girls are lesbians.,English,"[""Je ne comprends pas comment toutes les filles ne sont pas lesbiennes.""]"
,Nineteen,I do not understand.,English,"[""Je ne comprends pas.""]"
,Twenty,I don't think I said that.,English,"[""Je ne crois pas avoir dit ça.""]"
,Twenty one,I don't think this needs to be done,English,"[""je ne crois pas qu'il faille faire cela""]"
,Twenty two,I don't believe this child came to Tokyo alone.,English,"[""Je ne crois pas que cet enfant est venu seul à Tokyo.""]"
,Twenty three,I'm not asking for the moon.,English,"[""Je ne demande pas la lune.""]"
,Twenty four,I never give a speech without being nervous.,English,"[""Je ne fais jamais un discours sans être nerveux.""]"
,Twenty five,I'm just helping out.,English,"[""Je ne fais que donner un coup de main.""]"
,Twenty six,I do not smoke.,English,"[""Je ne fume pas.""]"
,Twenty seven,I've never seen her.,English,"[""Je ne l'ai jamais vue.""]"
,Twenty eight,I did not include it in the calculation.,English,"[""Je ne l'ai pas comptée dans le calcul.""]"
,Twenty nine,I do not take it personally.,English,"[""Je ne le prends pas personnellement.""]"
,Thirty,I did not know.,English,"[""Je ne le savais pas.""]"
,Thirty one,I don't blame them for this.,English,"[""Je ne les blâme pas pour ceci.""]"
,Thirty two,I did not tell them.,English,"[""Je ne leur ai pas dit.""]"
,Thirty three,I didn't give them anything.,English,"[""Je ne leur ai rien donné.""]"
,One,I don't blame them for this.,English,"[""Je ne leur reproche pas ceci.""]"
,Two,I don't read the newspapers too much.,English,"[""Je ne lis pas trop les journaux.""]"
,Three,I eat only fruits.,English,"[""Je ne mange que des fruits.""]"
,Four,I am no longer in.,English,"[""Je ne marche plus.""]"
,Five,I don't remember you at all.,English,"[""Je ne me rappelle pas du tout de vous.""]"
,Six,I no longer remember very well.,English,"[""Je ne me rappelle plus très bien.""]"
,Seven,I don't care about him.,English,"[""Je ne me soucie pas de lui.""]"
,Eight,I don't remember you at all.,English,"[""Je ne me souviens pas du tout de vous.""]"
,Nine,I did not register.,English,"[""Je ne me suis pas inscrit.""]"
,Ten,I don't put sugar in my coffee.,English,"[""Je ne mets pas de sucre dans mon café.""]"
,Eleven,I wouldn't bet on it.,English,"[""Je ne parierais pas là-dessus.""]"
,Twelve,I do not speak English.,English,"[""Je ne parle pas anglais.""]"
,Thirteen,I don't speak your language.,English,"[""Je ne parle pas ta langue.""]"
,Fourteen,I did not expect to be there so early.,English,"[""Je ne pensais pas être là si tôt.""]"
,Sixteen,I didn't imagine you would be mistaken on the sense of my words.,English,"[""Je ne pensais pas que vous vous méprendriez sur le sens de mes paroles.""]"
,Seventeen,I don't think neither well nor badly of this affair.,English,"[""Je ne pense de cette affaire ni bien ni mal.""]"
,Eighteen,I don't think of you that way.,English,"[""Je ne pense pas à vous de cette manière.""]"
,Nineteen,I do not think half of what I am saying.,English,"[""Je ne pense pas la moitié de ce que je dis.""]"
,Twenty,I do not think he was frank with me.,English,"[""Je ne pense pas qu'il était franc avec moi.""]"
,Twenty one,I do not think that is the case.,English,"[""Je ne pense pas que ce soit le cas.""]"
,Twenty two,I don't think that is enough.,English,"[""Je ne pense pas que cela soit assez.""]"
,Twenty three,I don't think this shirt goes with that red tie.,English,"[""Je ne pense pas que cette chemise aille avec cette cravate rouge.""]"
,Twenty four,I don't think John is cut out for this job.,English,"[""Je ne pense pas que John soit fait pour ce travail.""]"
,Twenty five,I can't afford to waste a single yen.,English,"[""Je ne peux me permettre de gaspiller le moindre yen.""]"
,Twenty six,I can not move.,English,"[""Je ne peux pas bouger.""]"
,Twenty seven,I can't understand why you are so critical of her.,English,"[""Je ne peux pas comprendre pourquoi tu es si critique à son égard.""]"
,Twenty eight,I am not allowed to sleep,English,"[""Je ne peux pas dormir""]"
,Twenty nine,I cannot be held responsible.,English,"[""Je ne peux pas être tenu responsable.""]"
,Thirty,I can't stand him.,English,"[""Je ne peux pas l'encaisser.""]"
,Thirty one,I can't read this.,English,"[""Je ne peux pas lire ceci.""]"
,Thirty two,I can't eat more.,English,"[""Je ne peux pas manger davantage.""]"
,Thirty three,I can't eat meat.,English,"[""Je ne peux pas manger de viande.""]"
,One,I can't do without a cup of coffee in the morning.,English,"[""Je ne peux pas me passer du café le matin.""]"
,Two,I can't forget his kindness.,English,"[""Je ne peux pas oublier sa gentillesse.""]"
,Three,I can't leave.,English,"[""Je ne peux pas partir.""]"
,Four,I can't slow down.,English,"[""Je ne peux pas ralentir.""]"
,Five,I cannot answer all the questions.,English,"[""Je ne peux pas répondre à toutes les questions.""]"
,Six,I can't tell you who we are.,English,"[""Je ne peux pas te dire qui nous sommes.""]"
,Seven,I can't allow you to do this.,English,"[""Je ne peux pas te permettre de faire ça.""]"
,Eight,I can't help you now.,English,"[""Je ne peux pas vous aider maintenant.""]"
,Nine,I can't tell you who we are.,English,"[""Je ne peux pas vous dire qui nous sommes.""]"
,Ten,I can not go there.,English,"[""Je ne peux pas y aller.""]"
,Eleven,I can't swallow anything more.,English,"[""Je ne peux rien avaler de plus.""]"
,Twelve,I can not do anything.,English,"[""Je ne peux rien faire.""]"
,Thirteen,I cannot see this image without thinking back to my childhood.,English,"[""Je ne peux voir cette image sans repenser à mon enfance.""]"
,Fourteen,I don't make fun of him - he's my senior,English,"[""Je ne plaisante pas avec lui - c'est mon supérieur""]"
,Sixteen,I couldn't control my anger.,English,"[""Je ne pouvais pas contrôler ma colère.""]"
,Seventeen,I do not watch television.,English,"[""Je ne regarde pas la télé.""]"
,Eighteen,I no longer remember his name.,English,"[""Je ne retrouve plus son nom.""]"
,Nineteen,I won't be back for a while.,English,"[""Je ne reviendrai pas avant un moment.""]"
,Twenty,I don't even know how to cook an omelet.,English,"[""Je ne sais même pas cuisiner une omelette.""]"
,Twenty one,I cannot speak French or German.,English,"[""Je ne sais parler ni français ni allemand.""]"
,Twenty two,I am not able to sleep,English,"[""Je ne sais pas dormir""]"
,Twenty three,I don't know what to do yet.,English,"[""Je ne sais pas encore ce que je vais faire.""]"
,Twenty four,I do not know yet.,English,"[""Je ne sais pas encore.""]"
,Twenty five,I don't know where you work.,English,"[""Je ne sais pas où tu travailles.""]"
,Twenty six,I don't know where you work.,English,"[""Je ne sais pas où vous travaillez.""]"
,Twenty seven,I don't know what to do to interest him/her...,English,"[""Je ne sais pas quoi faire pour l'intéresser...""]"
,Twenty eight,I don't know if I can do it.,English,"[""Je ne sais pas si je peux le faire.""]"
,Twenty nine,I do not know.,English,"[""Je ne sais pas trop.""]"
,Thirty,I do not really know.,English,"[""Je ne sais pas vraiment.""]"
,Thirty one,I don't know,English,"[""Je ne sais pas.""]"
,Thirty two,I didn't know what that meant.,English,"[""Je ne savais pas ce que ça voulait dire.""]"
,Thirty three,I did not know.,English,"[""Je ne savais pas.""]"
,One,I will not be home next Sunday.,English,"[""Je ne serai pas chez moi dimanche prochain.""]"
,Two,I have never been to Europe.,English,"[""Je ne suis jamais allé en Europe.""]"
,Three,I am not that cynical.,English,"[""Je ne suis pas cynique à ce point-là.""]"
,Four,I am not dangerous.,English,"[""Je ne suis pas dangereux.""]"
,Five,I am not at all tired.,English,"[""Je ne suis pas du tout fatigué.""]"
,Six,I'm not in shape.,English,"[""Je ne suis pas en forme.""]"
,Seven,I'm not ready yet.,English,"[""Je ne suis pas encore prêt.""]"
,Eight,I am not tired at all.,English,"[""Je ne suis pas fatigué du tout.""]"
,Nine,I am not mean.,English,"[""Je ne suis pas méchant.""]"
,Ten,I'm not mean.,English,"[""Je ne suis pas méchant.""]"
,Eleven,I am not normal.,English,"[""Je ne suis pas normal.""]"
,Twelve,I am not in a hurry.,English,"[""Je ne suis pas pressé.""]"
,Thirteen,I am not satisfied.,English,"[""Je ne suis pas satisfait.""]"
,Fourteen,I'm not alone.,English,"[""Je ne suis pas seul.""]"
,Sixteen,I'm not that quick.,English,"[""Je ne suis pas si rapide.""]"
,Seventeen,I am not a teacher.,English,"[""Je ne suis pas un enseignant.""]"
,Eighteen,I am not a kid.,English,"[""Je ne suis pas un gamin.""]"
,Nineteen,I will never leave you.,English,"[""Je ne te quitterai jamais.""]"
,Twenty,I do not work.,English,"[""Je ne travaille pas.""]"
,Twenty one,I can't find my key.,English,"[""Je ne trouve pas ma clé.""]"
,Twenty two,I can't find anyone to ask.,English,"[""Je ne trouve personne à qui demander.""]"
,Twenty three,I'm not going to risk it.,English,"[""Je ne vais pas le risquer.""]"
,Twenty four,I hardly ever go to museums.,English,"[""Je ne vais quasiment jamais dans des musées.""]"
,Twenty five,I don't want to play.,English,"[""Je ne veux pas jouer.""]"
,Twenty six,I don't want the ring.,English,"[""Je ne veux pas la bague.""]"
,Twenty seven,I only want your love.,English,"[""Je ne veux que ton amour.""]"
,Twenty eight,I don't come here often.,English,"[""Je ne viens pas souvent ici.""]"
,Twenty nine,I can't see anything with my right eye.,English,"[""Je ne vois rien du tout de mon œil droit.""]"
,Thirty,I didn't mean to be rude.,English,"[""Je ne voulais pas être impoli.""]"
,Thirty one,I didn't mean to be rude.,English,"[""Je ne voulais pas être impolie.""]"
,Thirty two,I haven't seen you for weeks.,English,"[""Je ne vous ai pas vu depuis des semaines.""]"
,Thirty three,I haven't seen you for weeks.,English,"[""Je ne vous ai pas vue depuis des semaines.""]"
,One,I haven't seen you for weeks.,English,"[""Je ne vous ai pas vues depuis des semaines.""]"
,Two,I haven't seen you for weeks.,English,"[""Je ne vous ai pas vus depuis des semaines.""]"
,Three,I don't blame you.,English,"[""Je ne vous blâme pas.""]"
,Four,I do not understand you.,English,"[""Je ne vous comprends pas.""]"
,Five,I pay.,English,"[""Je paie.""]"
,Six,I will pay.,English,"[""Je paierai.""]"
,Seven,I bet against him.,English,"[""Je parie contre lui.""]"
,Eight,I bet you know this.,English,"[""Je parie que tu sais ceci.""]"
,Nine,I speak english.,English,"[""Je parle anglais.""]"
,Ten,I am leaving at five.,English,"[""Je pars à cinq heures""]"
,Eleven,I'm going on a trip.,English,"[""Je pars en voyage.""]"
,Twelve,I'm leaving for Vancouver next week to see my sister.,English,"[""Je pars pour Vancouver la semaine prochaine pour voir ma sœur.""]"
,Thirteen,I leave.,English,"[""Je pars.""]"
,Fourteen,I take an exam in January.,English,"[""Je passe un examen en janvier.""]"
,Sixteen,I will pass.,English,"[""Je passerai.""]"
,Seventeen,I pay the phone bill.,English,"[""Je paye la facture de téléphone.""]"
,Eighteen,I considered to visit you yesterday.,English,"[""Je pensais à aller vous voir hier.""]"
,Nineteen,I fancied paying you a visit.,English,"[""Je pensais aller vous voir.""]"
,Twenty,I thought I heard your voice.,English,"[""Je pensais avoir entendu ta voix.""]"
,Twenty one,I thought I saw a ghost.,English,"[""Je pensais avoir vu un fantôme.""]"
,Twenty two,I thought I would never hear that.,English,"[""Je pensais ne jamais entendre ça.""]"
,Twenty three,I thought he was a friend.,English,"[""Je pensais qu'il était de vos amis.""]"
,Twenty four,I thought it was just a metaphor.,English,"[""Je pensais que c'était juste une métaphore.""]"
,Twenty five,I thought it might be useful.,English,"[""Je pensais que ça pourrait être utile.""]"
,Twenty six,I thought I would make breakfast.,English,"[""Je pensais que je ferais le petit-déjeuner.""]"
,Twenty seven,I thought you already had a ticket.,English,"[""Je pensais que tu avais déjà un ticket.""]"
,Twenty eight,I think about you all the time.,English,"[""Je pense à vous tout le temps.""]"
,Twenty nine,I think otherwise.,English,"[""Je pense autrement.""]"
,Thirty,I agree with your view.,English,"[""Je pense comme vous.""]"
,Thirty one,I think I can succeed.,English,"[""Je pense pouvoir réussir.""]"
,Thirty two,I think it's delicious.,English,"[""Je pense que c'est délicieux.""]"
,Thirty three,I think it's exciting.,English,"[""Je pense que c'est excitant.""]"
,One,I think it's fantastic.,English,"[""Je pense que c'est fantastique.""]"
,Two,I think it is reliable.,English,"[""Je pense que c'est fiable.""]"
,Three,I think it's very impressive.,English,"[""Je pense que c'est très impressionnant.""]"
,Four,I think it is very rare.,English,"[""Je pense que c'est très rare.""]"
,Five,I think it's very romantic.,English,"[""Je pense que c'est très romantique.""]"
,Six,I think it helps.,English,"[""Je pense que ça aide.""]"
,Seven,I think it's worth the price.,English,"[""Je pense que ça en vaut le prix.""]"
,Eight,I think it's worth the risk.,English,"[""Je pense que ça vaut le risque.""]"
,Nine,I think what you are doing is dangerous.,English,"[""Je pense que ce que tu fais est dangereux.""]"
,Ten,I think it would be nice.,English,"[""Je pense que ce serait sympa.""]"
,Eleven,I think God is a woman.,English,"[""Je pense que Dieu est une femme.""]"
,Twelve,I think I can fix this.,English,"[""Je pense que je peux réparer ça.""]"
,Thirteen,I think I'll take a vacation this week.,English,"[""Je pense que je prendrai des vacances cette semaine.""]"
,Fourteen,I think the train will arrive soon.,English,"[""Je pense que le train va bientôt arriver.""]"
,Sixteen,I think we are on the right track.,English,"[""Je pense que nous sommes sur la bonne voie.""]"
,Seventeen,I think his life is in danger.,English,"[""Je pense que sa vie est en danger.""]"
,Eighteen,I think everything is under control.,English,"[""Je pense que tout est sous contrôle.""]"
,Nineteen,I think you are wrong.,English,"[""Je pense que tu as tort.""]"
,Twenty,I think you quit.,English,"[""Je pense que tu avais démissionné.""]"
,Twenty one,I think you should go to college.,English,"[""Je pense que tu devrais aller au collège.""]"
,Twenty two,I think you should go to high school.,English,"[""Je pense que tu devrais aller au lycée.""]"
,Twenty three,I think you are drunk.,English,"[""Je pense que tu es ivre.""]"
,Twenty four,I think you are nice.,English,"[""Je pense que tu es sympa.""]"
,Twenty five,I think you are a genius.,English,"[""Je pense que tu es un génie.""]"
,Twenty six,I think you are an idiot.,English,"[""Je pense que tu es un idiot.""]"
,Twenty seven,I think you owe me an explanation.,English,"[""Je pense que tu me dois une explication.""]"
,Twenty eight,I think you are wrong.,English,"[""Je pense que tu te trompes.""]"
,Twenty nine,I think you have done a good job.,English,"[""Je pense que vous avez fait du bon boulot.""]"
,Thirty,I think you have made the right choice.,English,"[""Je pense que vous avez fait le bon choix.""]"
,Thirty one,I think you're right.,English,"[""Je pense que vous avez raison.""]"
,Thirty two,I think you are crazy.,English,"[""Je pense que vous êtes dingue.""]"
,Thirty three,Can I get a receipt?,English,"[""Je peux avoir un reçu ?""]"
,One,I can clearly understand how you feel.,English,"[""Je peux bien comprendre ce que tu ressens.""]"
,Two,I can understand your language.,English,"[""Je peux comprendre ta langue.""]"
,Three,Can I run with you?,English,"[""Je peux courir avec toi ?""]"
,Four,I can hardly walk.,English,"[""Je peux difficilement marcher.""]"
,Five,I can be there in ten minutes.,English,"[""Je peux être là dans dix minutes.""]"
,Six,I can explain this.,English,"[""Je peux expliquer cela.""]"
,Seven,I can do this in less than ten minutes.,English,"[""Je peux faire ça en moins de dix minutes.""]"
,Eight,I can confirm it.,English,"[""Je peux le confirmer.""]"
,Nine,I can do it with one hand.,English,"[""Je peux le faire avec une main.""]"
,Ten,I can do it in half the time.,English,"[""Je peux le faire en la moitié du temps.""]"
,Eleven,I can do it all day.,English,"[""Je peux le faire toute la journée.""]"
,Twelve,I can do it all night.,English,"[""Je peux le faire toute la nuit.""]"
,Thirteen,I can replace it.,English,"[""Je peux le remplacer.""]"
,Fourteen,I can read.,English,"[""Je peux lire.""]"
,Sixteen,Can I eat this apple?,English,"[""Je peux manger cette pomme ?""]"
,Seventeen,I can walk.,English,"[""Je peux marcher.""]"
,Eighteen,I can see myself in the mirror.,English,"[""Je peux me voir dans le miroir.""]"
,Nineteen,I can put things in a box.,English,"[""Je peux mettre des choses dans une boîte.""]"
,Twenty,I can speak French.,English,"[""Je peux parler français.""]"
,Twenty one,I can take a message.,English,"[""Je peux prendre un message.""]"
,Twenty two,Can I take a shower?,English,"[""Je peux prendre une douche ?""]"
,Twenty three,I can almost touch the ceiling.,English,"[""Je peux presque toucher le plafond.""]"
,Twenty four,I can survive this.,English,"[""Je peux survivre à ça.""]"
,Twenty five,Can I give you a lift home?,English,"[""Je peux t'amener chez toi?""]"
,Twenty six,I can teach you the guitar.,English,"[""Je peux t'apprendre la guitare.""]"
,Twenty seven,I can show you the pictures.,English,"[""Je peux te montrer les images.""]"
,Twenty eight,Can I talk to you for a minute?,English,"[""Je peux te parler une minute ?""]"
,Twenty nine,I can see you at 2:30.,English,"[""Je peux te voir à 2:30.""]"
,Thirty,I can come this evening.,English,"[""Je peux venir ce soir.""]"
,Thirty one,I can see the light.,English,"[""Je peux voir la lumière.""]"
,Thirty two,I can see the top of the mountain.,English,"[""Je peux voir le sommet de la montagne.""]"
,Thirty three,I can see their house from here.,English,"[""Je peux voir leur maison d'ici.""]"
,One,Can I see your notebook?,English,"[""Je peux voir ton carnet?""]"
,Two,Can I help you.,English,"[""Je peux vous aider.""]"
,Three,I can wait for you.,English,"[""Je peux vous attendre.""]"
,Four,I can lend you one if you want.,English,"[""Je peux vous en prêter un si vous voulez.""]"
,Five,I can show you the pictures.,English,"[""Je peux vous montrer les photos.""]"
,Six,I still prefer to stay home rather than go out.,English,"[""Je préfère encore rester à la maison plutôt que de sortir.""]"
,Seven,I prefer black.,English,"[""Je préfère le noir.""]"
,Eight,I prefer tea to coffee.,English,"[""Je préfère le thé au café.""]"
,Nine,I prefer dogs.,English,"[""Je préfère les chiens.""]"
,Ten,I prefer to walk rather than take the bus.,English,"[""Je préfère marcher plutôt que de prendre le bus.""]"
,Eleven,I prefer to walk.,English,"[""Je préfère marcher.""]"
,Twelve,I prefer to travel by train rather than by plane.,English,"[""Je préfère voyager en train plutôt que par avion.""]"
,Thirteen,I prefer to travel by train than to fly.,English,"[""Je préfère voyager en train que de voler.""]"
,Fourteen,I'll take your coat.,English,"[""Je prendrai ton manteau.""]"
,Sixteen,I'll have a glass of champagne.,English,"[""Je prendrai une coupe de champagne.""]"
,Seventeen,I take this as a compliment.,English,"[""Je prends cela comme un compliment.""]"
,Eighteen,I take the way to the house.,English,"[""Je prends le chemin de la maison.""]"
,Nineteen,I have breakfast at seven o'clock.,English,"[""Je prends mon petit-déjeuner à sept heures.""]"
,Twenty,I take care of myself.,English,"[""Je prends soin de moi.""]"
,Twenty one,I take a bath every day.,English,"[""Je prends un bain tous les jours.""]"
,Twenty two,I prepare the tea.,English,"[""Je prépare le thé.""]"
,Twenty three,I plan to never get married.,English,"[""Je prévois de ne jamais me marier.""]"
,Twenty four,I took control of the situation.,English,"[""Je pris le contrôle de la situation.""]"
,Twenty five,I took a taxi to the station.,English,"[""Je pris un taxi pour la gare.""]"
,Twenty six,I walk my dog ​​in the park every morning.,English,"[""Je promène mon chien dans le parc tous les matins.""]"
,Twenty seven,I promise to do my best.,English,"[""Je promets de faire de mon mieux.""]"
,Twenty eight,I promise not to sing.,English,"[""Je promets de ne pas chanter.""]"
,Twenty nine,I leave the house every morning before eight o'clock.,English,"[""Je quitte la maison tous les matins avant huit heures.""]"
,Thirty,I bring a pizza home.,English,"[""Je ramène une pizza chez moi.""]"
,Thirty one,I recommend this.,English,"[""Je recommande ceci.""]"
,Thirty two,I refuse to allow it.,English,"[""Je refuse de le permettre.""]"
,Thirty three,I refuse to answer the question.,English,"[""Je refuse de répondre à la question.""]"
,One,I was watching a documentary.,English,"[""Je regardais un documentaire.""]"
,Two,I'm watching TV.,English,"[""Je regarde la télévision.""]"
,Three,I am going home.,English,"[""Je rentre chez moi.""]"
,Four,I respect the elderly.,English,"[""Je respecte les personnes âgées.""]"
,Five,I feel the awareness of duty.,English,"[""Je ressens la conscience du devoir.""]"
,Six,I feel the same as you.,English,"[""Je ressens la même chose que toi.""]"
,Seven,I will stay near the door.,English,"[""Je resterai près de la porte.""]"
,Eight,I'll be back.,English,"[""Je reviendrai.""]"
,Nine,I come back at ten o'clock.,English,"[""Je reviens à dix heures.""]"
,Ten,I'll be back soon.,English,"[""Je reviens bientôt.""]"
,Eleven,I'm living with my mother again.,English,"[""Je revis avec ma mère.""]"
,Twelve,I know how to cook well.,English,"[""Je sais bien cuisiner.""]"
,Thirteen,I know what I want to do.,English,"[""Je sais ce que je veux faire.""]"
,Fourteen,I know what you know.,English,"[""Je sais ce que tu sais.""]"
,Sixteen,I know what you have done.,English,"[""Je sais ce que vous avez fait.""]"
,Seventeen,I know how to do it.,English,"[""Je sais comment le faire.""]"
,Eighteen,I know how to treat a lady.,English,"[""Je sais comment traiter une dame.""]"
,Nineteen,I know how you should feel.,English,"[""Je sais comment tu dois te sentir.""]"
,Twenty,I know how to use this.,English,"[""Je sais comment utiliser ça.""]"
,Twenty one,I know how to cook.,English,"[""Je sais cuisiner.""]"
,Twenty two,I already know how to do this.,English,"[""Je sais déjà comment faire ça.""]"
,Twenty three,I know exactly what I'm going to do.,English,"[""Je sais exactement ce que je vais faire.""]"
,Twenty four,I can play football.,English,"[""Je sais jouer au football.""]"
,Twenty five,I know how to read.,English,"[""Je sais lire.""]"
,Twenty six,I can swim,English,"[""Je sais nager""]"
,Twenty seven,I can swim quickly.,English,"[""Je sais nager rapidement.""]"
,Twenty eight,I can swim.,English,"[""Je sais nager.""]"
,Twenty nine,I know where she is.,English,"[""Je sais où elle est.""]"
,Thirty,I know where the key is.,English,"[""Je sais où est la clef.""]"
,Thirty one,I know why he did this.,English,"[""Je sais pourquoi il a fait ça.""]"
,Thirty two,I know it is an experience.,English,"[""Je sais que c'est une expérience.""]"
,Thirty three,I know it must be a shock.,English,"[""Je sais que ça doit être un choc.""]"
,One,I know I am good enough.,English,"[""Je sais que je suis assez bon.""]"
,Two,I know you have a secret.,English,"[""Je sais que tu as un secret.""]"
,Three,I know you have a girl.,English,"[""Je sais que tu as une nana.""]"
,Four,I know you are telling the truth.,English,"[""Je sais que tu dis la vérité.""]"
,Five,I know you are happy.,English,"[""Je sais que tu es content.""]"
,Six,I know you are smart.,English,"[""Je sais que tu es intelligent.""]"
,Seven,I know you are there.,English,"[""Je sais que tu es là.""]"
,Eight,I know you are the boss.,English,"[""Je sais que tu es le patron.""]"
,Nine,I know you are rich.,English,"[""Je sais que tu es riche.""]"
,Ten,I know you are a spy.,English,"[""Je sais que tu es un espion.""]"
,Eleven,I know you believe me.,English,"[""Je sais que tu me crois.""]"
,Twelve,I know you want to be rich.,English,"[""Je sais que tu veux être riche.""]"
,Thirteen,I know you have taken a lawyer.,English,"[""Je sais que vous avez pris un avocat.""]"
,Fourteen,I know you have a weapon.,English,"[""Je sais que vous avez une arme.""]"
,Sixteen,I know you are on leave.,English,"[""Je sais que vous êtes en congé.""]"
,Seventeen,I know you are rich.,English,"[""Je sais que vous êtes riche.""]"
,Eighteen,I know you want my happiness.,English,"[""Je sais que vous voulez mon bonheur.""]"
,Nineteen,I know what your name is.,English,"[""Je sais quel est votre nom.""]"
,Twenty,I know who the thief is.,English,"[""Je sais qui est le voleur.""]"
,Twenty one,I know who my enemy is.,English,"[""Je sais qui est mon ennemi.""]"
,Twenty two,I know what to do.,English,"[""Je sais quoi faire.""]"
,Twenty three,I can ski.,English,"[""Je sais skier.""]"
,Twenty four,I know.,English,"[""Je sais.""]"
,Twenty five,I'm jumping on my bed.,English,"[""Je saute sur mon lit.""]"
,Twenty six,I knew it was going to be an adventure.,English,"[""Je savais que cela allait être une aventure.""]"
,Twenty seven,I knew you would come.,English,"[""Je savais que tu viendrais.""]"
,Twenty eight,I smell the coffee.,English,"[""Je sens le café.""]"
,Twenty nine,I smell gas.,English,"[""Je sens le gaz.""]"
,Thirty,I feel that something is wrong.,English,"[""Je sens que quelque chose ne va pas.""]"
,Thirty one,I will be in the truck.,English,"[""Je serai dans le camion.""]"
,Thirty two,I will be back at seven o'clock.,English,"[""Je serai de retour à sept heures.""]"
,Thirty three,I will be back at six.,English,"[""Je serai de retour à six heures.""]"
,One,I will be back in about an hour.,English,"[""Je serai de retour dans environ une heure.""]"
,Two,I'll be back in a few minutes.,English,"[""Je serai de retour dans quelques minutes.""]"
,Three,I will be there without delay.,English,"[""Je serai là sans tarder.""]"
,Four,I will be there Monday evening.,English,"[""Je serai là-bas lundi soir.""]"
,Five,I will be more careful.,English,"[""Je serai plus prudent.""]"
,Six,I will be very happy to be able to serve you.,English,"[""Je serai très heureux de pouvoir te servir.""]"
,Seven,I will be very careful.,English,"[""Je serai très prudent.""]"
,Eight,I'll be back soon.,English,"[""Je serai vite de retour.""]"
,Nine,I would be happy to come.,English,"[""Je serais content de venir.""]"
,Ten,I would be happy to cooperate.,English,"[""Je serais ravi de coopérer.""]"
,Eleven,I wish to be rich.,English,"[""Je souhaite être riche.""]"
,Twelve,I want to live in comfort.,English,"[""Je souhaite vivre dans le confort.""]"
,Thirteen,I wish I had a friend like you.,English,"[""Je souhaiterais avoir un ami comme toi.""]"
,Fourteen,I wish I was young.,English,"[""Je souhaiterais être jeune.""]"
,Sixteen,I wish I was a bird.,English,"[""Je souhaiterais être un oiseau.""]"
,Seventeen,I support the motion.,English,"[""Je soutiens la motion.""]"
,Eighteen,I am in prison.,English,"[""Je suis à la prison.""]"
,Nineteen,I'm in London.,English,"[""Je suis à Londres.""]"
,Twenty,I am at your service.,English,"[""Je suis à votre service.""]"
,Twenty one,I'm with you in a moment.,English,"[""Je suis à vous dans un instant.""]"
,Twenty two,I'll be with you in a minute.,English,"[""Je suis à vous dans une minute.""]"
,Twenty three,I'm yours in a second.,English,"[""Je suis à vous dans une seconde.""]"
,Twenty four,I went to the store.,English,"[""Je suis allé au magasin.""]"
,Twenty five,I went to the park this morning.,English,"[""Je suis allé au parc ce matin.""]"
,Twenty six,I went to the supermarket.,English,"[""Je suis allé au supermarché.""]"
,Twenty seven,I went to the zoo.,English,"[""Je suis allé au zoo.""]"
,Twenty eight,I went straight to bed.,English,"[""Je suis allé directement au lit.""]"
,Twenty nine,I went fishing in the river yesterday.,English,"[""Je suis allé pêcher dans la rivière hier.""]"
,Thirty,I went fishing.,English,"[""Je suis allé pêcher.""]"
,Thirty one,I am allergic to corn.,English,"[""Je suis allergique au maïs.""]"
,Thirty two,I am allergic to pollen.,English,"[""Je suis allergique au pollen.""]"
,Thirty three,I am allergic to cats.,English,"[""Je suis allergique aux chats.""]"
,One,I am allergic to dogs.,English,"[""Je suis allergique aux chiens.""]"
,Two,I am American.,English,"[""Je suis américain.""]"
,Three,I'm American.,English,"[""Je suis américain.""]"
,Four,I am armed.,English,"[""Je suis armé.""]"
,Five,I arrived in time for the train.,English,"[""Je suis arrivé à temps pour le train.""]"
,Six,I'm pretty happy with you.,English,"[""Je suis assez content avec toi.""]"
,Seven,I am old enough to live on my own.,English,"[""Je suis assez grand pour vivre par mes propres moyens.""]"
,Eight,I am drawn to him.,English,"[""Je suis attirée par lui.""]"
,Nine,I'm on the phone.,English,"[""Je suis au téléphone.""]"
,Ten,I am with you.,English,"[""Je suis avec vous.""]"
,Eleven,I am blind.,English,"[""Je suis aveugle.""]"
,Twelve,I have a sweet tooth.,English,"[""Je suis bec sucré.""]"
,Thirteen,I am good at singing.,English,"[""Je suis bon en chant.""]"
,Fourteen,I am good at skiing.,English,"[""Je suis bon en ski.""]"
,Sixteen,I am calm.,English,"[""Je suis calme.""]"
,Seventeen,I'm horny.,English,"[""Je suis chaud.""]"
,Eighteen,I am at home.,English,"[""Je suis chez moi.""]"
,Nineteen,I am aware of all of this.,English,"[""Je suis conscient de tout cela.""]"
,Twenty,I'm glad to see you here.,English,"[""Je suis content de te voir ici.""]"
,Twenty one,I am happy.,English,"[""Je suis content.""]"
,Twenty two,I am against war.,English,"[""Je suis contre la guerre.""]"
,Twenty three,I'm tired.,English,"[""Je suis crevé.""]"
,Twenty four,I am curious.,English,"[""Je suis curieux.""]"
,Twenty five,I am in the tub.,English,"[""Je suis dans la baignoire.""]"
,Twenty six,I am in the bathtub.,English,"[""Je suis dans la baignoire.""]"
,Twenty seven,I am in the house.,English,"[""Je suis dans la maison.""]"
,Twenty eight,I am in the car.,English,"[""Je suis dans la voiture.""]"
,Twenty nine,I am in trouble.,English,"[""Je suis dans le pétrin.""]"
,Thirty,I am in a place.,English,"[""Je suis dans un endroit.""]"
,Thirty one,I am from the west coast.,English,"[""Je suis de la côte Ouest.""]"
,Thirty two,I am from Singapore.,English,"[""Je suis de Singapour.""]"
,Thirty three,I'm disappointed.,English,"[""Je suis déçu.""]"
,One,I am already married.,English,"[""Je suis déjà marié.""]"
,Two,I am sorry for this misunderstanding.,English,"[""Je suis désolé pour ce malentendu.""]"
,Three,I am sorry.,English,"[""Je suis désolé.""]"
,Four,I became a director.,English,"[""Je suis devenu directeur.""]"
,Five,I got sick.,English,"[""Je suis devenu malade.""]"
,Six,I have become busy.,English,"[""Je suis devenu occupé.""]"
,Seven,I am available.,English,"[""Je suis disponible.""]"
,Eight,I'm divorced.,English,"[""Je suis divorcé.""]"
,Nine,I'm badass.,English,"[""Je suis dur à cuire.""]"
,Ten,I am a bank employee.,English,"[""Je suis employé de banque.""]"
,Eleven,I'm early.,English,"[""Je suis en avance.""]"
,Twelve,I am on my way to work.,English,"[""Je suis en chemin pour mon travail.""]"
,Thirteen,I am on my way.,English,"[""Je suis en chemin.""]"
,Fourteen,I am in training.,English,"[""Je suis en formation.""]"
,Sixteen,I'm in good shape.,English,"[""Je suis en forme.""]"
,Seventeen,I am late because of the rain.,English,"[""Je suis en retard à cause de la pluie.""]"
,Eighteen,I am late.,English,"[""Je suis en retard.""]"
,Nineteen,I'm reading a book.,English,"[""Je suis en train de lire un livre.""]"
,Twenty,I am lying.,English,"[""Je suis en train de mentir.""]"
,Twenty one,I am losing.,English,"[""Je suis en train de perdre.""]"
,Twenty two,I am on holiday.,English,"[""Je suis en vacances.""]"
,Twenty three,I am alive and in good health.,English,"[""Je suis en vie et en bonne santé.""]"
,Twenty four,I am delighted to meet you.,English,"[""Je suis enchanté de vous rencontrer.""]"
,Twenty five,I am still shocked.,English,"[""Je suis encore sous le choc.""]"
,Twenty six,I am still in shock.,English,"[""Je suis encore sous le choc.""]"
,Twenty seven,I'm exhausted.,English,"[""Je suis épuisé.""]"
,Twenty eight,I am a foreigner here.,English,"[""Je suis étranger ici.""]"
,Twenty nine,I am a student.,English,"[""Je suis étudiant.""]"
,Thirty,I am easy to get along with.,English,"[""Je suis facile à vivre.""]"
,Thirty one,I am tired of watching TV.,English,"[""Je suis fatigué de regarder la télé.""]"
,Thirty two,I'm broke.,English,"[""Je suis fauché.""]"
,Thirty three,I am proud to be part of this project.,English,"[""Je suis fier de faire partie de ce projet.""]"
,One,I am proud of my son.,English,"[""Je suis fier de mon fils.""]"
,Two,I am proud to participate in this project.,English,"[""Je suis fier de participer à ce projet.""]"
,Three,I'm proud of you.,English,"[""Je suis fier de toi.""]"
,Four,I finally managed to repair that door.,English,"[""Je suis finalement arrivé à réparer cette porte.""]"
,Five,I'm a cop.,English,"[""Je suis flic.""]"
,Six,I am good at English,English,"[""Je suis fort en anglais""]"
,Seven,I am strong.,English,"[""Je suis fort.""]"
,Eight,I am French.,English,"[""Je suis français.""]"
,Nine,I am furious with both of you.,English,"[""Je suis furieux contre vous deux.""]"
,Ten,I am frozen.,English,"[""Je suis gelé.""]"
,Eleven,I am cured.,English,"[""Je suis guéri.""]"
,Twelve,I'm a trainee gynecologist.,English,"[""Je suis gynécologue de formation.""]"
,Thirteen,I am happy with what I have.,English,"[""Je suis heureux avec ce que je possède.""]"
,Fourteen,I am happy to see you.,English,"[""Je suis heureux de te voir.""]"
,Sixteen,I am happy to meet you again.,English,"[""Je suis heureux de vous rencontrer à nouveau.""]"
,Seventeen,I am here with a friend.,English,"[""Je suis ici avec un ami.""]"
,Eighteen,I'm here to see the manager.,English,"[""Je suis ici pour voir le gérant.""]"
,Nineteen,I have never been here before.,English,"[""Je suis jamais venu ici auparavant.""]"
,Twenty,I am Japanese.,English,"[""Je suis Japonais.""]"
,Twenty one,I'm just another man.,English,"[""Je suis juste un autre homme.""]"
,Twenty two,I have been there for a year.,English,"[""Je suis là depuis un an.""]"
,Twenty three,I have been there for an hour.,English,"[""Je suis là depuis une heure.""]"
,Twenty four,I am here to protect you.,English,"[""Je suis là pour te protéger.""]"
,Twenty five,I am here to help you.,English,"[""Je suis là pour vous aider.""]"
,Twenty six,I am the captain of this boat.,English,"[""Je suis le capitaine de ce bateau.""]"
,Twenty seven,I am the captain.,English,"[""Je suis le capitaine.""]"
,Twenty eight,I am the leader of this team.,English,"[""Je suis le chef de cette équipe.""]"
,Twenty nine,I am the surgeon.,English,"[""Je suis le chirurgien.""]"
,Thirty,I am the tallest in the class.,English,"[""Je suis le plus grand de la classe.""]"
,Thirty one,I am the teacher.,English,"[""Je suis le professeur.""]"
,Thirty two,I am the second of three children.,English,"[""Je suis le second de trois enfants.""]"
,Thirty three,I am the only robot around here.,English,"[""Je suis le seul robot dans ce coin.""]"
,One,I'm free now.,English,"[""Je suis libre maintenant.""]"
,Two,I am far from home.,English,"[""Je suis loin de chez moi.""]"
,Three,I am loyal.,English,"[""Je suis loyal.""]"
,Four,I am skinny.,English,"[""Je suis maigrichon.""]"
,Five,I'm badly off.,English,"[""Je suis mal barré.""]"
,Six,I am sick.,English,"[""Je suis malade.""]"
,Seven,I am a doctor.,English,"[""Je suis médecin.""]"
,Eight,I am a member of this music club.,English,"[""Je suis membre de ce club de musique.""]"
,Nine,I am slim.,English,"[""Je suis mince.""]"
,Ten,I'm wet.,English,"[""Je suis mouillé.""]"
,Eleven,I was born on a boat.,English,"[""Je suis né sur un bateau.""]"
,Twelve,I'm busy.,English,"[""Je suis occupé.""]"
,Thirteen,I am an orphan.,English,"[""Je suis orphelin.""]"
,Fourteen,I'm up for a game of chess.,English,"[""Je suis partante pour une partie d'échecs.""]"
,Sixteen,I went.,English,"[""Je suis parti.""]"
,Seventeen,I'm going hunting and y'all need to behave yourselves.,English,"[""Je suis partie à la chasse et faut vous autres se comportes bien.""]"
,Eighteen,I went by the post office this morning,English,"[""je suis passé par la poste ce matin""]"
,Nineteen,I came by to say hello.,English,"[""Je suis passé pour dire bonjour.""]"
,Twenty,I am taller than you.,English,"[""Je suis plus grand que toi.""]"
,Twenty one,I am older than him.,English,"[""Je suis plus vieux que lui.""]"
,Twenty two,I am so to speak happy.,English,"[""Je suis pour ainsi dire heureux.""]"
,Twenty three,I am almost ready.,English,"[""Je suis presque prêt.""]"
,Twenty four,I'm ready!,English,"[""Je suis prêt !""]"
,Twenty five,I'm ready.,English,"[""Je suis prêt.""]"
,Twenty six,I am a teacher.,English,"[""Je suis professeur.""]"
,Twenty seven,I am deeply offended by this.,English,"[""Je suis profondément offensé par ceci.""]"
,Twenty eight,I am almost ready.,English,"[""Je suis quasiment prêt.""]"
,Twenty nine,I am reasonable.,English,"[""Je suis raisonnable.""]"
,Thirty,I am delighted.,English,"[""Je suis ravi.""]"
,Thirty one,I came back to myself.,English,"[""Je suis rentré en moi-même.""]"
,Thirty two,I was the first to get home.,English,"[""Je suis rentré le premier à la maison.""]"
,Thirty three,I remained at home.,English,"[""Je suis resté à la maison.""]"
,One,I stayed.,English,"[""Je suis resté.""]"
,Two,I have returned with him.,English,"[""Je suis revenu avec lui.""]"
,Three,I'm drunk.,English,"[""Je suis saoul.""]"
,Four,I am satisfied.,English,"[""Je suis satisfait.""]"
,Five,I am sensitive.,English,"[""Je suis sensible.""]"
,Six,I'm serious.,English,"[""Je suis sérieux.""]"
,Seven,I am alone.,English,"[""Je suis seul.""]"
,Eight,I am just tired.,English,"[""Je suis simplement fatigué.""]"
,Nine,I am sincere.,English,"[""Je suis sincère.""]"
,Ten,I have been sober for three years.,English,"[""Je suis sobre depuis trois ans.""]"
,Eleven,I am sober.,English,"[""Je suis sobre.""]"
,Twelve,I came out of school.,English,"[""Je suis sorti de l'école.""]"
,Thirteen,I am drunk.,English,"[""Je suis soûl.""]"
,Fourteen,I am strict.,English,"[""Je suis strict.""]"
,Sixteen,I am sure of his name.,English,"[""Je suis sûr de son nom.""]"
,Seventeen,I am on the balcony.,English,"[""Je suis sur le balcon.""]"
,Eighteen,I'm on the start.,English,"[""Je suis sur le départ.""]"
,Nineteen,I am about to leave.,English,"[""Je suis sur le point de partir.""]"
,Twenty,I am sure I can do it.,English,"[""Je suis sûr que je peux le faire.""]"
,Twenty one,I'm sure we can fix this.,English,"[""Je suis sûr que nous pouvons arranger ça.""]"
,Twenty two,I am on.,English,"[""Je suis sûr.""]"
,Twenty three,I am terribly sorry.,English,"[""Je suis terriblement désolé.""]"
,Twenty four,I am shy.,English,"[""Je suis timide.""]"
,Twenty five,I fell.,English,"[""Je suis tombé.""]"
,Twenty six,I am your boss.,English,"[""Je suis ton chef.""]"
,Twenty seven,I am your partner.,English,"[""Je suis ton partenaire.""]"
,Twenty eight,I am always busy.,English,"[""Je suis toujours occupé.""]"
,Twenty nine,I'm all alone.,English,"[""Je suis tout seul.""]"
,Thirty,I am calm.,English,"[""Je suis tranquille.""]"
,Thirty one,I am very tired.,English,"[""Je suis très fatigué.""]"
,Thirty two,I am very happy with your decision.,English,"[""Je suis très heureux de ta décision.""]"
,Thirty three,I am very happy to see you again.,English,"[""Je suis très heureux de te revoir.""]"
,One,I am very happy now.,English,"[""Je suis très heureux maintenant.""]"
,Two,I am very honored to meet you.,English,"[""Je suis très honoré de vous rencontrer.""]"
,Three,I'm very busy these days!,English,"[""Je suis très occupé ces temps-ci !""]"
,Four,I am very sensitive to heat.,English,"[""Je suis très sensible à la chaleur.""]"
,Five,I am very serious.,English,"[""Je suis très sérieux.""]"
,Six,I am too much your friend to think of harming you.,English,"[""Je suis trop de vos amis pour avoir pensé à vous nuire.""]"
,Seven,I am an agent.,English,"[""Je suis un agent.""]"
,Eight,I'm an artist.,English,"[""Je suis un artiste.""]"
,Nine,I am a citizen of the world.,English,"[""Je suis un citoyen du monde.""]"
,Ten,I am a runner.,English,"[""Je suis un coureur.""]"
,Eleven,I am a foreigner here.,English,"[""Je suis un étranger ici.""]"
,Twelve,Here I am a foreigner.,English,"[""Je suis un étranger.""]"
,Thirteen,I am a student of this school.,English,"[""Je suis un étudiant de cette école.""]"
,Fourteen,I am a hero.,English,"[""Je suis un héros.""]"
,Sixteen,I am a free man.,English,"[""Je suis un homme libre.""]"
,Seventeen,I am a lonely man.,English,"[""Je suis un homme solitaire.""]"
,Eighteen,I am a man.,English,"[""Je suis un homme.""]"
,Nineteen,I am a monk.,English,"[""Je suis un moine.""]"
,Twenty,I am a patient.,English,"[""Je suis un patient.""]"
,Twenty one,I'm a little drunk.,English,"[""Je suis un peu bourrée.""]"
,Twenty two,I'm a bit tired.,English,"[""Je suis un peu fatigué.""]"
,Twenty three,I am a little busy.,English,"[""Je suis un peu occupé.""]"
,Twenty four,I am a salesperson.,English,"[""Je suis un vendeur.""]"
,Twenty five,I am a big football fan.,English,"[""Je suis une grande fan de football.""]"
,Twenty six,I am a single mother.,English,"[""Je suis une mère célibataire.""]"
,Twenty seven,I'm lucky.,English,"[""Je suis veinard.""]"
,Twenty eight,I came on foot from the station.,English,"[""Je suis venu à pied de la station.""]"
,Twenty nine,I came here to learn.,English,"[""Je suis venu ici pour apprendre.""]"
,Thirty,I came here to study.,English,"[""Je suis venu ici pour étudier.""]"
,Thirty one,I came here to give you a present.,English,"[""Je suis venu ici pour te faire un cadeau.""]"
,Thirty two,I came here to save you.,English,"[""Je suis venu ici pour te sauver.""]"
,Thirty three,I came to wash my hands.,English,"[""Je suis venu me laver les mains.""]"
,One,I am your boss.,English,"[""Je suis votre chef.""]"
,Two,I am your neighbor.,English,"[""Je suis votre voisin.""]"
,Three,I guess it's a joke.,English,"[""Je suppose que c'est une blague.""]"
,Four,I guess it is a possibility.,English,"[""Je suppose que c'est une possibilité.""]"
,Five,I caught you in the act.,English,"[""Je t'ai surprise en flagrant délit.""]"
,Six,I authorize you to go.,English,"[""Je t'autorise à y aller.""]"
,Seven,I beg you.,English,"[""Je t'en supplie.""]"
,Eight,I will send you the calendar.,English,"[""Je t'enverrai le calendrier.""]"
,Nine,I consider you my best friend.,English,"[""Je te considère comme mon meilleur ami.""]"
,Ten,I believe you.,English,"[""Je te crois.""]"
,Eleven,I owe you all my success.,English,"[""Je te dois tout mon succès.""]"
,Twelve,I give you my word.,English,"[""Je te donne ma parole.""]"
,Thirteen,I give you an opportunity.,English,"[""Je te donne une occasion.""]"
,Fourteen,I'll give you a book.,English,"[""Je te donnerai un livre.""]"
,Sixteen,I love you like crazy!,English,"[""Je te kiffe grave !""]"
,Seventeen,I'll call you back later.,English,"[""Je te rappellerai plus tard.""]"
,Eighteen,I suggest you do this in October.,English,"[""Je te suggère de faire ça en octobre.""]"
,Nineteen,I suggest you tell me the truth.,English,"[""Je te suggère de me dire la vérité.""]"
,Twenty,I am very grateful for your advice.,English,"[""Je te suis très reconnaissant pour ton conseil.""]"
,Twenty one,I will follow you wherever you go.,English,"[""Je te suivrai partout où tu iras.""]"
,Twenty two,I want you!,English,"[""Je te veux !""]"
,Twenty three,I live you.,English,"[""Je te vis.""]"
,Twenty four,I can see you,English,"[""Je te vois""]"
,Twenty five,I will keep my promise.,English,"[""Je tiendrai ma promesse.""]"
,Twenty six,I will shoot.,English,"[""Je tirerai.""]"
,Twenty seven,I work at the post office.,English,"[""Je travaille à la poste.""]"
,Twenty eight,I work a lot.,English,"[""Je travaille beaucoup.""]"
,Twenty nine,I work in a zoo.,English,"[""Je travaille dans un zoo.""]"
,Thirty,I work on a farm.,English,"[""Je travaille dans une ferme.""]"
,Thirty one,I work at a gas station.,English,"[""Je travaille dans une station-service.""]"
,Thirty two,I work from 8 o'clock to noon.,English,"[""Je travaille de huit heures à midi.""]"
,Thirty three,I have worked here for several years.,English,"[""Je travaille ici depuis plusieurs années.""]"
,One,I work here.,English,"[""Je travaille ici.""]"
,Two,I am working more at the moment.,English,"[""Je travaille plus en ce moment.""]"
,Three,I work for a travel agency.,English,"[""Je travaille pour une agence de voyage.""]"
,Four,I am working on a new song.,English,"[""Je travaille sur une nouvelle chanson.""]"
,Five,I work at different times every day.,English,"[""Je travaille tous les jours à des heures différentes.""]"
,Six,I work every day except Sunday.,English,"[""Je travaille tous les jours sauf le dimanche.""]"
,Seven,I work.,English,"[""Je travaille.""]"
,Eight,I will work alone.,English,"[""Je travaillerai seul.""]"
,Nine,I find that curious.,English,"[""Je trouve cela curieux.""]"
,Ten,I find the concept of this site really good.,English,"[""Je trouve le concept de ce site vraiment très bien.""]"
,Eleven,I think you are a really nice guy.,English,"[""Je trouve que tu es vraiment un gars sympa.""]"
,Twelve,I am going home now.,English,"[""Je vais à la maison maintenant.""]"
,Thirteen,I'm going to the station.,English,"[""Je vais à la station.""]"
,Fourteen,I am going to Paris.,English,"[""Je vais à Paris.""]"
,Sixteen,I will buy this one.,English,"[""Je vais acheter celui-ci.""]"
,Seventeen,I will go to the store.,English,"[""Je vais aller au magasin.""]"
,Eighteen,I'll go get your coat.,English,"[""Je vais aller chercher votre manteau.""]"
,Nineteen,I'll go to your house tomorrow.,English,"[""Je vais aller chez toi demain.""]"
,Twenty,I'm going to go take a nap.,English,"[""Je vais aller faire une sieste.""]"
,Twenty one,I will call the chief.,English,"[""Je vais appeler le chef.""]"
,Twenty two,I'll wait in the car.,English,"[""Je vais attendre dans la voiture.""]"
,Twenty three,I go to the movies from time to time.,English,"[""Je vais au cinéma de temps en temps.""]"
,Twenty four,I go to bed.,English,"[""Je vais au lit.""]"
,Twenty five,I go to a restaurant every other day.,English,"[""Je vais au restaurant tous les deux jours.""]"
,Twenty six,I go to the restaurant every other day.,English,"[""Je vais au restaurant tous les deux jours.""]"
,Twenty seven,I cycle to work.,English,"[""Je vais au travail à bicyclette.""]"
,Twenty eight,I go to work by train every day.,English,"[""Je vais au travail en train tous les jours.""]"
,Twenty nine,I'm going to need you.,English,"[""Je vais avoir besoin de toi.""]"
,Thirty,I am fine now.,English,"[""Je vais bien maintenant.""]"
,Thirty one,I'm fine.,English,"[""Je vais bien.""]"
,Thirty two,I go to the hairdresser once a month.,English,"[""Je vais chez le coiffeur une fois par mois.""]"
,Thirty three,I am going to sleep.,English,"[""Je vais dormir.""]"
,One,I will write a letter.,English,"[""Je vais écrire une lettre.""]"
,Two,I will choose one.,English,"[""Je vais en choisir un.""]"
,Three,I will be your lawyer.,English,"[""Je vais être ton avocat.""]"
,Four,I'll be your lawyer.,English,"[""Je vais être ton avocat.""]"
,Five,I will be very frank with you.,English,"[""Je vais être très franc avec toi.""]"
,Six,I will be very honest with you.,English,"[""Je vais être très honnête avec toi.""]"
,Seven,I'll be your lawyer.,English,"[""Je vais être votre avocat.""]"
,Eight,I will do this in the morning.,English,"[""Je vais faire ça dans la matinée.""]"
,Nine,I'm going to make you a man.,English,"[""Je vais faire de toi un homme.""]"
,Ten,I'm going to make bread.,English,"[""Je vais faire du pain.""]"
,Eleven,I'm going shopping.,English,"[""Je vais faire les courses.""]"
,Twelve,I'm going to make some coffee.,English,"[""Je vais faire un peu de café.""]"
,Thirteen,I will ignore this.,English,"[""Je vais ignorer ça.""]"
,Fourteen,I'm going to play tennis this afternoon.,English,"[""Je vais jouer au tennis cet après-midi.""]"
,Sixteen,I'll wash the dishes.,English,"[""Je vais laver les plats.""]"
,Seventeen,I will do it.,English,"[""Je vais le faire.""]"
,Eighteen,I will keep it with me.,English,"[""Je vais le garder avec moi.""]"
,Nineteen,I will regret it.,English,"[""Je vais le regretter.""]"
,Twenty,I will transform it into a house.,English,"[""Je vais le transformer en une maison.""]"
,Twenty one,I will see him tomorrow.,English,"[""Je vais le voir demain.""]"
,Twenty two,I will see them this evening.,English,"[""Je vais les voir ce soir.""]"
,Twenty three,I will take care of this client.,English,"[""Je vais m'occuper de ce client.""]"
,Twenty four,I'm going to change.,English,"[""Je vais me changer.""]"
,Twenty five,I'll dip my toes in the water.,English,"[""Je vais me tremper les doigts de pied.""]"
,Twenty six,I'm better.,English,"[""Je vais mieux.""]"
,Twenty seven,I'm going to be on television.,English,"[""Je vais passer à la télévision.""]"
,Twenty eight,I will spend the night here.,English,"[""Je vais passer la nuit ici.""]"
,Twenty nine,I'll have the main dish with dessert set meal.,English,"[""Je vais prendre la formule plat-dessert.""]"
,Thirty,I will try again.,English,"[""Je vais réessayer.""]"
,Thirty one,I'll cover you.,English,"[""Je vais te couvrir.""]"
,Thirty two,I'll tell you what I think.,English,"[""Je vais te dire ce que je pense.""]"
,Thirty three,I'll tell you a secret.,English,"[""Je vais te dire un secret.""]"
,One,I'll give you one more chance.,English,"[""Je vais te donner une chance de plus.""]"
,Two,I will teach you a lesson.,English,"[""Je vais te donner une leçon.""]"
,Three,I'll make you some tea.,English,"[""Je vais te faire du thé.""]"
,Four,I'll do you a favor.,English,"[""Je vais te faire une faveur.""]"
,Five,I'll show you the city.,English,"[""Je vais te montrer la ville.""]"
,Six,I'll buy you a drink.,English,"[""Je vais te payer à boire.""]"
,Seven,I'll buy you a beer.,English,"[""Je vais te payer une bière.""]"
,Eight,I will introduce my mom to you.,English,"[""Je vais te présenter ma maman.""]"
,Nine,I'll tell you a story.,English,"[""Je vais te raconter une histoire.""]"
,Ten,I will give it a try.,English,"[""Je vais tenter le coup.""]"
,Eleven,I'll give it a shot.,English,"[""Je vais tenter le coup.""]"
,Twelve,I will try my luck with you.,English,"[""Je vais tenter ma chance avec toi.""]"
,Thirteen,I'll take my chances.,English,"[""Je vais tenter ma chance.""]"
,Fourteen,I always go on foot.,English,"[""Je vais toujours à pied.""]"
,Sixteen,I will work alone.,English,"[""Je vais travailler seul.""]"
,Seventeen,I'm going to work.,English,"[""Je vais travailler.""]"
,Eighteen,I will see what I can do.,English,"[""Je vais voir ce que je peux faire.""]"
,Nineteen,I'm going to see the police.,English,"[""Je vais voir la police.""]"
,Twenty,I'll see if I can find a taxi.,English,"[""Je vais voir si je peux trouver un taxi.""]"
,Twenty one,I will accompany you.,English,"[""Je vais vous accompagner.""]"
,Twenty two,I'll buy you a watch.,English,"[""Je vais vous acheter une montre.""]"
,Twenty three,I'll get you a drink.,English,"[""Je vais vous chercher une boisson.""]"
,Twenty four,I'll tell you about it one day.,English,"[""Je vais vous en parler un jour.""]"
,Twenty five,I'll take care of it for you.,English,"[""Je vais y faire attention pour toi.""]"
,Twenty six,I'm going to stop by there tomorrow for my things.,English,"[""Je vais y passer demain pour mes affaires.""]"
,Twenty seven,I will check.,English,"[""Je vérifierai.""]"
,Twenty eight,I absolutely want to know everything.,English,"[""Je veux absolument tout savoir.""]"
,Twenty nine,I want to buy a book.,English,"[""Je veux acheter un livre.""]"
,Thirty,I want to go to Seattle.,English,"[""Je veux aller à Seattle.""]"
,Thirty one,I want to go to town.,English,"[""Je veux aller en ville.""]"
,Thirty two,I want to go fishing.,English,"[""Je veux aller pêcher.""]"
,Thirty three,I want to catch a quarter to midnight.,English,"[""Je veux attraper celui de minuit moins le quart.""]"
,One,I want to drink champagne.,English,"[""Je veux boire du champagne.""]"
,Two,I want to drink something fresh.,English,"[""Je veux boire quelque chose de frais.""]"
,Three,I want this.,English,"[""Je veux ça.""]"
,Four,I want this book.,English,"[""Je veux ce livre.""]"
,Five,I want this bag.,English,"[""Je veux ce sac.""]"
,Six,I want those.,English,"[""Je veux celles-là.""]"
,Seven,I want those.,English,"[""Je veux ceux-là.""]"
,Eight,I want to sing to make you come back.,English,"[""Je veux chanter pour te faire revenir.""]"
,Nine,I want to fight.,English,"[""Je veux combattre.""]"
,Ten,I want to drive.,English,"[""Je veux conduire.""]"
,Eleven,I want to continue working here.,English,"[""Je veux continuer à travailler ici.""]"
,Twelve,I want to sleep.,English,"[""Je veux dormir.""]"
,Thirteen,I want milk.,English,"[""Je veux du lait.""]"
,Fourteen,I want paper.,English,"[""Je veux du papier.""]"
,Sixteen,I want to buy another one.,English,"[""Je veux en acheter un autre.""]"
,Seventeen,I want to know more about your country.,English,"[""Je veux en savoir plus sur votre pays.""]"
,Eighteen,I want to hear what everyone has to say.,English,"[""Je veux entendre ce que chacun a à dire.""]"
,Nineteen,I want to hear your opinion.,English,"[""Je veux entendre ton opinion.""]"
,Twenty,I want to be a presidential candidate.,English,"[""Je veux être candidat à la présidence.""]"
,Twenty one,I want to be worthy of your friendship.,English,"[""Je veux être digne de ton amitié.""]"
,Twenty two,I want to be there with you.,English,"[""Je veux être là avec toi.""]"
,Twenty three,I want to be very clear about this.,English,"[""Je veux être très clair à ce propos.""]"
,Twenty four,I want to be useful.,English,"[""Je veux être utile.""]"
,Twenty five,I want to study French.,English,"[""Je veux étudier le français.""]"
,Twenty six,I want to do this at home.,English,"[""Je veux faire ça à la maison.""]"
,Twenty seven,I want to do this quickly.,English,"[""Je veux faire ça rapidement.""]"
,Twenty eight,I want to do more.,English,"[""Je veux faire plus.""]"
,Twenty nine,I want to make a statement.,English,"[""Je veux faire une déclaration.""]"
,Thirty,I want to keep my children safe.,English,"[""Je veux garder mes enfants en sécurité.""]"
,Thirty one,I just want one egg.,English,"[""Je veux juste un œuf.""]"
,Thirty two,I want justice.,English,"[""Je veux la justice.""]"
,Thirty three,I want to share it with you.,English,"[""Je veux le partager avec vous.""]"
,One,I want the fan.,English,"[""Je veux le ventilateur.""]"
,Two,I want to talk to them all.,English,"[""Je veux leur parler à tous.""]"
,Three,I want my freedom.,English,"[""Je veux ma liberté.""]"
,Four,I want my revenge.,English,"[""Je veux ma vengeance.""]"
,Five,I want to eat a steak.,English,"[""Je veux manger un steak.""]"
,Six,I want to eat something good.,English,"[""Je veux manger un truc bon.""]"
,Seven,I want to calm down.,English,"[""Je veux me calmer.""]"
,Eight,I want to marry a girl like her.,English,"[""Je veux me marier avec une fille comme elle.""]"
,Nine,I want to ride a horse.,English,"[""Je veux monter à cheval.""]"
,Ten,I want to talk to your uncle.,English,"[""Je veux parler à ton oncle.""]"
,Eleven,I want to speak to a lawyer.,English,"[""Je veux parler à un avocat.""]"
,Twelve,I want to participate.,English,"[""Je veux participer.""]"
,Thirteen,I want to spend the rest of my life with you.,English,"[""Je veux passer le reste de ma vie avec toi.""]"
,Fourteen,I want to take this as a compliment.,English,"[""Je veux prendre ça comme un compliment.""]"
,Sixteen,I want to prove that I can do it.,English,"[""Je veux prouver que je peux le faire.""]"
,Seventeen,I want it to be a success.,English,"[""Je veux que ce soit un succès.""]"
,Eighteen,I want everyone to go home.,English,"[""Je veux que chacun rentre chez lui.""]"
,Nineteen,I want him to go.,English,"[""Je veux que lui parte.""]"
,Twenty,I want you to stop.,English,"[""Je veux que tu arrêtes.""]"
,Twenty one,I want you to play the guitar for me.,English,"[""Je veux que tu joues de la guitare pour moi.""]"
,Twenty two,I want you to stay on the beach.,English,"[""Je veux que tu restes sur la plage.""]"
,Twenty three,I want something to drink.,English,"[""Je veux quelque chose à boire.""]"
,Twenty four,I want something to read.,English,"[""Je veux quelque chose à lire.""]"
,Twenty five,I want to resume the course of my life.,English,"[""Je veux reprendre le cours de ma vie.""]"
,Twenty six,I want to stay several days.,English,"[""Je veux rester plusieurs jours.""]"
,Twenty seven,I want to know what I can do.,English,"[""Je veux savoir ce que je peux faire.""]"
,Twenty eight,I want to know who gave the first hit.,English,"[""Je veux savoir qui a donné le premier coup.""]"
,Twenty nine,I want to know who they are.,English,"[""Je veux savoir qui ils sont.""]"
,Thirty,I want to know if it's close.,English,"[""Je veux savoir si c'est proche.""]"
,Thirty one,I want to know if you're coming or not.,English,"[""Je veux savoir si tu viendras ou non.""]"
,Thirty two,I only want to help you.,English,"[""Je veux seulement vous aider.""]"
,Thirty three,I just want to lead a normal life.,English,"[""Je veux simplement mener une vie normale.""]"
,One,I want to give you a gift.,English,"[""Je veux te donner un cadeau.""]"
,Two,I want to make you work harder.,English,"[""Je veux te faire travailler plus dur.""]"
,Three,I want to tell you about this list.,English,"[""Je veux te parler de cette liste.""]"
,Four,I want to talk to you about last night.,English,"[""Je veux te parler de la nuit dernière.""]"
,Five,I want to see you.,English,"[""Je veux te voir.""]"
,Six,I want your love.,English,"[""Je veux ton amour.""]"
,Seven,I still want to go.,English,"[""Je veux toujours y aller.""]"
,Eight,I want to work in a hospital.,English,"[""Je veux travailler dans un hôpital.""]"
,Nine,I want to find true love.,English,"[""Je veux trouver le véritable amour.""]"
,Ten,I want a donut.,English,"[""Je veux un beignet.""]"
,Eleven,I want a candy.,English,"[""Je veux un bonbon.""]"
,Twelve,I want a puppy for Christmas.,English,"[""Je veux un chiot pour Noël.""]"
,Thirteen,I want a knife.,English,"[""Je veux un couteau.""]"
,Fourteen,I want a challenge.,English,"[""Je veux un défi.""]"
,Sixteen,I want a book to read on the train.,English,"[""Je veux un livre à lire dans le train.""]"
,Seventeen,I want a doctor.,English,"[""Je veux un médecin.""]"
,Eighteen,I want a piece of chocolate cake.,English,"[""Je veux un morceau de gâteau au chocolat.""]"
,Nineteen,I want a parrot.,English,"[""Je veux un perroquet.""]"
,Twenty,I want a quarter of milk.,English,"[""Je veux un quart de lait.""]"
,Twenty one,I want a bike.,English,"[""Je veux un vélo.""]"
,Twenty two,I want a match.,English,"[""Je veux une allumette.""]"
,Twenty three,I want a blanket.,English,"[""Je veux une couverture.""]"
,Twenty four,I want a sweetness.,English,"[""Je veux une douceur.""]"
,Twenty five,I want an explanation.,English,"[""Je veux une explication.""]"
,Twenty six,I want a family.,English,"[""Je veux une famille.""]"
,Twenty seven,I want a photo of this dog.,English,"[""Je veux une photo de ce chien.""]"
,Twenty eight,I want a pool.,English,"[""Je veux une piscine.""]"
,Twenty nine,I want a swimming pool.,English,"[""Je veux une piscine.""]"
,Thirty,I want proof.,English,"[""Je veux une preuve.""]"
,Thirty one,I want revenge.,English,"[""Je veux une revanche.""]"
,Thirty two,I want to see the director of the company.,English,"[""Je veux voir le directeur de la société.""]"
,Thirty three,I want to see the movie again.,English,"[""Je veux voir le film à nouveau.""]"
,One,I want to see your mother.,English,"[""Je veux voir ta mère.""]"
,Two,I want to see your boss.,English,"[""Je veux voir ton patron.""]"
,Three,I want to see a show.,English,"[""Je veux voir un spectacle.""]"
,Four,I want to see a volcano!,English,"[""Je veux voir un volcan !""]"
,Five,I want your opinion.,English,"[""Je veux votre opinion.""]"
,Six,I want to kiss you.,English,"[""Je veux vous embrasser.""]"
,Seven,I want to hear you play the piano.,English,"[""Je veux vous entendre jouer du piano.""]"
,Eight,I want to hear you say it.,English,"[""Je veux vous entendre le dire.""]"
,Nine,I want to speak to you about this report.,English,"[""Je veux vous parler à propos de ce rapport.""]"
,Ten,I want to talk to you after class.,English,"[""Je veux vous parler après le cours.""]"
,Eleven,I just met him.,English,"[""Je viens de le rencontrer.""]"
,Twelve,I've just read the letter that you sent me.,English,"[""Je viens de lire la lettre que vous m'avez envoyée.""]"
,Thirteen,I just took a bath.,English,"[""Je viens de prendre un bain.""]"
,Fourteen,I just took a shower.,English,"[""Je viens de prendre une douche.""]"
,Sixteen,I just got out of prison.,English,"[""Je viens de sortir de prison.""]"
,Seventeen,I am from Japan.,English,"[""Je viens du Japon.""]"
,Eighteen,I come in peace.,English,"[""Je viens en paix.""]"
,Nineteen,I come here every day.,English,"[""Je viens ici chaque jour.""]"
,Twenty,I just moved.,English,"[""Je viens juste de bouger.""]"
,Twenty one,I just moved.,English,"[""Je viens juste de déménager.""]"
,Twenty two,I just finished having lunch.,English,"[""Je viens juste de finir de déjeuner.""]"
,Twenty three,I just saw it.,English,"[""Je viens juste de le voir.""]"
,Twenty four,I live in Boston.,English,"[""Je vis à Boston.""]"
,Twenty five,I live in Japan.,English,"[""Je vis au Japon.""]"
,Twenty six,I live in town.,English,"[""Je vis en ville.""]"
,Twenty seven,I see my mother over there.,English,"[""Je vois ma mère là-bas.""]"
,Twenty eight,I see that you are in a good mood.,English,"[""Je vois que tu es de bonne humeur.""]"
,Twenty nine,I see that you speak French well.,English,"[""Je vois que tu parles bien français.""]"
,Thirty,I see a lion.,English,"[""Je vois un lion.""]"
,Thirty one,I see a book on the desk.,English,"[""Je vois un livre sur le bureau.""]"
,Thirty two,I see a star.,English,"[""Je vois une étoile.""]"
,Thirty three,I see a queen.,English,"[""Je vois une reine.""]"
,One,I see a rose.,English,"[""Je vois une rose.""]"
,Two,I would like to buy some boots.,English,"[""Je voudrais acheter quelques bottes.""]"
,Three,I would like some meat.,English,"[""Je voudrais de la viande.""]"
,Four,I would like to demonstrate that this function is an inverse function.,English,"[""Je voudrais démontrer que cette fonction est une bijection réciproque.""]"
,Five,I would like to be rich.,English,"[""Je voudrais être riche.""]"
,Six,I would like to eat something.,English,"[""Je voudrais manger quelque chose.""]"
,Seven,I would like to go travel around the world if possible.,English,"[""Je voudrais partir voyager autour du monde si possible.""]"
,Eight,I would like something light.,English,"[""Je voudrais quelque chose de léger.""]"
,Nine,I would like to book a flight to Vancouver.,English,"[""Je voudrais réserver un vol pour Vancouver.""]"
,Ten,I would like a piece of cheese.,English,"[""Je voudrais un morceau de fromage.""]"
,Eleven,I would like a map of the city.,English,"[""Je voudrais un plan de la ville.""]"
,Twelve,I just wanted to watch you.,English,"[""Je voulais juste te regarder.""]"
,Thirteen,I wanted it to be a surprise.,English,"[""Je voulais que ce soit une surprise.""]"
,Fourteen,I wanted you to win.,English,"[""Je voulais que tu gagnes.""]"
,Sixteen,I wanted your cooperation.,English,"[""Je voulais votre coopération.""]"
,Seventeen,I admire you for your courage.,English,"[""Je vous admire pour votre courage.""]"
,Eighteen,I love you.,English,"[""Je vous adore.""]"
,Nineteen,I told you not to come here.,English,"[""Je vous ai dit de ne pas venir ici.""]"
,Twenty,I told you to sign the document.,English,"[""Je vous ai dit de signer le document.""]"
,Twenty one,I told you that I have a girl.,English,"[""Je vous ai dit que j'ai une nana.""]"
,Twenty two,I made you cookies.,English,"[""Je vous ai fait des cookies.""]"
,Twenty three,I made you some coffee.,English,"[""Je vous ai fait du café.""]"
,Twenty four,I left you a message.,English,"[""Je vous ai laissé un message.""]"
,Twenty five,I left you a note at the reception.,English,"[""Je vous ai laissé une note à la réception.""]"
,Twenty six,I left you a note.,English,"[""Je vous ai laissé une note.""]"
,Twenty seven,I took you for your brother.,English,"[""Je vous ai pris pour votre frère.""]"
,Twenty eight,I've seen you.,English,"[""Je vous ai vu.""]"
,Twenty nine,I saw you.,English,"[""Je vous ai vue.""]"
,Thirty,I saw you.,English,"[""Je vous ai vues.""]"
,Thirty one,I saw you.,English,"[""Je vous ai vus.""]"
,Thirty two,I love you like a son.,English,"[""Je vous aime comme un fils.""]"
,Thirty three,I love you more and more every day.,English,"[""Je vous aime de plus en plus chaque jour.""]"
,One,I love you and I want to marry you.,English,"[""Je vous aime et je veux vous épouser.""]"
,Two,I love you more than I can say.,English,"[""Je vous aime plus que je ne peux dire.""]"
,Three,I beg your pardon?,English,"[""Je vous demande pardon ?""]"
,Four,I owe you my life.,English,"[""Je vous dois la vie.""]"
,Five,I owe you an explanation.,English,"[""Je vous dois une explication.""]"
,Six,I will give you my address / I will give my address to you.,English,"[""Je vous donnerai mon adresse.""]"
,Seven,I envy your good health.,English,"[""Je vous envie votre bonne santé.""]"
,Eight,I'll give it to you.,English,"[""Je vous le donnerai.""]"
,Nine,I'll show you later.,English,"[""Je vous montrerai plus tard.""]"
,Ten,I promise you that I will not do it again.,English,"[""Je vous promets que je ne le ferai plus.""]"
,Eleven,I'll join you later.,English,"[""Je vous rejoindrai plus tard.""]"
,Twelve,I respect you more than anyone.,English,"[""Je vous respecte plus que quiconque.""]"
,Thirteen,I beg you to help us.,English,"[""Je vous supplie de nous aider.""]"
,Fourteen,I think you're so pretty.,English,"[""Je vous trouve si jolie.""]"
,Sixteen,I want you!,English,"[""Je vous veux !""]"
,Seventeen,I saw you.,English,"[""Je vous vis.""]"
,Eighteen,Jean and Amélie make a cute couple.,English,"[""Jean et Amélie forment un joli couple.""]"
,Nineteen,Jean reads very often.,English,"[""Jean lit très souvent.""]"
,Twenty,Jerome bought his new car yesterday.,English,"[""Jérôme a acheté sa nouvelle voiture hier.""]"
,Twenty one,Jesus healed the lame.,English,"[""Jésus guérit les boiteux.""]"
,Twenty two,to have a look,English,"[""jeter un coup d'œil""]"
,Twenty three,Joan is as charming as her sister.,English,"[""Joan est aussi charmant que sa sœur.""]"
,Twenty four,John is playing cat and mouse with Dick.,English,"[""John joue au chat et à la souris avec Dick.""]"
,Twenty five,John took about two weeks to recover from his illness.,English,"[""John mit environ deux semaines à se remettre de sa maladie.""]"
,Twenty six,Join us.,English,"[""Joignez-vous à nous.""]"
,Twenty seven,Nice shot!,English,"[""Joli coup !""]"
,Twenty eight,Did you play tennis yesterday morning?,English,"[""Jouais-tu au tennis hier matin ?""]"
,Twenty nine,Do you play any instrument?,English,"[""Jouez-vous d'un quelconque instrument ?""]"
,Thirty,Let's play football.,English,"[""Jouons au football.""]"
,Thirty one,Let's play cards.,English,"[""Jouons aux cartes.""]"
,Thirty two,day by day,English,"[""jour à jour""]"
,Thirty three,Just a moment.,English,"[""Juste un instant.""]"
,One,Ken is as tall as Bill.,English,"[""Ken est aussi grand que Bill.""]"
,Two,Was Ken home yesterday?,English,"[""Ken était-il à la maison hier ?""]"
,Three,Ken will be leaving for the United States at the end of July.,English,"[""Ken va partir aux États-unis fin juillet.""]"
,Four,Kent is a born leader.,English,"[""Kent est un meneur-né.""]"
,Five,The welcome was warm.,English,"[""L'accueil était chaleureux.""]"
,Six,The actor appeared on screen.,English,"[""L'acteur parut sur l'écran.""]"
,Seven,Adrenaline can slow down or impede work.,English,"[""L'adrénaline peut ralentir ou bloquer le travail.""]"
,Eight,The air is invisible.,English,"[""L'air est invisible.""]"
,Nine,The Amazon is a river located in South America.,English,"[""L'Amazone est un fleuve d'Amérique du Sud.""]"
,Ten,the French Embassy to the Holy See,English,"[""l'ambassade de France près le Saint-Siège""]"
,Eleven,the ambassador to the Holy See,English,"[""l'ambassadeur près le Saint-Siège""]"
,Twelve,the friendship,English,"[""l'amitié""]"
,Thirteen,love,English,"[""l'amour""]"
,Fourteen,Call of the void.,English,"[""L'appel du vide.""]"
,Sixteen,The call is free.,English,"[""L'appel est gratuit.""]"
,Seventeen,The referee blew the whistle for half-time.,English,"[""L'arbitre a sifflé la mi-temps.""]"
,Eighteen,The tree is growing quickly.,English,"[""L'arbre pousse vite.""]"
,Nineteen,Autumn is here.,English,"[""L'automne est là.""]"
,Twenty,The front of a car.,English,"[""l'avant d'une voiture""]"
,Twenty one,The school is on the left.,English,"[""L'école est à gauche.""]"
,Twenty two,The effect was immediate.,English,"[""L'effet fut immédiat.""]"
,Twenty three,The church is just on the corner.,English,"[""L'église fait le coin.""]"
,Twenty four,The general election will be held in May.,English,"[""L'élection générale se tiendra en mai.""]"
,Twenty five,The company promises to be difficult.,English,"[""L'entreprise s'annonce difficile.""]"
,Twenty six,The company wants to employ twenty people.,English,"[""L'entreprise veut employer vingt personnes.""]"
,Twenty seven,The grocery store is close by.,English,"[""L'épicerie est proche.""]"
,Twenty eight,the team to beat,English,"[""l'équipe à battre""]"
,Twenty nine,The blue team is leading 2–0.,English,"[""L'équipe bleue mène 2 à 0.""]"
,Thirty,The gasoline is sold by the liter.,English,"[""L'essence est vendue au litre.""]"
,Thirty one,The exception confirms the rule.,English,"[""L'exception confirme la règle.""]"
,Thirty two,The experience has to start.,English,"[""L'expérience doit commencer.""]"
,Thirty three,Winter is coming soon.,English,"[""L'hiver arrive bientôt.""]"
,One,the man,English,"[""l'homme""]"
,Two,Man is a social animal.,English,"[""l'homme est un animal social.""]"
,Three,Radical Islamist ideology caused twenty million deaths in northern Nigeria.,English,"[""L'idéologie islamiste radicale a causé vingt millions de morts dans le nord du Nigéria.""]"
,Four,the island,English,"[""l'île""]"
,Five,the oasis,English,"[""l'oasis""]"
,Six,Picasso's sculptural oeuvre.,English,"[""L'œuvre sculptée de Picasso.""]"
,Seven,supply and demand,English,"[""l'offre et la demande""]"
,Eight,Gold has a color similar to copper.,English,"[""L'or a une couleur similaire au cuivre.""]"
,Nine,The orchestra plays.,English,"[""L'orchestre joue.""]"
,Ten,The universe is infinite.,English,"[""L'univers est infini.""]"
,Eleven,The car is ready.,English,"[""La bagnole est prête.""]"
,Twelve,The bathtub is dirty.,English,"[""La baignoire est sale.""]"
,Thirteen,The bullet could have hit me.,English,"[""La balle aurait pu me frapper.""]"
,Fourteen,the Italian boot,English,"[""la botte italienne""]"
,Sixteen,The bakery is closed.,English,"[""La boulangerie est fermée.""]"
,Seventeen,The bakery is [found] opposite the cinema.,English,"[""La boulangerie se trouve en face du cinéma.""]"
,Eighteen,The bottle is full.,English,"[""La bouteille est pleine.""]"
,Nineteen,The cage is empty.,English,"[""La cage est vide.""]"
,Twenty,The box was full of books.,English,"[""La caisse était pleine de livres.""]"
,Twenty one,The capital of Japan is Tokyo.,English,"[""La capitale du Japon est Tokyo.""]"
,Twenty two,The ceremony will take place tomorrow.,English,"[""La cérémonie aura lieu demain.""]"
,Twenty three,The wedding ceremony took place in the morning.,English,"[""La cérémonie de mariage a eu lieu le matin.""]"
,Twenty four,The chair is broken.,English,"[""La chaise est cassée.""]"
,Twenty five,The chair is far from the door.,English,"[""La chaise est loin de la porte.""]"
,Twenty six,The children's room is poorly arranged.,English,"[""La chambre des enfants est mal rangée.""]"
,Twenty seven,Luck smiled on us then.,English,"[""La chance nous a souri alors.""]"
,Twenty eight,The song makes me cry.,English,"[""La chanson me fait pleurer.""]"
,Twenty nine,The thing is not as simple as one might believe.,English,"[""La chose n'est pas si facile qu'on le pense.""]"
,Thirty,the bottom of the backside in the human body,English,"[""La chute des rein""]"
,Thirty one,The key is on the door.,English,"[""La clef est sur la porte.""]"
,Thirty two,Has the bell rung?,English,"[""La cloche a-t-elle sonné ?""]"
,Thirty three,The bell rings.,English,"[""La cloche sonne.""]"
,One,Cocaine is a drug.,English,"[""La cocaïne est une drogue.""]"
,Two,Comedy is something that makes people laugh.,English,"[""La comédie est quelque chose qui fait rire.""]"
,Three,The company has an in-house translation department.,English,"[""La compagnie a un département de traduction maison.""]"
,Four,the concentration of sugar,English,"[""la concentration de sucre""]"
,Five,the convention on the future of Europe,English,"[""la convention sur l'avenir de l'Europe""]"
,Six,The horse race is rigged.,English,"[""La course de chevaux est bidon.""]"
,Seven,The kitchen is downstairs.,English,"[""La cuisine est en bas.""]"
,Eight,The decision was easy to make.,English,"[""La décision a été facile à prendre.""]"
,Nine,The decision was taken in his absence.,English,"[""La décision a été prise pendant son absence.""]"
,Ten,Difference is the key to existence.,English,"[""La différence est la clé de l'existence.""]"
,Eleven,The farm!,English,"[""La ferme !""]"
,Twelve,The party was a fiasco.,English,"[""La fête a été un fiasco.""]"
,Thirteen,The celebration was a success.,English,"[""La fête a été un succès.""]"
,Fourteen,The girl caught a small fish.,English,"[""La fille a pris un petit poisson.""]"
,Sixteen,The arrow has hit the target.,English,"[""La flèche a atteint la cible.""]"
,Seventeen,The crowd applauds.,English,"[""La foule applaudit.""]"
,Eighteen,The fur of this cat is magnificent.,English,"[""La fourrure de ce chat est magnifique.""]"
,Nineteen,Smoke rose through the chimney.,English,"[""La fumée montait par la cheminée.""]"
,Twenty,Kindness is a virtue.,English,"[""La gentillesse est une vertu.""]"
,Twenty one,The ice on the lake is too thin to support your weight.,English,"[""La glace sur le lac est trop fine pour supporter ton poids.""]"
,Twenty two,The barbecue grate is covered in grease from the sausages.,English,"[""La grille du barbecue est pleine de graisse de saucisses.""]"
,Twenty three,The young girl was afraid to jump from the roof.,English,"[""La jeune fille avait peur de sauter du toit.""]"
,Twenty four,the tongue in the mouth,English,"[""la langue dans la bouche""]"
,Twenty five,The tongue is the organ of taste.,English,"[""La langue est l'organe du goût.""]"
,Twenty six,Lesson two is easy.,English,"[""La leçon deux est facile.""]"
,Twenty seven,The laundry can wait.,English,"[""La lessive peut attendre.""]"
,Twenty eight,Line is busy.,English,"[""La ligne est occupée.""]"
,Twenty nine,The law is the law.,English,"[""La loi est la loi.""]"
,Thirty,The light is on.,English,"[""La lumière est allumée.""]"
,Thirty one,The light is better here.,English,"[""La lumière est meilleure par ici.""]"
,Thirty two,The struggle against capitalism,English,"[""La lutte contre le capitalisme""]"
,Thirty three,The house caught fire.,English,"[""La maison a pris feu.""]"
,One,The neighbors' house has burnt down.,English,"[""La maison des voisins a brûlé.""]"
,Two,The house is under repair.,English,"[""La maison est en réparation.""]"
,Three,The house is haunted.,English,"[""La maison est hantée.""]"
,Four,The house is further away.,English,"[""La maison est plus loin.""]"
,Five,The house is on the hill.,English,"[""La maison est sur la colline.""]"
,Six,The mistress can see you.,English,"[""La maîtresse peut te voir.""]"
,Seven,The disease currently affects 2 million people.,English,"[""La maladie touche actuellement 2 millions de personnes.""]"
,Eight,The fastest way to travel is by plane.,English,"[""La manière la plus rapide de voyager est par avion.""]"
,Nine,The tide is rising fast.,English,"[""La marée monte vite.""]"
,Ten,The sea was as smooth as glass.,English,"[""La mer était aussi lisse que le verre.""]"
,Eleven,The measure of a right angle is equal to 90 degrees.,English,"[""La mesure d'un angle droit est égale à 90 degrés.""]"
,Twelve,The action of putting a corpse in a coffin.,English,"[""La mise en bière.""]"
,Thirteen,The mission was simple.,English,"[""La mission était simple.""]"
,Fourteen,Music is my passion.,English,"[""La musique est ma passion.""]"
,Sixteen,Music is a gift from God.,English,"[""La musique est un don de Dieu.""]"
,Seventeen,Food is on the table.,English,"[""La nourriture est sur la table.""]"
,Eighteen,The night is approaching.,English,"[""La nuit s'annonce.""]"
,Nineteen,Participation is free.,English,"[""La participation est gratuite.""]"
,Twenty,The break is over.,English,"[""La pause est finie.""]"
,Twenty one,The clock indicates two o'clock.,English,"[""La pendule indique deux heures.""]"
,Twenty two,The person who speaks knows his/her subject well.,English,"[""La personne qui parle connait bien son sujet.""]"
,Twenty three,The pool is full.,English,"[""La piscine est pleine.""]"
,Twenty four,The pool is shared by all the children in the neighborhood.,English,"[""La piscine est utilisée en commun par tous les enfants du voisinage.""]"
,Twenty five,The pizza is on its way.,English,"[""La pizza est en route.""]"
,Twenty six,The pizza was good.,English,"[""La pizza était bonne.""]"
,Twenty seven,The rain began to fall.,English,"[""La pluie commença à tomber.""]"
,Twenty eight,Most people like chocolate.,English,"[""La plupart des gens aiment le chocolat""]"
,Twenty nine,Most people think so.,English,"[""La plupart des gens pensent ça.""]"
,Thirty,the biggest,English,"[""la plus grande""]"
,Thirty one,Pneumonia causes breathing difficulties.,English,"[""La pneumonie entraîne des difficultés respiratoires.""]"
,Thirty two,The police arrested the suspect.,English,"[""La police a arrêté le suspect.""]"
,Thirty three,The police are here to talk to you.,English,"[""La police est ici pour te parler.""]"
,One,The post office is near the bookstore.,English,"[""La poste est près de la librairie.""]"
,Two,Customers don't flow to that store.,English,"[""La pratique n'afflue pas à ce magasin.""]"
,Three,The first thing you need to consider is the weather.,English,"[""La première chose que tu dois prendre en considération est le temps.""]"
,Four,Next time it will be up to me to drive.,English,"[""La prochaine fois ce sera à moi de conduire.""]"
,Five,Power makes the law.,English,"[""La puissance fait le droit.""]"
,Six,The radio is broken.,English,"[""La radio est cassée.""]"
,Seven,The radio is off.,English,"[""La radio est éteinte.""]"
,Eight,Reality is stranger than fiction.,English,"[""La réalité est plus étrange que la fiction.""]"
,Nine,The demographic revolution,English,"[""La révolution démographique""]"
,Ten,The river flows gently towards the sea.,English,"[""La rivière coule doucement vers la mer.""]"
,Eleven,The dress fits you very well.,English,"[""La robe te va très bien.""]"
,Twelve,The skiing season,English,"[""La saison de ski""]"
,Thirteen,Strawberry season,English,"[""La saison des fraises""]"
,Fourteen,The room was full of people.,English,"[""La salle était noire de monde.""]"
,Sixteen,The feeling is very pleasant.,English,"[""La sensation en est très agréable.""]"
,Seventeen,The lock is broken.,English,"[""La serrure est cassée.""]"
,Eighteen,The situation is critical.,English,"[""La situation est critique.""]"
,Nineteen,The situation is going to turn into a drama.,English,"[""La situation va virer au drame.""]"
,Twenty,The sum of these numbers does not add up.,English,"[""La somme de ces chiffres ne colle pas.""]"
,Twenty one,The exit will be on the left.,English,"[""La sortie sera sur la gauche.""]"
,Twenty two,The soup is too hot.,English,"[""La soupe est trop chaude.""]"
,Twenty three,Was the soup good?,English,"[""La soupe était bonne ?""]"
,Twenty four,The structure of the brain is complicated.,English,"[""La structure du cerveau est compliquée.""]"
,Twenty five,Technique is very important.,English,"[""La technique est très importante.""]"
,Twenty six,The TV is broken.,English,"[""La télé est cassée.""]"
,Twenty seven,The temperature of the water must always be above the temperature of the egg.,English,"[""La température de l'eau doit toujours être supérieure à la température de l'œuf""]"
,Twenty eight,The storm destroyed the entire city.,English,"[""La tempête a détruit toute la ville.""]"
,Twenty nine,The storm caused the train to stop.,English,"[""La tempête a fait arrêter le train.""]"
,Thirty,Earth is a planet.,English,"[""La terre est une planète.""]"
,Thirty one,The Tower of Pisa is leaning.,English,"[""La tour de Pise est penchée.""]"
,Thirty two,The traitor had already come back to life,English,"[""la traîtresse était déjà ressuscitée""]"
,Thirty three,the third set,English,"[""la troisième manche""]"
,One,The cow gives us milk.,English,"[""La vache nous donne du lait.""]"
,Two,Christmas Eve,English,"[""la veille de Noël""]"
,Three,New Year's Eve,English,"[""la veille du jour de l'An""]"
,Four,The truth is very simple.,English,"[""La vérité est très simple.""]"
,Five,The version is easier than the theme.,English,"[""La version est plus facile que le thème.""]"
,Six,The meat is tough.,English,"[""La viande est dure.""]"
,Seven,The meat is hard.,English,"[""La viande est dure.""]"
,Eight,Victory will be sweet.,English,"[""La victoire sera douce.""]"
,Nine,The life of her child is in danger.,English,"[""La vie de son enfant est en danger.""]"
,Ten,Life is Beautiful.,English,"[""La vie est belle.""]"
,Eleven,Life is like that.,English,"[""La vie est comme ça.""]"
,Twelve,Life is like a journey.,English,"[""La vie est comme un voyage.""]"
,Thirteen,Life is crazy.,English,"[""La vie est dingue.""]"
,Fourteen,Life is unpredictable.,English,"[""La vie est imprévisible.""]"
,Sixteen,Life is so strange.,English,"[""La vie est si étrange.""]"
,Seventeen,Life is a great mystery.,English,"[""La vie est un grand mystère.""]"
,Eighteen,Life isn't fair.,English,"[""La vie n'est pas juste.""]"
,Nineteen,The city and the province have reached an agreement.,English,"[""La ville et la province ont conclu une entente.""]"
,Twenty,the window of a bookstore,English,"[""la vitrine d'une librairie.""]"
,Twenty one,Here it is!,English,"[""La voilà !""]"
,Twenty two,The car is broken.,English,"[""La voiture est cassée.""]"
,Twenty three,The car is full.,English,"[""La voiture est pleine.""]"
,Twenty four,The car is ready.,English,"[""La voiture est prête.""]"
,Twenty five,the active voice,English,"[""la voix active""]"
,Twenty six,The view from this room is magnificent.,English,"[""La vue depuis cette pièce est magnifique.""]"
,Twenty seven,The view is fantastic.,English,"[""La vue est fantastique.""]"
,Twenty eight,Let go!,English,"[""Lâche-toi !""]"
,Twenty nine,Leave the dog outside.,English,"[""Laisse le chien dehors.""]"
,Thirty,Drop it!,English,"[""Laisse tomber !""]"
,Thirty one,Drop it!,English,"[""Laisse-le tomber !""]"
,Thirty two,Let me try.,English,"[""Laisse-moi essayer.""]"
,Thirty three,Let me do it my way.,English,"[""Laisse-moi le faire à ma façon.""]"
,One,Let me pay.,English,"[""Laisse-moi payer.""]"
,Two,Let me out!,English,"[""Laisse-moi sortir !""]"
,Three,Leave me alone.,English,"[""Laisse-moi tranquille.""]"
,Four,Let me work in peace.,English,"[""Laisse-moi travailler en paix.""]"
,Five,Let me see this.,English,"[""Laisse-moi voir ça.""]"
,Six,Leave your hands above the table.,English,"[""Laissez vos mains au-dessus de la table.""]"
,Seven,Leave me!,English,"[""Laissez-moi !""]"
,Eight,Let me in.,English,"[""Laissez-moi entrer.""]"
,Nine,Let me in.,English,"[""Laissez-moi rentrer.""]"
,Ten,Leave me alone.,English,"[""Laissez-moi tranquille.""]"
,Eleven,Drop me a line.,English,"[""Laissez-moi un mot.""]"
,Twelve,Let me help you with your luggage.,English,"[""Laissez-moi vous aider avec vos bagages.""]"
,Thirteen,Let me help you.,English,"[""Laissez-moi vous aider.""]"
,Fourteen,Let me give you an example.,English,"[""Laissez-moi vous donner un exemple.""]"
,Sixteen,Let me put you on the page.,English,"[""Laissez-moi vous mettre à la page.""]"
,Seventeen,Let me introduce you to my sister.,English,"[""Laissez-moi vous présenter ma sœur.""]"
,Eighteen,Leave us!,English,"[""Laissez-nous !""]"
,Nineteen,Let yourself go!,English,"[""Laissez-vous aller !""]"
,Twenty,Which one is mine?,English,"[""Laquelle est la mienne ?""]"
,Twenty one,Which one is your guitar?,English,"[""Laquelle est votre guitare ?""]"
,Twenty two,Wash your hands well.,English,"[""Lave bien tes mains.""]"
,Twenty three,Wash yourself!,English,"[""Lave-toi !""]"
,Twenty four,The bath is ready.,English,"[""Le bain est prêt.""]"
,Twenty five,The Figaro bar is a good spot to drink.,English,"[""Le bar Figaro est un bon endroit pour boire.""]"
,Twenty six,The bar was full of people.,English,"[""Le bar était plein de gens.""]"
,Twenty seven,The lost fishing boat returned to its safe harbor.,English,"[""Le bateau de pêche qui avait été perdu est retourné à son port sain et sauf.""]"
,Twenty eight,the boat is [being] attacked by pirates.,English,"[""le bateau est attaqué par des pirates.""]"
,Twenty nine,The building I saw was very large.,English,"[""Le bâtiment que je vis était très grand.""]"
,Thirty,The baby in the cradle is very cute.,English,"[""Le bébé dans le berceau est très mignon.""]"
,Thirty one,The baby is sleeping.,English,"[""Le bébé est en train de dormir.""]"
,Thirty two,The baby is crawling on all fours.,English,"[""Le bébé est en train de marcher à quatre pattes.""]"
,Thirty three,The baby is crawling.,English,"[""Le bébé est en train de ramper.""]"
,One,The baby crawls on all fours.,English,"[""Le bébé marche à quatre pattes.""]"
,Two,The baby does not yet know how to use a spoon.,English,"[""Le bébé ne sait pas encore utiliser une cuillère.""]"
,Three,The baby is crawling.,English,"[""Le bébé rampe.""]"
,Four,Blue cheese looks like Roquefort,English,"[""Le bleu ressemble au roquefort""]"
,Five,Blue suits you very well.,English,"[""Le bleu vous va très bien.""]"
,Six,Wood burns easily.,English,"[""Le bois brûle facilement.""]"
,Seven,The bus arrives.,English,"[""Le bus arrive.""]"
,Eight,The bus will lead us to the castle.,English,"[""Le bus va nous mener au château.""]"
,Nine,The coffee is very hot.,English,"[""Le café est très chaud.""]"
,Ten,The truck left.,English,"[""Le camion est parti.""]"
,Eleven,The captain controls the entire ship.,English,"[""Le capitaine contrôle tout le navire.""]"
,Twelve,The hat is too small for me.,English,"[""Le chapeau est trop petit pour moi.""]"
,Thirteen,The cat ate the mouse.,English,"[""Le chat a mangé la souris.""]"
,Fourteen,The cat is adorable.,English,"[""Le chat est adorable.""]"
,Sixteen,The cat is in the house.,English,"[""Le chat est dans la maison.""]"
,Seventeen,The cat is in the well.,English,"[""Le chat est dans le puits.""]"
,Eighteen,The cat is wet.,English,"[""Le chat est mouillé.""]"
,Nineteen,The cat is black.,English,"[""Le chat est noir.""]"
,Twenty,The cat is on the roof.,English,"[""Le chat est sur le toit.""]"
,Twenty one,"The cat goes meow.",English,"[""Le chat fait miaou.""]"
,Twenty two,Mary's dog [nonstandard],English,"[""le chien à Marie""]"
,Twenty three,The dog is dying.,English,"[""Le chien est mourant.""]"
,Twenty four,The dog is under the table.,English,"[""Le chien est sous la table.""]"
,Twenty five,The dog is on the chair.,English,"[""Le chien est sur la chaise.""]"
,Twenty six,The dog was dying.,English,"[""Le chien était mourant.""]"
,Twenty seven,The dog was always loyal to his owner.,English,"[""Le chien était toujours fidèle à son maître.""]"
,Twenty eight,The dog came running towards me.,English,"[""Le chien vint vers moi en courant.""]"
,Twenty nine,Unemployment is high.,English,"[""Le chômage est élevé.""]"
,Thirty,The sky is blue.,English,"[""Le ciel est bleu.""]"
,Thirty one,The sky was very dark.,English,"[""Le ciel était très sombre.""]"
,Thirty two,The sky looks angry.,English,"[""Le ciel semble en colère.""]"
,Thirty three,The circus is in town.,English,"[""Le cirque est en ville.""]"
,One,Lemon is a yellow fruit.,English,"[""Le citron est un fruit jaune.""]"
,Two,The climate is mild in this country.,English,"[""Le climat est doux dans ce pays.""]"
,Three,The climate here is mild.,English,"[""Le climat ici est doux.""]"
,Four,The dog's collar is red.,English,"[""Le collier du chien est rouge.""]"
,Five,The fight is over.,English,"[""Le combat est terminé.""]"
,Six,The count comported himself as if he were God Almighty.,English,"[""Le comte trancha du grand seigneur.""]"
,Seven,The concert has already started.,English,"[""Le concert a déjà commencé.""]"
,Eight,The concert was like a dream.,English,"[""Le concert était comme un rêve.""]"
,Nine,Context is important.,English,"[""Le contexte est important.""]"
,Ten,The current of this river is rapid.,English,"[""Le courant de cette rivière est rapide.""]"
,Eleven,The current is fast around here.,English,"[""Le courant est rapide par ici.""]"
,Twelve,The mail has arrived.,English,"[""Le courrier est arrivé.""]"
,Thirteen,The cover is closed.,English,"[""Le couvercle est fermé.""]"
,Fourteen,The danger is over.,English,"[""Le danger est passé.""]"
,Sixteen,the member has the floor,English,"[""le député a la parole""]"
,Seventeen,The last one is the best.,English,"[""Le dernier est le meilleur.""]"
,Eighteen,The diamond looks authentic.,English,"[""Le diamant semble authentique.""]"
,Nineteen,The dictionary is on the desktop.,English,"[""Le dictionnaire est sur le bureau.""]"
,Twenty,Dinner is at six o'clock.,English,"[""Le dîner est à six heures.""]"
,Twenty one,Dinner is for me.,English,"[""Le dîner est pour moi.""]"
,Twenty two,Maybe the doctor will cure him of his cancer.,English,"[""Le docteur le guérira peut-être de son cancer.""]"
,Twenty three,The dollar is the currency of Australia.,English,"[""Le dollar est la monnaie d'Australie.""]"
,Twenty four,The flag is very beautiful.,English,"[""Le drapeau est très beau.""]"
,Twenty five,"Le and la become l' before a vowel or a silent ""h"".",English,"[""Le et la deviennent l' devant une voyelle ou un « h » muet.""]"
,Twenty six,The traffic light is green.,English,"[""Le feu est au vert.""]"
,Twenty seven,The film starts at ten.,English,"[""Le film commence à dix heures.""]"
,Twenty eight,The movie was so sad that everyone cried.,English,"[""Le film était si triste que tout le monde a pleuré.""]"
,Twenty nine,The river deposited a large amount of sediments alluvium at its mouth.,English,"[""Le fleuve a déposé d'importantes quantités d'alluvions à son embouchure""]"
,Thirty,The oven is still hot.,English,"[""Le four est encore chaud.""]"
,Thirty one,The cheese is made with milk.,English,"[""Le fromage est fait avec du lait.""]"
,Thirty two,The seed of vetch is a legume in the strict sense of the word.,English,"[""Le fruit de la vesce est un légume au sens strict.""]"
,Thirty three,The future will give us the answer.,English,"[""Le futur nous donnera la réponse.""]"
,One,The boy is tall for his age.,English,"[""Le gamin est grand pour son âge.""]"
,Two,The kid is on the throne.,English,"[""Le gamin est sur le trône.""]"
,Three,The boy has an apple in his pocket.,English,"[""Le garçon a une pomme dans sa poche.""]"
,Four,The boy who plays the guitar is my brother.,English,"[""Le garçon qui joue de la guitare est mon frère.""]"
,Five,The cake is delicious.,English,"[""Le gâteau est délicieux.""]"
,Six,The taste is perfect.,English,"[""Le goût est parfait.""]"
,Seven,the Ancient Greek language,English,"[""le grec ancien""]"
,Eight,The garden was surrounded by a wooden fence.,English,"[""Le jardin était entouré par une barrière en bois.""]"
,Nine,The young pianist surprised the audience.,English,"[""Le jeune pianiste a surpris le public.""]"
,Ten,The day when all the barriers will break down is near.,English,"[""Le jour est proche où toutes les barrières finiront par tomber.""]"
,Eleven,The lake is frozen.,English,"[""Le lac est gelé.""]"
,Twelve,The lake is large.,English,"[""Le lac est grand.""]"
,Thirteen,the lake is 100 metres deep,English,"[""le lac est profond de 100 mètres""]"
,Fourteen,The lake was frozen over.,English,"[""Le lac était gelé.""]"
,Sixteen,The milk had turned sour.,English,"[""Le lait avait tourné.""]"
,Seventeen,The milk of the morning.,English,"[""Le lait du matin.""]"
,Eighteen,The lion is the king of the jungle.,English,"[""Le lion est le roi de la jungle.""]"
,Nineteen,the liquid arrived from the tap,English,"[""le liquide est arrivé par le robinet""]"
,Twenty,The book is white.,English,"[""Le livre est blanc.""]"
,Twenty one,The rent is very high.,English,"[""Le loyer est très élevé.""]"
,Twenty two,The store was full of young people.,English,"[""Le magasin était plein de jeunes gens.""]"
,Twenty three,The store was full of people.,English,"[""Le magasin était plein de monde.""]"
,Twenty four,The master can see you.,English,"[""Le maître peut vous voir.""]"
,Twenty five,Evil comes without one thinking of it.,English,"[""Le mal vient sans qu'on y pense.""]"
,Twenty six,The patient didn't have any appetite. literally: The patient didn't find an appetite for anything.,English,"[""Le malade ne trouvait goût à rien.""]"
,Twenty seven,The husband is not to blame.,English,"[""Le mari n'a aucun tort.""]"
,Twenty eight,The match was canceled due to rain.,English,"[""Le match fut annulé à cause de la pluie.""]"
,Twenty nine,The doctor will be there in a minute.,English,"[""Le médecin sera là dans une minute.""]"
,Thirty,Murder is against the law.,English,"[""Le meurtre est contre la loi.""]"
,Thirty one,Mine is totally different.,English,"[""Le mien est totalement différent.""]"
,Thirty two,The present moment is a good moment.,English,"[""Le moment présent est un bon moment.""]"
,Thirty three,The whole world is watching us.,English,"[""Le monde entier nous regarde.""]"
,One,The world is dangerous.,English,"[""Le monde est dangereux.""]"
,Two,The world is small.,English,"[""Le monde est petit.""]"
,Three,People annoy me sometimes.,English,"[""Le monde m'agace quelquefois.""]"
,Four,The museum is closed on Mondays.,English,"[""Le musée est fermé le lundi.""]"
,Five,The number of people suffering from heart problems has increased.,English,"[""Le nombre de personnes souffrant de problèmes cardiaques a augmenté.""]"
,Six,The new building is huge.,English,"[""Le nouveau bâtiment est énorme.""]"
,Seven,The new film was a great success.,English,"[""Le nouveau film fut un grand succès.""]"
,Eight,The pope is the head of the church.,English,"[""Le pape est le chef de l'Église.""]"
,Nine,The pope is dead.,English,"[""Le pape est mort.""]"
,Ten,The paper burns easily.,English,"[""Le papier brûle facilement.""]"
,Eleven,Raspberry flavor is rarely natural,English,"[""Le parfum des framboises est rarement naturel.""]"
,Twelve,The patient is out of danger now.,English,"[""Le patient est hors de danger à présent.""]"
,Thirteen,The poor young man eventually became a great artist.,English,"[""Le pauvre jeune homme devint finalement un grand artiste.""]"
,Fourteen,The whole country was covered in snow.,English,"[""Le pays en entier était couvert de neige.""]"
,Sixteen,The landscape is magnificent.,English,"[""Le paysage est magnifique.""]"
,Seventeen,Do you really mean it?,English,"[""Le penses-tu réellement ?""]"
,Eighteen,The father is in his office.,English,"[""Le père est dans son bureau.""]"
,Nineteen,The little boat was at the mercy of the wind.,English,"[""Le petit bateau était à la merci du vent.""]"
,Twenty,Breakfast is ready.,English,"[""Le petit-déjeuner est prêt.""]"
,Twenty one,The pirate buried his treasure.,English,"[""Le pirate a enterré son trésor.""]"
,Twenty two,The worst is already over.,English,"[""Le pire est déjà passé.""]"
,Twenty three,The worst is over.,English,"[""Le pire est passé.""]"
,Twenty four,The dish of the day is fish.,English,"[""Le plat du jour est du poisson.""]"
,Twenty five,Full.,English,"[""Le plein.""]"
,Twenty six,the most difficult,English,"[""le plus difficile""]"
,Twenty seven,The tire is a little deflated.,English,"[""Le pneu est un peu dégonflé.""]"
,Twenty eight,The tire is leaking.,English,"[""Le pneu fuit.""]"
,Twenty nine,Fish and red wine don't go well together.,English,"[""Le poisson et le vin rouge ne vont pas bien ensemble.""]"
,Thirty,The chicken was great.,English,"[""Le poulet était super.""]"
,Thirty one,The prince was changed into a tree by magic.,English,"[""Le prince fut changé en arbre par magie.""]"
,Thirty two,Spring has arrived.,English,"[""Le printemps est arrivé.""]"
,Thirty three,Spring is coming soon.,English,"[""Le printemps est pour bientôt.""]"
,One,The price of this car is very high.,English,"[""Le prix de cette voiture est très élevé.""]"
,Two,The process is underway.,English,"[""Le processus est en cours.""]"
,Three,The teacher has a great influence on his students.,English,"[""Le professeur a une grande influence sur ses élèves.""]"
,Four,Professor Smith is known for his eccentric lifestyle.,English,"[""Le professeur Smith est connu pour son style de vie excentrique.""]"
,Five,The meal is cooking.,English,"[""Le repas cuit.""]"
,Six,The meal is ready.,English,"[""Le repas est prêt.""]"
,Seven,Rest is important.,English,"[""Le repos est important.""]"
,Eight,The tank is full.,English,"[""Le réservoir est plein.""]"
,Nine,The delay was inevitable.,English,"[""Le retard était inévitable.""]"
,Ten,The return of Zidane gives the Blues [French national football team] back their spirits.,English,"[""Le retour de Zidane redonne de l'élan aux Bleus""]"
,Eleven,Laughter is good for your health.,English,"[""Le rire est bon pour la santé.""]"
,Twelve,The rice is still hot.,English,"[""Le riz est encore chaud.""]"
,Thirteen,Red is better.,English,"[""Le rouge est mieux.""]"
,Fourteen,The sand on the beach is very hot.,English,"[""Le sable sur la plage est très chaud.""]"
,Sixteen,The lord had absolute power over his subjects.,English,"[""Le seigneur avait un pouvoir absolu sur ses sujets.""]"
,Seventeen,The meaning of this sentence is obscure.,English,"[""Le sens de cette phrase est obscur.""]"
,Eighteen,The server is still down.,English,"[""Le serveur est encore en panne.""]"
,Nineteen,The service is excellent at this hotel.,English,"[""Le service est excellent dans cet hôtel.""]"
,Twenty,The only access to the village is by the river.,English,"[""Le seul accès au village est par la rivière.""]"
,Twenty one,The floor must be very clean.,English,"[""Le sol doit être très propre.""]"
,Twenty two,The ground is covered with snow.,English,"[""Le sol est recouvert de neige.""]"
,Twenty three,The soldier was wounded in the leg.,English,"[""Le soldat fut blessé à la jambe.""]"
,Twenty four,The sun is in the sky.,English,"[""Le soleil est dans le ciel.""]"
,Twenty five,The sun is larger than the moon.,English,"[""Le soleil est plus grand que la lune.""]"
,Twenty six,The sun is very important for life.,English,"[""Le soleil est très important pour la vie.""]"
,Twenty seven,The sun is a star.,English,"[""Le soleil est une étoile.""]"
,Twenty eight,The sun is rising.,English,"[""Le soleil se lève.""]"
,Twenty nine,The sound of this piano is nice.,English,"[""Le son de ce piano est agréable.""]"
,Thirty,Supper will cool.,English,"[""Le souper va refroidir.""]"
,Thirty one,The show was really interesting. You should have come to see him.,English,"[""Le spectacle était vraiment intéressant. Tu aurais dû venir le voir.""]"
,Thirty two,The show will be from 6 pm to 9 pm.,English,"[""Le spectacle sera de 18h à 21h.""]"
,Thirty three,The show will start soon.,English,"[""Le spectacle va bientôt commencer.""]"
,One,Sport is good for your health.,English,"[""Le sport est bon pour votre santé.""]"
,Two,The stadium is packed.,English,"[""Le stade est comble.""]"
,Three,The stadium was swamped with baseball fans.,English,"[""Le stade fut submergé par les fans de baseball.""]"
,Four,The pen is on the table.,English,"[""Le stylo est sur la table.""]"
,Five,color symbolism in Picasso's work,English,"[""le symbolisme des couleurs chez Picasso""]"
,Six,The carpet in my bedroom is green.,English,"[""Le tapis de ma chambre est vert.""]"
,Seven,The taxi has arrived.,English,"[""Le taxi est arrivé.""]"
,Eight,ADHD in adults,English,"[""le TDAH chez l'adulte""]"
,Nine,The phone is red.,English,"[""Le téléphone est rouge.""]"
,Ten,The weather changes often in England.,English,"[""Le temps change souvent en Angleterre.""]"
,Eleven,The time for discussion has passed.,English,"[""Le temps de la discussion est passé.""]"
,Twelve,The weather has become much hotter.,English,"[""Le temps est devenu beaucoup plus chaud.""]"
,Thirteen,Time is up.,English,"[""Le temps est écoulé.""]"
,Fourteen,The weather was superb.,English,"[""Le temps était superbe.""]"
,Sixteen,the weather is no good here,English,"[""le temps n'est pas bon ici""]"
,Seventeen,The thermometer often drops below zero.,English,"[""Le thermomètre descend souvent en dessous de zéro.""]"
,Eighteen,Yours is much bigger than mine.,English,"[""Le tien est beaucoup plus grand que le mien.""]"
,Nineteen,Yours is over there.,English,"[""Le tien est par là-bas.""]"
,Twenty,The desk drawer is open.,English,"[""Le tiroir du bureau est ouvert.""]"
,Twenty one,The roof of my house is red.,English,"[""Le toit de ma maison est rouge.""]"
,Twenty two,The train passed through the tunnel.,English,"[""Le train a traversé le tunnel.""]"
,Twenty three,The train will arrive at the station before noon.,English,"[""Le train arrivera à la gare avant midi.""]"
,Twenty four,The train will arrive at the station probably before noon.,English,"[""Le train arrivera en gare probablement avant midi.""]"
,Twenty five,The train is bound for London.,English,"[""Le train est à destination de Londres.""]"
,Twenty six,The train has arrived.,English,"[""Le train est arrivé.""]"
,Twenty seven,The train was delayed due to heavy snowfall.,English,"[""Le train fut retardé à cause des importantes chutes de neige.""]"
,Twenty eight,The train runs every 20 minutes.,English,"[""Le train passe toutes les vingt minutes.""]"
,Twenty nine,The train terminates in Rouen.,English,"[""Le train termine à Rouen.""]"
,Thirty,The train goes from Paris to Bordeaux.,English,"[""Le train va de Paris à Bordeaux.""]"
,Thirty one,My father's work is interesting.,English,"[""Le travail de mon père est intéressant.""]"
,Thirty two,The work must be finished by tomorrow.,English,"[""Le travail doit être fini pour demain.""]"
,Thirty three,Work is everything to me.,English,"[""Le travail est tout pour moi.""]"
,One,The bike that is there is my brother's.,English,"[""Le vélo qui est là est à mon frère.""]"
,Two,The wind caused some damage.,English,"[""Le vent a causé des dommages.""]"
,Three,The wind blows away the flowers.,English,"[""Le vent emporte les fleurs.""]"
,Four,The wind turns north.,English,"[""Le vent vire au nord.""]"
,Five,Glass breaks easily.,English,"[""Le verre casse facilement.""]"
,Six,Green looks good on you.,English,"[""Le vert te va bien.""]"
,Seven,Do you want it?,English,"[""Le veux-tu ?""]"
,Eight,Wine is made from grapes.,English,"[""Le vin est fait à partir du raisin.""]"
,Nine,Here it is.,English,"[""Le voilà.""]"
,Ten,Gabriel's neighbor,English,"[""le voisin de Gabriel""]"
,Eleven,Which should I use?,English,"[""Lequel devrais-je utiliser ?""]"
,Twelve,Which is the best?,English,"[""Lequel est le meilleur ?""]"
,Thirteen,Which one is mine?,English,"[""Lequel est le mien ?""]"
,Fourteen,Which one is your father?,English,"[""Lequel est ton père ?""]"
,Sixteen,Which one is your dog?,English,"[""Lequel est votre chien ?""]"
,Seventeen,Which is your book?,English,"[""Lequel est votre livre ?""]"
,Eighteen,Bees make honey.,English,"[""Les abeilles font du miel.""]"
,Nineteen,Business is business.,English,"[""Les affaires sont les affaires.""]"
,Twenty,The farmers are wishing to block the price of their wheat.,English,"[""Les agriculteurs souhaitent bloquer le prix de leur blé.""]"
,Twenty one,Animals are allowed.,English,"[""Les animaux sont autorisés.""]"
,Twenty two,The barbels of the pike.,English,"[""Les barbes du brochet.""]"
,Twenty three,The benefits should obviously outweigh the costs.,English,"[""Les bénéfices devraient évidemment dépasser les coûts.""]"
,Twenty four,The wheat fields were aerially sprayed with pesticide.,English,"[""Les champs de blé étaient traités avec des pesticides par avion.""]"
,Twenty five,Cats can catch mice.,English,"[""Les chats peuvent attraper les souris.""]"
,Twenty six,The shoes are made of leather.,English,"[""Les chaussures sont faites en cuir.""]"
,Twenty seven,Horses are animals.,English,"[""Les chevaux sont des animaux.""]"
,Twenty eight,Lemons are sour.,English,"[""Les citrons sont acides.""]"
,Twenty nine,Drivers must obey the highway code.,English,"[""Les conducteurs doivent respecter le code de la route.""]"
,Thirty,Pencils are sold by the dozen.,English,"[""Les crayons se vendent par douzaines.""]"
,Thirty one,The two girls laughed.,English,"[""Les deux filles ont ri.""]"
,Thirty two,The two men sitting on the bench were Americans.,English,"[""Les deux hommes assis sur le banc étaient américains.""]"
,Thirty three,The rights of individuals are important in a free society.,English,"[""Les droits des individus sont importants dans une société libre.""]"
,One,The pupils go to school by coach.,English,"[""Les élèves vont à l'école en car.""]"
,Two,Children should drink milk every day.,English,"[""Les enfants devraient boire du lait tous les jours.""]"
,Three,Children should go to bed without watching television.,English,"[""Les enfants doivent aller au lit sans regarder la télévision.""]"
,Four,Children play in the park every day.,English,"[""Les enfants jouent dans le parc tous les jours.""]"
,Five,Children need a lot of sleep.,English,"[""Les enfants ont besoin de beaucoup de sommeil.""]"
,Six,Children are our future.,English,"[""Les enfants sont notre avenir.""]"
,Seven,Exercises are good for your health.,English,"[""Les exercices sont bons pour la santé.""]"
,Eight,Women generally live longer than men.,English,"[""Les femmes vivent généralement plus longtemps que les hommes.""]"
,Nine,The leaves have fallen.,English,"[""Les feuilles sont tombées.""]"
,Ten,The leaves fall in autumn.,English,"[""Les feuilles tombent en automne.""]"
,Eleven,The American Forces have invaded the Iraqi territory,English,"[""Les forces américaines ont envahi le territoire iraquien.""]"
,Twelve,The fruits are in the basket.,English,"[""Les fruits sont dans le panier.""]"
,Thirteen,People say that I am the devil.,English,"[""Les gens disent que je suis le diable.""]"
,Fourteen,People have the right to defend themselves.,English,"[""Les gens ont le droit de se défendre.""]"
,Sixteen,The Japanese eat with chopsticks.,English,"[""Les japonais mangent avec des baguettes.""]"
,Seventeen,The young businessmen shook each other's hands.,English,"[""Les jeunes hommes d'affaires se sont serré la main.""]"
,Eighteen,The Jews suffered greatly under the oppression of the Nazi regime.,English,"[""Les Juifs ont grandement souffert sous la botte du régime nazi.""]"
,Nineteen,Rabbits have large ears.,English,"[""Les lapins ont de grandes oreilles.""]"
,Twenty,The rabbits are in heat.,English,"[""Les lapins sont en chaleur.""]"
,Twenty one,Books are made of paper.,English,"[""Les livres sont faits de papier.""]"
,Twenty two,The books are on the bench.,English,"[""Les livres sont sur le banc.""]"
,Twenty three,Bad news travels fast.,English,"[""Les mauvaises nouvelles vont vite.""]"
,Twenty four,Medicines should be kept out of the reach of children.,English,"[""Les médicaments doivent être hors de la portée des enfants.""]"
,Twenty five,The members of the committee are all men.,English,"[""Les membres du comité sont tous des hommes.""]"
,Twenty six,The United Nations is an international organization.,English,"[""Les Nations Unies sont une organisation internationale.""]"
,Twenty seven,The birds sing.,English,"[""Les oiseaux chantent.""]"
,Twenty eight,Birds build a nest in the spring to rear their young in it.,English,"[""Les oiseaux construisent un nid au printemps pour élever leurs petits dedans.""]"
,Twenty nine,The birds fly.,English,"[""Les oiseaux volent.""]"
,Thirty,The night shift operators process batch jobs.,English,"[""Les opérateurs de l'équipe de nuit traitent les tâches par lots.""]"
,Thirty one,The biggest stars were present at this event.,English,"[""Les plus grandes vedettes étaient présentes lors de cet évènement.""]"
,Thirty two,Politicians never tell us their ulterior motives.,English,"[""Les politiciens ne nous disent jamais leurs arrières-pensées.""]"
,Thirty three,The first Atlantic TGV trains were orange.,English,"[""Les premiers TGV atlantiques étaient orange.""]"
,One,Prices have reached a peak of thirteen years.,English,"[""Les prix ont atteint un pic de treize ans.""]"
,Two,The prices are high.,English,"[""Les prix sont élevés.""]"
,Three,court-appointed prosecutors,English,"[""les procureurs près les tribunaux""]"
,Four,The sisters are both very beautiful.,English,"[""Les sœurs sont toutes les deux très belles.""]"
,Five,The Starbucks are springing up like mushrooms here.,English,"[""Les Starbucks poussent comme des champignons ici.""]"
,Six,Taxis are expensive.,English,"[""Les taxis sont chers.""]"
,Seven,Modern transport allows us to travel around the world in a few days.,English,"[""Les transports modernes nous permettent de faire le tour du monde en quelques jours.""]"
,Eight,the vitrines of a museum,English,"[""les vitrines d'un musée""]"
,Nine,Their house is far from the station.,English,"[""Leur maison est loin de la gare.""]"
,Ten,to thicken a sauce,English,"[""lier une sauce""]"
,Eleven,Reading a book is interesting.,English,"[""Lire un livre est intéressant.""]"
,Twelve,Read the label carefully.,English,"[""Lis attentivement l'étiquette.""]"
,Thirteen,Read the message one more time.,English,"[""Lis le message encore une fois.""]"
,Fourteen,Read it one more time.,English,"[""Lis-le encore une fois.""]"
,Sixteen,Long live the king!,English,"[""Longue vie au roi !""]"
,Seventeen,Louis will lead this lesson.,English,"[""Louis va mener ce cours.""]"
,Eighteen,He and I are cousins.,English,"[""Lui et moi sommes cousins.""]"
,Nineteen,He and I are almost the same height.,English,"[""Lui et moi sommes presque de la même taille.""]"
,Twenty,to fight/struggle against discrimation,English,"[""lutter contre la discrimination""]"
,Twenty one,My room is very small.,English,"[""Ma chambre est très petite.""]"
,Twenty two,My home is yours.,English,"[""Ma demeure est la vôtre.""]"
,Twenty three,My family is small.,English,"[""Ma famille est petite.""]"
,Twenty four,My wife is cooking.,English,"[""Ma femme est en train de faire la cuisine.""]"
,Twenty five,My wife is pregnant.,English,"[""Ma femme est enceinte.""]"
,Twenty six,My daughter is going to marry in June.,English,"[""Ma fille va se marier en juin.""]"
,Twenty seven,My daughter wants a kitten.,English,"[""Ma fille veut un chaton.""]"
,Twenty eight,My big sister swims very fast.,English,"[""Ma grande sœur nage très vite.""]"
,Twenty nine,My house is north of the library.,English,"[""Ma maison est au nord de la bibliothèque.""]"
,Thirty,My house is great.,English,"[""Ma maison est chouette.""]"
,Thirty one,My house is made of wood.,English,"[""Ma maison est en bois.""]"
,Thirty two,My house is at the top of the road.,English,"[""Ma maison est en haut de la route.""]"
,Thirty three,My house is facing south.,English,"[""Ma maison est face au sud.""]"
,One,My house is tiny.,English,"[""Ma maison est minuscule.""]"
,Two,My house is near the park.,English,"[""Ma maison est près du parc.""]"
,Three,My house was on fire.,English,"[""Ma maison était en feu.""]"
,Four,My house stands on a hill.,English,"[""Ma maison se tient sur une colline.""]"
,Five,My mother cooks well.,English,"[""Ma mère cuisine bien.""]"
,Six,My mother is in the kitchen.,English,"[""Ma mère est dans la cuisine.""]"
,Seven,My mother went to the beauty salon.,English,"[""Ma mère est partie au salon de beauté.""]"
,Eight,My mother and my aunt are twins.,English,"[""Ma mère et ma tante sont jumelles.""]"
,Nine,My mother makes dinner.,English,"[""Ma mère fait le dîner.""]"
,Ten,My mother makes a cake for my father.,English,"[""Ma mère fait un gâteau pour mon père.""]"
,Eleven,My mother makes us tea.,English,"[""Ma mère nous fait du thé.""]"
,Twelve,My mom is on a diet.,English,"[""Ma mère suit un régime.""]"
,Thirteen,My watch is broken.,English,"[""Ma montre est cassée.""]"
,Fourteen,My niece is attractive and mature for her age.,English,"[""Ma nièce est attirante et mature pour son âge.""]"
,Sixteen,My new car is red.,English,"[""Ma nouvelle voiture est rouge.""]"
,Seventeen,My skin is very sensitive.,English,"[""Ma peau est très sensible.""]"
,Eighteen,My success is unlikely.,English,"[""Ma réussite est improbable.""]"
,Nineteen,My sister is between twenty and thirty years old.,English,"[""Ma sœur a entre vingt et trente ans.""]"
,Twenty,My sister loves children.,English,"[""Ma sœur adore les enfants.""]"
,Twenty one,My sister is famous.,English,"[""Ma sœur est célèbre.""]"
,Twenty two,My sister is married.,English,"[""Ma sœur est mariée.""]"
,Twenty three,My sister is younger than me.,English,"[""Ma sœur est plus jeune que moi.""]"
,Twenty four,My sister is shorter than you.,English,"[""Ma sœur est plus petite que toi.""]"
,Twenty five,My sister is a very pretty girl.,English,"[""Ma sœur est une très jolie fille.""]"
,Twenty six,My sister and I went to the castle.,English,"[""Ma sœur et moi sommes allés au château.""]"
,Twenty seven,My sister is playing dolls.,English,"[""Ma sœur joue aux poupées.""]"
,Twenty eight,My sister plays the piano every day.,English,"[""Ma sœur joue du piano chaque jour.""]"
,Twenty nine,My sister puts her treasures under her pillow.,English,"[""Ma sœur met ses trésors sous son oreiller.""]"
,Thirty,My sister takes a shower every morning.,English,"[""Ma sœur prend une douche tous les matins.""]"
,Thirty one,My sister looks like my mother.,English,"[""Ma sœur ressemble à ma mère.""]"
,Thirty two,My aunt had three children.,English,"[""Ma tante avait trois enfants.""]"
,Thirty three,My car is right there.,English,"[""Ma voiture est juste là.""]"
,One,My car is dirty.,English,"[""Ma voiture est sale.""]"
,Two,My car won't start.,English,"[""Ma voiture ne démarre pas.""]"
,Three,Shakespeare's Macbeth is a tragedy.,English,"[""Macbeth de Shakespeare est une tragédie.""]"
,Four,Chew your food well.,English,"[""Mâche bien ta nourriture.""]"
,Five,Macy Gray got through a lot of ordeals.,English,"[""Macy Gray a traversé bien des épreuves.""]"
,Six,hedge magic,English,"[""magie marronne""]"
,Seven,May comes after April.,English,"[""Mai vient après avril.""]"
,Eight,Now I understand everything.,English,"[""Maintenant je comprends tout.""]"
,Nine,Now I am on duty.,English,"[""Maintenant je suis en service.""]"
,Ten,Now I'm serious.,English,"[""Maintenant je suis sérieux.""]"
,Eleven,Now I am serious.,English,"[""Maintenant je suis sérieux.""]"
,Twelve,Now leave us.,English,"[""Maintenant laissez nous.""]"
,Thirteen,Now the mountain is hidden by the clouds.,English,"[""Maintenant, la montagne est cachée par les nuages.""]"
,Fourteen,But yeah!,English,"[""Mais ouais !""]"
,Sixteen,Mastering a foreign language requires patience.,English,"[""Maîtriser une langue étrangère demande de la patience.""]"
,Seventeen,Mom has a fever.,English,"[""Maman a de la fièvre.""]"
,Eighteen,Mom cried.,English,"[""Maman a pleuré.""]"
,Nineteen,Mom is always right.,English,"[""Maman a toujours raison.""]"
,Twenty,Mom bought us a puppy.,English,"[""Maman nous a acheté un chiot.""]"
,Twenty one,To eat in a restaurant.,English,"[""Manger au restaurant.""]"
,Twenty two,Eating vegetables is very good for one's health.,English,"[""Manger des légumes est très bon pour la santé.""]"
,Twenty three,Eating fish is good for your health.,English,"[""Manger du poisson est bon pour la santé.""]"
,Twenty four,Do you eat rice every day?,English,"[""Mangez-vous du riz tous les jours ?""]"
,Twenty five,Walk in front of me.,English,"[""Marche devant moi.""]"
,Twenty six,walk in twos,English,"[""marcher par deux""]"
,Twenty seven,Do you walk hand in hand?,English,"[""Marchez-vous main dans la main ?""]"
,Twenty eight,scratched,English,"[""marqué de coups""]"
,Twenty nine,Will you do me a favor?,English,"[""Me ferez-vous une faveur ?""]"
,Thirty,Am I wrong?,English,"[""Me trompé-je ?""]"
,Thirty one,Here I am.,English,"[""Me voici.""]"
,Thirty two,Here I am satisfied.,English,"[""Me voilà satisfait.""]"
,Thirty three,Even kings must die,English,"[""Même les rois doivent mourir""]"
,One,Even a child can do this.,English,"[""Même un enfant peut faire ça.""]"
,Two,Thank you very much!,English,"[""Merci beaucoup!""]"
,Three,Thank you for helping me celebrate my birthday.,English,"[""Merci de m'aider à fêter mon anniversaire.""]"
,Four,Please pay for the meal.,English,"[""Merci de payer pour le repas.""]"
,Five,Thank you for taking care of all this.,English,"[""Merci de prendre soin de tout ceci.""]"
,Six,Thank you for the lesson.,English,"[""Merci pour la leçon.""]"
,Seven,Thank you for the food.,English,"[""Merci pour la nourriture.""]"
,Eight,Thank you for the pizza.,English,"[""Merci pour la pizza.""]"
,Nine,Thank you for the soup.,English,"[""Merci pour la soupe.""]"
,Ten,Thank you for the coffee.,English,"[""Merci pour le café.""]"
,Eleven,Thank you for the necklace.,English,"[""Merci pour le collier.""]"
,Twelve,Thank you for the compliment!,English,"[""Merci pour le compliment !""]"
,Thirteen,Thanks for dinner.,English,"[""Merci pour le dîner.""]"
,Fourteen,Thanks for the meal.,English,"[""Merci pour le repas.""]"
,Sixteen,Thank you for your help.,English,"[""Merci pour ton aide.""]"
,Seventeen,Thank you for all the fish!,English,"[""Merci pour tout le poisson !""]"
,Eighteen,Thank you for your gift.,English,"[""Merci pour votre cadeau.""]"
,Nineteen,Mother was worried about the children.,English,"[""Mère était inquiète à propos des enfants.""]"
,Twenty,Mother was very busy most of the time.,English,"[""Mère était très occupée la plupart du temps.""]"
,Twenty one,I miss my friends.,English,"[""Mes amies me manquent.""]"
,Twenty two,I miss my friends.,English,"[""Mes amis me manquent.""]"
,Twenty three,My friends are in danger.,English,"[""Mes amis sont en danger.""]"
,Twenty four,My parents are in Australia.,English,"[""Mes parents sont en Australie.""]"
,Twenty five,My eyes are blue.,English,"[""Mes yeux sont bleus.""]"
,Twenty six,Measure each angle of the triangle.,English,"[""Mesure chaque angle du triangle.""]"
,Twenty seven,Put the rope in the crate.,English,"[""Mets la corde dans la caisse.""]"
,Twenty eight,Put the car in the garage.,English,"[""Mets la voiture au garage.""]"
,Twenty nine,Put the kid in bed!,English,"[""Mets le gosse au lit !""]"
,Thirty,Put the book on the table.,English,"[""Mets le livre sur la table.""]"
,Thirty one,Put your room in order.,English,"[""Mets ta chambre en ordre.""]"
,Thirty two,Put on your shoes and let's go to dinner.,English,"[""Mets tes chaussures et allons dîner.""]"
,Thirty three,Put on your coat.,English,"[""Mets ton manteau.""]"
,One,Put on some music.,English,"[""Mets un peu de musique.""]"
,Two,Put it on the wall.,English,"[""Mets-la sur le mur.""]"
,Three,Put that on the note.,English,"[""Mettez ça sur la note.""]"
,Four,Put on your mask.,English,"[""Mettez votre masque.""]"
,Five,Let's get the office in order.,English,"[""Mettons en ordre le bureau.""]"
,Six,to set fire to,English,"[""mettre le feu à""]"
,Seven,to paint,English,"[""mettre un coup de peinture""]"
,Eight,Mike was very fond of animals.,English,"[""Mike aimait beaucoup les animaux.""]"
,Nine,Mike is the only man on the committee.,English,"[""Mike est le seul homme du comité.""]"
,Ten,minute by minute,English,"[""minute à minute""]"
,Eleven,Wait a minute!,English,"[""Minute papillon !""]"
,Twelve,Me too.,English,"[""Moi aussi""]"
,Thirteen,Me too.,English,"[""Moi aussi.""]"
,Fourteen,Neither do I.,English,"[""Moi non plus.""]"
,Sixteen,minus five,English,"[""moins cinq""]"
,Seventeen,My age weighs me down.,English,"[""Mon âge me pèse.""]"
,Eighteen,My ex-boyfriend ditched me.,English,"[""Mon ancien petit ami m'a plaquée.""]"
,Nineteen,It's my birthday soon.,English,"[""Mon anniversaire est très près.""]"
,Twenty,My birthday was last week.,English,"[""Mon anniversaire était la semaine dernière.""]"
,Twenty one,My future is strongly linked to the finances of my company.,English,"[""Mon avenir est fortement lié aux finances de ma société.""]"
,Twenty two,My boat is small.,English,"[""Mon bateau est petit.""]"
,Twenty three,My cat loves shrimp.,English,"[""Mon chat adore les crevettes.""]"
,Twenty four,My college has a dormitory.,English,"[""Mon collège comporte un dortoir.""]"
,Twenty five,My crime seems unreal to me.,English,"[""Mon crime me semble irréel.""]"
,Twenty six,My school has a music group.,English,"[""Mon école a un groupe de musique.""]"
,Twenty seven,My child was in the car.,English,"[""Mon enfant était dans la voiture.""]"
,Twenty eight,My son is small for his age.,English,"[""Mon fils est petit pour son âge.""]"
,Twenty nine,My brother is eight years older than me.,English,"[""Mon frère a huit ans de plus que moi.""]"
,Thirty,My brother has a gift for painting.,English,"[""Mon frère a un don pour la peinture.""]"
,Thirty one,My brother has a good memory.,English,"[""Mon frère a une bonne mémoire.""]"
,Thirty two,My brother is at his office.,English,"[""Mon frère est à son bureau.""]"
,Thirty three,My brother is outside.,English,"[""Mon frère est dehors.""]"
,One,My brother is in good health.,English,"[""Mon frère est en bonne santé.""]"
,Two,My brother didn't do anything.,English,"[""Mon frère n'a rien fait.""]"
,Three,My older brother has a mustache.,English,"[""Mon grand frère a une moustache.""]"
,Four,My clock seems broken.,English,"[""Mon horloge semble cassée.""]"
,Five,My idea is better.,English,"[""Mon idée est mieux.""]"
,Six,My husband is at work.,English,"[""Mon mari est au travail.""]"
,Seven,My nose is runny.,English,"[""Mon nez coule.""]"
,Eight,My nose is big.,English,"[""Mon nez est gros.""]"
,Nine,My name is on the door.,English,"[""Mon nom est sur la porte.""]"
,Ten,My uncle made a fortune.,English,"[""Mon oncle a fait fortune.""]"
,Eleven,My uncle has three children.,English,"[""Mon oncle a trois enfants.""]"
,Twelve,My uncle has a farm in the village.,English,"[""Mon oncle a une ferme dans le village.""]"
,Thirteen,My uncle came to see me.,English,"[""Mon oncle est venu me voir.""]"
,Fourteen,My uncle comes to see me from time to time.,English,"[""Mon oncle vient me voir de temps en temps.""]"
,Sixteen,My pants are wet.,English,"[""Mon pantalon est mouillé.""]"
,Seventeen,My daddy is a little old fashioned.,English,"[""Mon papa est un peu démodé.""]"
,Eighteen,My boss gave me some extra vacation days.,English,"[""Mon patron m'a accordé quelques jours de vacances supplémentaires.""]"
,Nineteen,My grandpa believes that the moon landing was a hoax.,English,"[""Mon pépé croit que l'atterrissage sur la Lune était un canular.""]"
,Twenty,My father has five sisters.,English,"[""Mon père a cinq sœurs.""]"
,Twenty one,My father cut the wood with a saw.,English,"[""Mon père a coupé le bois avec une scie.""]"
,Twenty two,My father has already quit smoking and drinking.,English,"[""Mon père a déjà arrêté de fumer et de boire.""]"
,Twenty three,My father put his hand on my shoulder.,English,"[""Mon père a posé sa main sur mon épaule.""]"
,Twenty four,My father is at home.,English,"[""Mon père est à la maison.""]"
,Twenty five,My father is absent because of his work.,English,"[""Mon père est absent à cause de son travail.""]"
,Twenty six,My father is in the garden.,English,"[""Mon père est dans le jardin.""]"
,Twenty seven,My father is in his room.,English,"[""Mon père est dans sa chambre.""]"
,Twenty eight,My father has been in good condition since his operation.,English,"[""Mon père est dans un bon état depuis son opération.""]"
,Twenty nine,My father is grown up.,English,"[""Mon père est grand.""]"
,Thirty,My father is busy.,English,"[""Mon père est occupé.""]"
,Thirty one,My father came out.,English,"[""Mon père est sorti.""]"
,Thirty two,My father is very kind.,English,"[""Mon père est très gentil.""]"
,Thirty three,My father is an expert surgeon.,English,"[""Mon père est un chirurgien expert.""]"
,One,My dad is really very involved in the stock market now.,English,"[""Mon père est vraiment très impliqué dans la bourse à présent.""]"
,Two,My father and my uncle are twins.,English,"[""Mon père et mon oncle sont jumeaux.""]"
,Three,My father was in the Navy.,English,"[""Mon père était dans la Marine.""]"
,Four,My father was an actor.,English,"[""Mon père était un acteur.""]"
,Five,My father bought me a motorcycle.,English,"[""Mon père m'a acheté une moto.""]"
,Six,My dad doesn't drink liquor.,English,"[""Mon père ne boit pas de liqueur.""]"
,Seven,My dad won't let me drive.,English,"[""Mon père ne me laisse pas conduire.""]"
,Eight,My father works in a factory.,English,"[""Mon père travaille dans une usine.""]"
,Nine,My father works here.,English,"[""Mon père travaille ici.""]"
,Ten,My father works for a bank.,English,"[""Mon père travaille pour une banque.""]"
,Eleven,My father is getting better and better.,English,"[""Mon père va de mieux en mieux.""]"
,Twelve,My grandson is still a baby.,English,"[""Mon petit-fils est encore un bébé.""]"
,Thirteen,My pulse is fast.,English,"[""Mon pouls est rapide.""]"
,Fourteen,My bag is stolen.,English,"[""Mon sac a été volé.""]"
,Sixteen,My bag is very heavy.,English,"[""Mon sac est très lourd.""]"
,Seventeen,My service begins at noon.,English,"[""Mon service commence à midi.""]"
,Eighteen,My work is my passion.,English,"[""Mon travail est ma passion.""]"
,Nineteen,My work is almost finished.,English,"[""Mon travail est presque fini.""]"
,Twenty,My glass is dirty.,English,"[""Mon verre est sale.""]"
,Twenty one,My neighbor has gone mad.,English,"[""Mon voisin est devenu fou.""]"
,Twenty two,Get in the van!,English,"[""Monte dans la camionnette !""]"
,Twenty three,Go up those stairs.,English,"[""Montez ces escaliers.""]"
,Twenty four,Step into the back seat.,English,"[""Montez dans la banquette arrière.""]"
,Twenty five,Go up.,English,"[""Montez.""]"
,Twenty six,Show me!,English,"[""Montre-moi !""]"
,Twenty seven,Show me how to do it.,English,"[""Montre-moi comment faire.""]"
,Twenty eight,Show me an example.,English,"[""Montre-moi un exemple.""]"
,Twenty nine,Show me!,English,"[""Montrez-moi !""]"
,Thirty,pepper mill,English,"[""moulin à poivre""]"
,Thirty one,Don't forget to save your work before performing the next edit.,English,"[""N'oubliez pas d'enregistrer votre travail avant de faire la prochaine modification.""]"
,Thirty two,Nancy has been on good terms with my sister for over five years.,English,"[""Nancy a été en bons termes avec ma sœur pendant plus de cinq ans.""]"
,Thirty three,Nancy looks like my big sister.,English,"[""Nancy ressemble à ma grande sœur.""]"
,One,Don't slam the door.,English,"[""Ne claque pas la porte.""]"
,Two,Don't start doing this.,English,"[""Ne commence pas à faire ça.""]"
,Three,Do not run.,English,"[""Ne courez pas.""]"
,Four,Do not run.,English,"[""Ne cours pas.""]"
,Five,Fear not,English,"[""Ne craignez point""]"
,Six,Do not disturb.,English,"[""Ne dérange pas.""]"
,Seven,Don't get fat.,English,"[""Ne deviens pas gras.""]"
,Eight,Do not say that.,English,"[""Ne dis pas ça.""]"
,Nine,Never tell lies.,English,"[""Ne dites jamais de mensonges.""]"
,Ten,Do not make noise.,English,"[""Ne fais pas de bruit.""]"
,Eleven,Don't make the same mistake yet.,English,"[""Ne fais pas encore la même erreur.""]"
,Twelve,Wouldn't we be better off leaving early?,English,"[""Ne ferions-nous pas mieux de partir tôt ?""]"
,Thirteen,Don't throw this mug away.,English,"[""Ne jetez pas cette tasse.""]"
,Fourteen,Don't play on the street.,English,"[""Ne joue pas dans la rue.""]"
,Sixteen,Don't swear in public.,English,"[""Ne jurez pas en public.""]"
,Seventeen,Don't let go of the rope.,English,"[""Ne lâche pas la corde.""]"
,Eighteen,Don't let go of the dog.,English,"[""Ne lâche pas le chien.""]"
,Nineteen,Never let that happen again!,English,"[""Ne laisse plus jamais cela arriver !""]"
,Twenty,Don't leave it open.,English,"[""Ne le laissez pas ouvert.""]"
,Twenty one,Don't you mean it?,English,"[""Ne le penses-tu pas ?""]"
,Twenty two,Don't eat like a pig.,English,"[""Ne mange pas comme un porc.""]"
,Twenty three,Don't eat oysters.,English,"[""Ne mange pas les huîtres.""]"
,Twenty four,Do not eat too much.,English,"[""Ne mange pas trop.""]"
,Twenty five,Don't walk so fast.,English,"[""Ne marche pas si vite.""]"
,Twenty six,Don't tell me to calm down!,English,"[""Ne me dites pas de me calmer !""]"
,Twenty seven,Don't tell me.,English,"[""Ne me le dis pas.""]"
,Twenty eight,Don't touch me!,English,"[""Ne me touche pas !""]"
,Twenty nine,Don't show your emotions.,English,"[""Ne montre pas tes émotions.""]"
,Thirty,Don't die!,English,"[""Ne mourez pas !""]"
,Thirty one,Do not feed the dog.,English,"[""Ne nourris pas le chien.""]"
,Thirty two,Don't look at us.,English,"[""Ne nous regarde pas.""]"
,Thirty three,Do not talk!,English,"[""Ne parle pas !""]"
,One,Don't talk like that.,English,"[""Ne parle pas comme ça.""]"
,Two,Do not go.,English,"[""Ne partez pas.""]"
,Three,to feel under the weather,English,"[""ne pas être dans son assiette""]"
,Four,Don't think about the price.,English,"[""Ne pense pas au prix.""]"
,Five,Don't you think this is ridiculous?,English,"[""Ne penses-tu pas que ceci est ridicule ?""]"
,Six,Don't you think you deserve it?,English,"[""Ne pensez-vous pas le mériter ?""]"
,Seven,Don't waste your wallet.,English,"[""Ne perdez pas votre porte-monnaie.""]"
,Eight,Let's not waste our time.,English,"[""Ne perdons pas notre temps.""]"
,Nine,Don't lose your wallet.,English,"[""Ne perds pas ton porte-monnaie.""]"
,Ten,Don't cry like a child anymore.,English,"[""Ne pleure plus comme un enfant.""]"
,Eleven,Don't miss the bus.,English,"[""Ne rate pas le bus.""]"
,Twelve,Don't back up!,English,"[""Ne reculez pas !""]"
,Thirteen,Let's not watch television.,English,"[""Ne regardons pas la télévision.""]"
,Fourteen,Don't bite your nails.,English,"[""Ne ronge pas tes ongles.""]"
,Sixteen,Don't be angry.,English,"[""Ne sois pas fâché.""]"
,Seventeen,Do not be mad.,English,"[""Ne sois pas fâché.""]"
,Eighteen,Don't be mad!,English,"[""Ne sois pas fou !""]"
,Nineteen,Don't be miserable.,English,"[""Ne sois pas malheureux.""]"
,Twenty,Don't be shy.,English,"[""Ne sois pas timide.""]"
,Twenty one,Don't be an imitator.,English,"[""Ne sois pas un imitateur.""]"
,Twenty two,Don't be a bad boy.,English,"[""Ne sois pas un mauvais garçon.""]"
,Twenty three,Don't be such a poor guy!,English,"[""Ne sois pas un tel pauvre type !""]"
,Twenty four,Don't be upset.,English,"[""Ne sois pas vexé.""]"
,Twenty five,Do not be angry.,English,"[""Ne soyez pas en colère.""]"
,Twenty six,Don't be ridiculous!,English,"[""Ne soyez pas ridicule !""]"
,Twenty seven,Don't go far out of my sight.,English,"[""Ne t'éloigne pas de mon regard.""]"
,Twenty eight,Don't worry! informal,English,"[""Ne t'inquiète pas!""]"
,Twenty nine,Don't burn yourself.,English,"[""Ne te brûle pas.""]"
,Thirty,Do not get mad.,English,"[""Ne te fâche pas.""]"
,Thirty one,Do not get up.,English,"[""Ne te lève pas.""]"
,Thirty two,Do not make fun of me.,English,"[""Ne te moque pas de moi.""]"
,Thirty three,to hang by a thread,English,"[""ne tenir qu'à un fil""]"
,One,Don't take advantage of other people's weaknesses.,English,"[""Ne tire pas avantage des faiblesses des autres.""]"
,Two,Don't touch that.,English,"[""Ne touche pas à ça.""]"
,Three,Don't cheat.,English,"[""Ne triche pas.""]"
,Four,Don't go into this building.,English,"[""Ne va pas dans ce bâtiment.""]"
,Five,Don't go to my room!,English,"[""Ne va pas dans ma chambre !""]"
,Six,Don't you want to take a cake?,English,"[""Ne veux-tu pas prendre de gâteau ?""]"
,Seven,Don't you want tea?,English,"[""Ne voulez-vous pas du thé ?""]"
,Eight,Clean up this mess.,English,"[""Nettoie ce bazar.""]"
,Nine,Clean it up.,English,"[""Nettoie-le.""]"
,Ten,Clean that up.,English,"[""Nettoyez ça.""]"
,Eleven,Clean up this mess.,English,"[""Nettoyez ce bazar.""]"
,Twelve,Clean your room.,English,"[""Nettoyez votre chambre.""]"
,Thirteen,Clean it up.,English,"[""Nettoyez-le.""]"
,Fourteen,Nicole can speak Japanese very well.,English,"[""Nicole sait très bien parler japonais.""]"
,Sixteen,Christmas is coming.,English,"[""Noël approche.""]"
,Seventeen,Christmas is coming soon.,English,"[""Noël arrive bientôt.""]"
,Eighteen,black is the opposite of white,English,"[""noir est le contraire de blanc""]"
,Nineteen,Our people are everywhere.,English,"[""Nos gens sont partout.""]"
,Twenty,Our aim for the year will be the 14-16 year old consumer.,English,"[""Notre cible de l'année sera le consommateur de 14-16 ans.""]"
,Twenty one,Our investigation is ongoing.,English,"[""Notre enquête est en cours.""]"
,Twenty two,Our soccer team beats all the other teams in town.,English,"[""Notre équipe de foot bat toutes les autres équipes de la ville.""]"
,Twenty three,Our team is winning.,English,"[""Notre équipe est en train de gagner.""]"
,Twenty four,Our family consists of five people.,English,"[""Notre famille se compose de cinq personnes.""]"
,Twenty five,Our house is facing the beach.,English,"[""Notre maison est face à la plage.""]"
,Twenty six,Our plan got off to a bad start from the start.,English,"[""Notre plan est mal parti dès le début.""]"
,Twenty seven,Feed the hamster.,English,"[""Nourris le hamster.""]"
,Twenty eight,We gladly accept your offer.,English,"[""Nous acceptons ton offre avec plaisir.""]"
,Twenty nine,We go hunting.,English,"[""Nous allons à la chasse.""]"
,Thirty,We are going to Mexico. We are going there.,English,"[""Nous allons au Mexique. Nous y allons.""]"
,Thirty one,We are well.,English,"[""Nous allons bien.""]"
,Thirty two,We're going to have to do this ourselves.,English,"[""Nous allons devoir faire ceci nous-mêmes.""]"
,Thirty three,We are going to have fun.,English,"[""Nous allons nous amuser.""]"
,One,We will paint the wall.,English,"[""Nous allons peindre le mur.""]"
,Two,We will respond.,English,"[""Nous allons répondre.""]"
,Three,We are all fine.,English,"[""Nous allons tous bien.""]"
,Four,We will wait.,English,"[""Nous attendrons.""]"
,Five,We were both hungry.,English,"[""Nous avions tous les deux faim.""]"
,Six,We have enough time.,English,"[""Nous avons assez de temps.""]"
,Seven,We waited.,English,"[""Nous avons attendu.""]"
,Eight,We caught the thief.,English,"[""Nous avons attrapé le voleur.""]"
,Nine,We have a lot to do this morning.,English,"[""Nous avons beaucoup à faire ce matin.""]"
,Ten,We have a lot to do.,English,"[""Nous avons beaucoup à faire.""]"
,Eleven,We have a lot to buy.,English,"[""Nous avons beaucoup de choses à acheter.""]"
,Twelve,We have a lot in common.,English,"[""Nous avons beaucoup de choses en commun.""]"
,Thirteen,We need more time.,English,"[""Nous avons besoin de plus de temps.""]"
,Fourteen,We need your help.,English,"[""Nous avons besoin de votre aide.""]"
,Sixteen,We have activities for all tastes.,English,"[""Nous avons des activités pour tous les goûts.""]"
,Seventeen,We have two daughters.,English,"[""Nous avons deux filles.""]"
,Eighteen,We discussed a lot of things.,English,"[""Nous avons discuté de beaucoup de choses.""]"
,Nineteen,We have a lot of time tonight.,English,"[""Nous avons énormément de temps ce soir.""]"
,Twenty,We sent out the invitations yesterday.,English,"[""Nous avons envoyé les invitations hier.""]"
,Twenty one,We have been beaten.,English,"[""Nous avons été battus.""]"
,Twenty two,We had a complaint.,English,"[""Nous avons eu une plainte.""]"
,Twenty three,We got your message.,English,"[""Nous avons eu votre message.""]"
,Twenty four,We easily guessed the password.,English,"[""Nous avons facilement deviné le mot de passe.""]"
,Twenty five,We made a lot of noise.,English,"[""Nous avons fait beaucoup de bruit.""]"
,Twenty six,We did this yesterday.,English,"[""Nous avons fait ça hier.""]"
,Twenty seven,We are done.,English,"[""Nous avons fini.""]"
,Twenty eight,We have faith in you.,English,"[""Nous avons foi en vous.""]"
,Twenty nine,We have won the battle.,English,"[""Nous avons gagné la bataille.""]"
,Thirty,We won.,English,"[""Nous avons gagné.""]"
,Thirty one,We have freedom.,English,"[""Nous avons la liberté.""]"
,Thirty two,We have the right to bear arms.,English,"[""Nous avons le droit de porter des armes.""]"
,Thirty three,We have the same goal.,English,"[""Nous avons le même but.""]"
,One,We rented an apartment when we lived in New York.,English,"[""Nous avons loué un appartement quand nous vivions à New York.""]"
,Two,We swam in the sea.,English,"[""Nous avons nagé dans la mer.""]"
,Three,We obeyed the rules.,English,"[""Nous avons obéi au règlement.""]"
,Four,We forgot.,English,"[""Nous avons oublié.""]"
,Five,We have little time to waste.,English,"[""Nous avons peu de temps à perdre.""]"
,Six,We have taken strong action to prevent this.,English,"[""Nous avons pris des mesures fortes pour prévenir cela.""]"
,Seven,We took part in the discussion.,English,"[""Nous avons pris part à la discussion.""]"
,Eight,We took a taxi.,English,"[""Nous avons pris un taxi.""]"
,Nine,We received a warm welcome.,English,"[""Nous avons reçu un accueil chaleureux.""]"
,Ten,We watched a bird feed its young.,English,"[""Nous avons regardé un oiseau nourrir ses petits.""]"
,Eleven,We have succeeded.,English,"[""Nous avons réussi.""]"
,Twelve,We finished.,English,"[""Nous avons terminé.""]"
,Thirteen,We all looked out the window.,English,"[""Nous avons tous regardé par la fenêtre.""]"
,Fourteen,We have an advantage.,English,"[""Nous avons un avantage.""]"
,Sixteen,We have a contract.,English,"[""Nous avons un contrat.""]"
,Seventeen,We have medicine for you.,English,"[""Nous avons un médicament pour vous.""]"
,Eighteen,We have a prisoner.,English,"[""Nous avons un prisonnier.""]"
,Nineteen,We have a witness.,English,"[""Nous avons un témoin.""]"
,Twenty,We have an important job to do here.,English,"[""Nous avons un travail important à faire ici.""]"
,Twenty one,We have a good team.,English,"[""Nous avons une bonne équipe.""]"
,Twenty two,We have good news.,English,"[""Nous avons une bonne nouvelle.""]"
,Twenty three,We have a good view of the sea from the window.,English,"[""Nous avons une bonne vue sur la mer depuis la fenêtre.""]"
,Twenty four,We have an unusual relationship.,English,"[""Nous avons une relation inhabituelle.""]"
,Twenty five,We have a surprise.,English,"[""Nous avons une surprise.""]"
,Twenty six,We have a theory.,English,"[""Nous avons une théorie.""]"
,Twenty seven,We lived in Osaka for ten years before coming to Tokyo.,English,"[""Nous avons vécu à Osaka pendant dix ans avant de venir à Tokyo.""]"
,Twenty eight,We saw the monkey at the zoo.,English,"[""Nous avons vu le singe au zoo.""]"
,Twenty nine,We're looking for some milk.,English,"[""Nous cherchons du lait.""]"
,Thirty,We count on you.,English,"[""Nous comptons sur toi.""]"
,Thirty one,We are counting on you.,English,"[""Nous comptons sur vous.""]"
,Thirty two,We need to buy a new carpet for this room.,English,"[""Nous devons acheter un nouveau tapis pour cette pièce.""]"
,Thirty three,We must go to school.,English,"[""Nous devons aller à l'école.""]"
,One,We have to deliver our report before the end of the month.,English,"[""Nous devons délivrer notre rapport avant la fin du mois.""]"
,Two,We have to study the matter.,English,"[""Nous devons étudier la question.""]"
,Three,We have to evacuate the building.,English,"[""Nous devons évacuer le bâtiment.""]"
,Four,We have to form a team.,English,"[""Nous devons former une équipe.""]"
,Five,We must keep family traditions.,English,"[""Nous devons garder les traditions familiales.""]"
,Six,We have to go.,English,"[""Nous devons nous en aller.""]"
,Seven,We have to leave.,English,"[""Nous devons partir.""]"
,Eight,We have to go.,English,"[""Nous devons y aller.""]"
,Nine,We need it.,English,"[""Nous en avons besoin.""]"
,Ten,We are done.,English,"[""Nous en avons fini.""]"
,Eleven,We are done.,English,"[""Nous en avons terminé.""]"
,Twelve,We know little about his personal history.,English,"[""Nous en savons peu sur son histoire personnelle.""]"
,Thirteen,We hoped to have finished work before the holidays.,English,"[""Nous espérions avoir fini le travail avant les vacances.""]"
,Fourteen,We hope to do a good job.,English,"[""Nous espérons faire un bon travail.""]"
,Sixteen,We hope to invite Peter to Japan in the near future.,English,"[""Nous espérons inviter Peter au Japon dans un futur proche.""]"
,Seventeen,We hope you can help us.,English,"[""Nous espérons que vous pouvez nous aider.""]"
,Eighteen,We're trying.,English,"[""Nous essayons.""]"
,Nineteen,We were lucky.,English,"[""Nous étions chanceux.""]"
,Twenty,We better leave her alone.,English,"[""Nous ferions mieux de la laisser seule.""]"
,Twenty one,We will do our best.,English,"[""Nous ferons de notre mieux.""]"
,Twenty two,We will cook.,English,"[""Nous ferons la cuisine.""]"
,Twenty three,We keep the house.,English,"[""Nous gardons la maison.""]"
,Twenty four,We will go.,English,"[""Nous irons.""]"
,Twenty five,We accomplished it.,English,"[""Nous l'avons accompli.""]"
,Twenty six,We did it entirely.,English,"[""Nous l'avons entièrement fait.""]"
,Twenty seven,We know him.,English,"[""Nous le connaissons.""]"
,Twenty eight,We eat three times a day.,English,"[""Nous mangeons trois fois par jour.""]"
,Twenty nine,We do not intend to give up.,English,"[""Nous ne comptons pas abandonner.""]"
,Thirty,We don't know her.,English,"[""Nous ne la connaissons pas.""]"
,Thirty one,We can't see it.,English,"[""Nous ne pouvons pas le voir.""]"
,Thirty two,We do not know.,English,"[""Nous ne savons pas.""]"
,Thirty three,We are not rich.,English,"[""Nous ne sommes pas riches.""]"
,One,We're not far from Niagara Falls.,English,"[""Nous ne sommes plus très loin des chutes du Niagara.""]"
,Two,We expected a lot of snow.,English,"[""Nous nous attendions à beaucoup de neige.""]"
,Three,We talk to each other every day.,English,"[""Nous nous parlons tous les jours.""]"
,Four,We will leave the day after tomorrow.,English,"[""Nous partirons après-demain.""]"
,Five,We can try.,English,"[""Nous pouvons essayer.""]"
,Six,We can pay.,English,"[""Nous pouvons payer.""]"
,Seven,We know it is real.,English,"[""Nous savons que c'est réel.""]"
,Eight,We all know you are smart.,English,"[""Nous savons tous que tu es malin.""]"
,Nine,We will be happy to cooperate.,English,"[""Nous serons heureux de coopérer.""]"
,Ten,We are anxious.,English,"[""Nous sommes anxieux.""]"
,Eleven,We came within sight of the hill.,English,"[""Nous sommes arrivés en vue de la colline.""]"
,Twelve,We are under attack.,English,"[""Nous sommes attaqués.""]"
,Thirteen,We are Canadians.,English,"[""Nous sommes Canadiens.""]"
,Fourteen,We are at home.,English,"[""Nous sommes chez nous.""]"
,Sixteen,We are back.,English,"[""Nous sommes de retour.""]"
,Seventeen,We are old friends.,English,"[""Nous sommes de vieux amis.""]"
,Eighteen,We have become friends.,English,"[""Nous sommes devenus des amis.""]"
,Nineteen,We have become the laughing stock of the whole village.,English,"[""Nous sommes devenus la risée de tout le village.""]"
,Twenty,We are at war.,English,"[""Nous sommes en guerre.""]"
,Twenty one,We're late.,English,"[""Nous sommes en retard.""]"
,Twenty two,We are safe.,English,"[""Nous sommes en sécurité.""]"
,Twenty three,We are eating apples.,English,"[""Nous sommes en train de manger des pommes.""]"
,Twenty four,We are in town.,English,"[""Nous sommes en ville.""]"
,Twenty five,We are still in shock.,English,"[""Nous sommes encore sous le choc.""]"
,Twenty six,We are finally alone.,English,"[""Nous sommes enfin seules.""]"
,Twenty seven,We are finally alone.,English,"[""Nous sommes enfin seuls.""]"
,Twenty eight,We are students.,English,"[""Nous sommes étudiants.""]"
,Twenty nine,We are weak.,English,"[""Nous sommes faibles.""]"
,Thirty,We are screwed up.,English,"[""Nous sommes foutus.""]"
,Thirty one,We are happy to help you.,English,"[""Nous sommes heureux de vous aider.""]"
,Thirty two,We are happy.,English,"[""Nous sommes heureux.""]"
,Thirty three,We have been here for an hour.,English,"[""Nous sommes ici depuis une heure.""]"
,One,We are here to finish the job.,English,"[""Nous sommes ici pour terminer le travail.""]"
,Two,We are here.,English,"[""Nous sommes ici.""]"
,Three,It is Thursday.,English,"[""Nous sommes jeudi.""]"
,Four,We are here to protect you.,English,"[""Nous sommes là pour te protéger.""]"
,Five,We are here.,English,"[""Nous sommes là.""]"
,Six,It is Monday.,English,"[""Nous sommes lundi.""]"
,Seven,We are busy.,English,"[""Nous sommes occupés.""]"
,Eight,We are lost.,English,"[""Nous sommes perdus.""]"
,Nine,We are even.,English,"[""Nous sommes quittes.""]"
,Ten,We are rich.,English,"[""Nous sommes riches.""]"
,Eleven,We are his sons.,English,"[""Nous sommes ses fils.""]"
,Twelve,We are alone.,English,"[""Nous sommes seuls.""]"
,Thirteen,We are special.,English,"[""Nous sommes spéciaux.""]"
,Fourteen,We are sad.,English,"[""Nous sommes tristes.""]"
,Sixteen,We are too old.,English,"[""Nous sommes trop vieux.""]"
,Seventeen,We are a family of four.,English,"[""Nous sommes une famille de quatre.""]"
,Eighteen,We are a family.,English,"[""Nous sommes une famille.""]"
,Nineteen,We are old friends.,English,"[""Nous sommes vieux amis.""]"
,Twenty,We ask you not to do this.,English,"[""Nous te demandons de ne pas faire ça.""]"
,Twenty one,We try our luck.,English,"[""Nous tentons notre chance.""]"
,Twenty two,We use our mouths to eat.,English,"[""Nous utilisons notre bouche pour manger.""]"
,Twenty three,We come.,English,"[""Nous venons.""]"
,Twenty four,We live in Boston.,English,"[""Nous vivons à Boston.""]"
,Twenty five,So here we are again at the same point.,English,"[""Nous voici donc de nouveau au même point.""]"
,Twenty six,We want candy.,English,"[""Nous voulons des bonbons.""]"
,Twenty seven,We want peace.,English,"[""Nous voulons la paix.""]"
,Twenty eight,We want a new carpet.,English,"[""Nous voulons un nouveau tapis.""]"
,Twenty nine,We kept a seat for you right there.,English,"[""Nous vous avons gardé un siège juste là.""]"
,Thirty,We have seen you.,English,"[""Nous vous avons vu.""]"
,Thirty one,We have seen you.,English,"[""Nous vous avons vue.""]"
,Thirty two,We saw you.,English,"[""Nous vous avons vues.""]"
,Thirty three,We saw you.,English,"[""Nous vous avons vus.""]"
,One,We ask you not to do this.,English,"[""Nous vous demandons de ne pas faire cela.""]"
,Two,We urge you to come.,English,"[""Nous vous exhortons de venir.""]"
,Three,We all go there.,English,"[""Nous y allons tous.""]"
,Four,We are going there.,English,"[""Nous y allons.""]"
,Five,We are almost there.,English,"[""Nous y sommes presque.""]"
,Six,We are all there together.,English,"[""Nous y sommes tous ensemble.""]"
,Seven,nowhere else,English,"[""nulle part ailleurs""]"
,Eight,Fermat's Works,English,"[""Œuvres de Fermat""]"
,Nine,Oh my God!,English,"[""Oh mon Dieu !""]"
,Ten,Oh no!,English,"[""Oh non !""]"
,Eleven,We need plates.,English,"[""On a besoin d'assiettes.""]"
,Twelve,We finally found out the truth.,English,"[""On a enfin su la vérité.""]"
,Thirteen,We heard the boy playing the violin.,English,"[""On a entendu le garçon jouer du violon.""]"
,Fourteen,We had a huge argument.,English,"[""On a eu une énorme dispute.""]"
,Sixteen,We won the league!,English,"[""On a gagné la ligue !""]"
,Seventeen,We won the match.,English,"[""On a gagné le match.""]"
,Eighteen,We were driving 80 km an hour.,English,"[""On a roulé à 80 km à l'heure.""]"
,Nineteen,We expected better from you.,English,"[""On attendait mieux de toi.""]"
,Twenty,We believed in heaven.,English,"[""On croyait au ciel.""]"
,Twenty one,We should keep this lesson in mind.,English,"[""On devrait garder cette leçon à l'esprit.""]"
,Twenty two,Looks like you are tired.,English,"[""On dirait que tu es fatigué.""]"
,Twenty three,It looks like a hen in front of a knife.,English,"[""On dirait une poule devant un couteau.""]"
,Twenty four,It is said that this cannon is very powerful.,English,"[""On dit que ce canon est très puissant.""]"
,Twenty five,They say that learning English is easy.,English,"[""On dit que l'apprentissage de l'anglais est facile.""]"
,Twenty six,We have to follow the rules.,English,"[""On doit respecter les règles.""]"
,Twenty seven,You have to work hard to succeed.,English,"[""On doit travailler dur pour réussir.""]"
,Twenty eight,We gave freedom to board or disembark to the ship after it went through quarantine.,English,"[""On donna pratique à ce navire après qu'il eut fait la quarantaine.""]"
,Twenty nine,We often hear that the Japanese are good workers.,English,"[""On entend souvent dire que les Japonais sont des bons travailleurs.""]"
,Thirty,We try.,English,"[""On essaye.""]"
,Thirty one,We arrived in Paris around 9 o'clock.,English,"[""On est arrivés à Paris vers 9 heures.""]"
,Thirty two,We are discussing the problem at the moment.,English,"[""On est en train de parler du problème en ce moment.""]"
,Thirty three,We're finally alone.,English,"[""On est enfin seules.""]"
,One,We're finally alone.,English,"[""On est enfin seuls.""]"
,Two,We left!,English,"[""On est partis !""]"
,Three,We were all worried.,English,"[""On était tous inquiets.""]"
,Four,We make the butter with cream.,English,"[""On fait le beurre avec de la crème.""]"
,Five,We have a party Friday evening.,English,"[""On fait une fête vendredi soir.""]"
,Six,We keep in touch.,English,"[""On garde contact.""]"
,Seven,We bought her a new dress.,English,"[""On lui a acheté une nouvelle robe.""]"
,Eight,I was asked to become the manager.,English,"[""On m'a demandé de devenir le gérant.""]"
,Nine,I was asked to leave the company.,English,"[""On m'a demandé de quitter la société.""]"
,Ten,I was asked to repair the bike.,English,"[""On m'a demandé de réparer le vélo.""]"
,Eleven,We eat after we drink.,English,"[""On mange après avoir bu.""]"
,Twelve,We eat to live.,English,"[""On mange pour vivre.""]"
,Thirteen,Nations are no more judged by their size than individuals.,English,"[""On ne juge pas plus les Nations par leur taille que les individus.""]"
,Fourteen,We cannot even make one,English,"[""On ne peut même pas faire une""]"
,Sixteen,We can't trust him.,English,"[""On ne peut pas lui faire confiance.""]"
,Seventeen,You can't fish here,English,"[""On ne peut pas pêcher ici""]"
,Eighteen,There are no wild tigers in Africa.,English,"[""On ne trouve aucun tigre sauvage en Afrique.""]"
,Nineteen,We only sell women's shoes here.,English,"[""On ne vend ici que des chaussures pour dames.""]"
,Twenty,We can both do it.,English,"[""On peut le faire tous les deux.""]"
,Twenty one,You can trust me.,English,"[""On peut me faire confiance.""]"
,Twenty two,Can we talk in private?,English,"[""On peut parler en privé ?""]"
,Twenty three,You can see the big building from the window.,English,"[""On peut voir le grand bâtiment depuis la fenêtre.""]"
,Twenty four,We might need you.,English,"[""On pourrait avoir besoin de toi.""]"
,Twenty five,We return to square one.,English,"[""On retourne à la case départ.""]"
,Twenty six,We had fun.,English,"[""On s'est amusés.""]"
,Twenty seven,We got on well from the start.,English,"[""On s'est bien entendu dès le départ.""]"
,Twenty eight,We calm down.,English,"[""On se calme.""]"
,Twenty nine,We know each other?,English,"[""On se connait ?""]"
,Thirty,We'll see you in court.,English,"[""On se verra au tribunal.""]"
,Thirty one,See you at the theater.,English,"[""On se voit au théâtre.""]"
,Thirty two,See you tomorrow at the library.,English,"[""On se voit demain à la bibliothèque.""]"
,Thirty three,See you in class.,English,"[""On se voit en classe.""]"
,One,We ask for you on the phone.,English,"[""On te réclame au téléphone.""]"
,Two,We'll go to the cinema afterwards.,English,"[""On va au cinéma après.""]"
,Three,Let's go have a drink!,English,"[""On va boire un verre!""]"
,Four,We will protect you.,English,"[""On va te protéger.""]"
,Five,We will see the result.,English,"[""On verra le résultat.""]"
,Six,Here we are.,English,"[""On y est.""]"
,Seven,to nod,English,"[""opiner du chef""]"
,Eight,Where are we going to eat?,English,"[""Où allons-nous manger ?""]"
,Nine,Where did you hide my gift?,English,"[""Où as-tu caché mon cadeau?""]"
,Ten,Where did you get this?,English,"[""Où as-tu obtenu ceci ?""]"
,Eleven,Where did you spend your holidays?,English,"[""Où as-tu passé tes vacances ?""]"
,Twelve,Where have you seen Nancy?,English,"[""Où as-tu vu Nancy ?""]"
,Thirteen,Where did you learn this?,English,"[""Où avez-vous appris cela ?""]"
,Fourteen,Where did you learn French?,English,"[""Où avez-vous appris le français ?""]"
,Sixteen,Where did you live?,English,"[""Où avez-vous vécu ?""]"
,Seventeen,Where were these photos taken?,English,"[""Où ces photos ont-elles été prises ?""]"
,Eighteen,Where do we start?,English,"[""Où commençons-nous ?""]"
,Nineteen,Where are you?,English,"[""Où es-tu ?""]"
,Twenty,Where is the mailbox?,English,"[""Où est la boîte aux lettres ?""]"
,Twenty one,Where is the pharmacy?,English,"[""Où est la pharmacie ?""]"
,Twenty two,Where is the proof?,English,"[""Où est la preuve ?""]"
,Twenty three,Where's the dishes?,English,"[""Où est la vaisselle ?""]"
,Twenty four,Where's the butter?,English,"[""Où est le beurre ?""]"
,Twenty five,Where is the nearest post office?,English,"[""Où est le bureau de poste le plus proche ?""]"
,Twenty six,Where is the dog?,English,"[""Où est le chien ?""]"
,Twenty seven,Where's the knife?,English,"[""Où est le couteau ?""]"
,Twenty eight,Where is the newspaper of the day?,English,"[""Où est le journal du jour ?""]"
,Twenty nine,Where's the boss?,English,"[""Où est le patron ?""]"
,Thirty,Where is the bag?,English,"[""Où est le sac ?""]"
,Thirty one,Where's the soap?,English,"[""Où est le savon ?""]"
,Thirty two,Where's the thing?,English,"[""Où est le truc ?""]"
,Thirty three,Where's my purse?,English,"[""Où est ma bourse ?""]"
,One,Where's my jacket?,English,"[""Où est ma veste ?""]"
,Two,Where's my pants?,English,"[""Où est mon pantalon ?""]"
,Three,Where is my seat?,English,"[""Où est mon siège ?""]"
,Four,Where's my phone?,English,"[""Où est mon téléphone ?""]"
,Five,Where is your room?,English,"[""Où est ta chambre ?""]"
,Six,Where's your shirt?,English,"[""Où est ta chemise ?""]"
,Seven,Where is your home?,English,"[""Où est ta maison ?""]"
,Eight,Where is your mom?,English,"[""Où est ta maman ?""]"
,Nine,Where is your mother?,English,"[""Où est ta mère ?""]"
,Ten,Where's your suitcase?,English,"[""Où est ta valise ?""]"
,Eleven,Where is your weapon?,English,"[""Où est ton arme ?""]"
,Twelve,Where is your dog?,English,"[""Où est ton chien ?""]"
,Thirteen,Where is your school?,English,"[""Où est ton école ?""]"
,Fourteen,Where's your coat?,English,"[""Où est ton manteau ?""]"
,Sixteen,Where is your coat?,English,"[""Où est ton manteau ?""]"
,Seventeen,Where's your passport?,English,"[""Où est ton passeport ?""]"
,Eighteen,Where's your money?,English,"[""Où est votre argent ?""]"
,Nineteen,Where is your dog?,English,"[""Où est votre chien ?""]"
,Twenty,Where is it?,English,"[""Où est-ce ?""]"
,Twenty one,Where did he go?,English,"[""Où est-il allé ?""]"
,Twenty two,Where is he? He's sleeping in his bed.,English,"[""Où est-il? Il dort dans son lit.""]"
,Twenty three,Where were you?,English,"[""Où étais-tu ?""]"
,Twenty four,Where have you been?,English,"[""Où étais-tu passé ?""]"
,Twenty five,Where are you?,English,"[""Où êtes-vous ?""]"
,Twenty six,Where did you go?,English,"[""Où êtes-vous allé ?""]"
,Twenty seven,Where did you go last Sunday?,English,"[""Où êtes-vous allé dimanche dernier ?""]"
,Twenty eight,Where did you go?,English,"[""Où êtes-vous allées ?""]"
,Twenty nine,Where did you go?,English,"[""Où êtes-vous allés ?""]"
,Thirty,Where do you live?,English,"[""Où habitez-vous ?""]"
,Thirty one,Either he's mad or he's stupid.,English,"[""Ou il est fou ou il est bête.""]"
,Thirty two,Where would you go?,English,"[""Où irez-vous ?""]"
,Thirty three,Where did the bee sting you?,English,"[""Où l'abeille vous a-t-elle piqué ?""]"
,One,Where do you think you will spend your holidays?,English,"[""Où penses-tu que tu passeras tes congés ?""]"
,Two,Where can I get a calling card?,English,"[""Où puis-je avoir une carte téléphonique ?""]"
,Three,Where is the pain?,English,"[""Où se situe la douleur ?""]"
,Four,Where is the pharmacy located?,English,"[""Où se situe la pharmacie ?""]"
,Five,Where is the nearest museum located?,English,"[""Où se situe le musée le plus proche ?""]"
,Six,Where is the library located?,English,"[""Où se trouve la bibliothèque ?""]"
,Seven,Where is the station located?,English,"[""Où se trouve la gare ?""]"
,Eight,Where is the pharmacy?,English,"[""Où se trouve la pharmacie ?""]"
,Nine,Where is my book?,English,"[""Où se trouve mon livre ?""]"
,Ten,Where is your school?,English,"[""Où se trouve ton école ?""]"
,Eleven,Where are we now?,English,"[""Où sommes-nous maintenant ?""]"
,Twelve,Where are the children?,English,"[""Où sont les enfants ?""]"
,Thirteen,Where are the toilets?,English,"[""Où sont les toilettes ?""]"
,Fourteen,Where are the nearest toilets?,English,"[""Où sont les toilettes les plus proches ?""]"
,Sixteen,Where are the other three?,English,"[""Où sont les trois autres ?""]"
,Seventeen,Where are my books?,English,"[""Où sont mes livres ?""]"
,Eighteen,Where am I?,English,"[""Où suis-je ?""]"
,Nineteen,Where do you work?,English,"[""Où travailles-tu ?""]"
,Twenty,Where do you work?,English,"[""Où travaillez-vous ?""]"
,Twenty one,Where to find a mirror?,English,"[""Où trouver un miroir ?""]"
,Twenty two,Where can I find a mirror?,English,"[""Où trouver un miroir ?""]"
,Twenty three,Where are you going to go this afternoon?,English,"[""Où vas-tu aller cette après-midi ?""]"
,Twenty four,Where do you usually go fishing?,English,"[""Où vas-tu habituellement pêcher ?""]"
,Twenty five,Where do you want to go?,English,"[""Où veux-tu aller ?""]"
,Twenty six,Where do you want to eat?,English,"[""Où veux-tu manger ?""]"
,Twenty seven,Where do you want to go?,English,"[""Où voulez-vous aller ?""]"
,Twenty eight,Where do you want to go tomorrow?,English,"[""Où voulez-vous aller demain ?""]"
,Twenty nine,Forget it.,English,"[""Oublie.""]"
,Thirty,Forget it!,English,"[""Oubliez-le !""]"
,Thirty one,Open your mouth.,English,"[""Ouvre la bouche.""]"
,Thirty two,Open the bottle.,English,"[""Ouvre la bouteille.""]"
,Thirty three,Open the package.,English,"[""Ouvre le paquet.""]"
,One,Open your eyes.,English,"[""Ouvre tes yeux.""]"
,Two,Open your mouth wide.,English,"[""Ouvrez grand la bouche.""]"
,Three,Open your eyes.,English,"[""Ouvrez les yeux.""]"
,Four,Open your eyes.,English,"[""Ouvrez vos yeux.""]"
,Five,Bang! You're dead!,English,"[""Pan! T'es mort !""]"
,Six,Dad is at home.,English,"[""Papa est à la maison.""]"
,Seven,Dad is home.,English,"[""Papa est à la maison.""]"
,Eight,Dad is tall.,English,"[""Papa est grand.""]"
,Nine,Dad runs the store.,English,"[""Papa gère le magasin.""]"
,Ten,through the window,English,"[""par la fenêtre""]"
,Eleven,out of pure anger,English,"[""par pure colère""]"
,Twelve,Who invented this machine?,English,"[""Par qui a été inventée cette machine ?""]"
,Thirteen,by surprise,English,"[""par surprise""]"
,Fourteen,on the ground,English,"[""par terre""]"
,Sixteen,all around the cinema,English,"[""par tout le cinéma""]"
,Seventeen,out of sadness,English,"[""par tristesse""]"
,Eighteen,on a nice day,English,"[""par un beau jour""]"
,Nineteen,in one evening,English,"[""par un soir""]"
,Twenty,Sorry?,English,"[""Pardon ?""]"
,Twenty one,Forgive the interruption.,English,"[""Pardonnez l'interruption.""]"
,Twenty two,Sometimes it is necessary to tell the truth.,English,"[""Parfois il est nécessaire de dire la vérité.""]"
,Twenty three,Paris is the capital of France.,English,"[""Paris est la capitale de la France.""]"
,Twenty four,Talk to me.,English,"[""Parle avec moi.""]"
,Twenty five,Speak softly.,English,"[""Parle doucement.""]"
,Twenty six,Speak louder!,English,"[""Parle plus fort !""]"
,Twenty seven,Talk to me!,English,"[""Parle-moi !""]"
,Twenty eight,Does he speak English?,English,"[""Parle-t-il anglais ?""]"
,Twenty nine,Speak louder!,English,"[""Parlez plus fort !""]"
,Thirty,Tell me about it.,English,"[""Parlez-moi de cela.""]"
,Thirty one,Are you talking to your dog?,English,"[""Parlez-vous à votre chien ?""]"
,Thirty two,Let's speak English.,English,"[""Parlons anglais.""]"
,Thirty three,Let's talk about this a bit.,English,"[""Parlons un peu de cela.""]"
,One,Go!,English,"[""Pars !""]"
,Two,Leave when you want.,English,"[""Pars quand tu veux.""]"
,Three,leave by car,English,"[""partir en voiture""]"
,Four,to start a business,English,"[""partir une affaire""]"
,Five,everywhere else,English,"[""partout ailleurs""]"
,Six,Strait of Dover,English,"[""Pas de Calais""]"
,Seven,Not at all.,English,"[""Pas du tout.""]"
,Eight,Not bad!,English,"[""Pas mal !""]"
,Nine,No less than fifty passengers were injured in this traffic accident.,English,"[""Pas moins de cinquante passagers ont été blessés dans cet accident de circulation.""]"
,Ten,No less than three hundred dollars were needed for this work.,English,"[""Pas moins de trois cents dollars furent nécessaires pour ce travail.""]"
,Eleven,Not a gesture!,English,"[""Pas un geste !""]"
,Twelve,Have a nice holiday.,English,"[""Passe de bonnes vacances.""]"
,Thirteen,Go ahead!,English,"[""Passe devant !""]"
,Fourteen,Pass the broom.,English,"[""Passe le balai.""]"
,Sixteen,Have a nice day.,English,"[""Passe une bonne journée.""]"
,Seventeen,Pass it to me.,English,"[""Passe-le-moi.""]"
,Eighteen,Pass me that phone.,English,"[""Passe-moi ce téléphone.""]"
,Nineteen,Pass me the hammer.,English,"[""Passe-moi le marteau.""]"
,Twenty,Pass me the salt.,English,"[""Passe-moi le sel.""]"
,Twenty one,Give me my glasses.,English,"[""Passe-moi mes lunettes.""]"
,Twenty two,Give me a hand.,English,"[""Passe-moi un coup de main.""]"
,Twenty three,to pass a law,English,"[""passer une loi""]"
,Twenty four,Have a good stay.,English,"[""Passez un bon séjour.""]"
,Twenty five,Give me the key.,English,"[""Passez-moi la clé.""]"
,Twenty six,roller skating,English,"[""patin à roulettes""]"
,Twenty seven,to pay dearly,English,"[""payer cher""]"
,Twenty eight,Think of your family!,English,"[""Pense à ta famille !""]"
,Twenty nine,Think about your future.,English,"[""Pense à ton avenir.""]"
,Thirty,Think about your future.,English,"[""Pense à ton futur.""]"
,Thirty one,To have a bad intention.,English,"[""Penser à mal.""]"
,Thirty two,To think with accuracy.,English,"[""Penser avec justesse.""]"
,Thirty three,To think in the right way.,English,"[""Penser juste.""]"
,One,Are you seriously considering a divorce?,English,"[""Penses-tu sérieusement à divorcer ?""]"
,Two,Think about it.,English,"[""Penses-y.""]"
,Three,Think of me.,English,"[""Pensez à moi.""]"
,Four,Do you think it will be the right size?,English,"[""Pensez-vous que ce sera la bonne taille ?""]"
,Five,Do you think this is a coincidence?,English,"[""Pensez-vous que ce soit une coïncidence ?""]"
,Six,Do you think I look like my brother?,English,"[""Pensez-vous que je ressemble à mon frère ?""]"
,Seven,Think about it.,English,"[""Pensez-y.""]"
,Eight,full pension,English,"[""pension à taux plein""]"
,Nine,No one in the world wants war.,English,"[""Personne au monde ne veut la guerre.""]"
,Ten,No one is delighted.,English,"[""Personne n'est ravi.""]"
,Eleven,No one knows the future.,English,"[""Personne ne connaît le futur.""]"
,Twelve,Nobody knows it.,English,"[""Personne ne le sait.""]"
,Thirteen,No one thinks that.,English,"[""Personne ne pense cela.""]"
,Fourteen,No one can do it except you.,English,"[""Personne ne peut le faire sauf toi.""]"
,Sixteen,Nobody knows.,English,"[""Personne ne sait.""]"
,Seventeen,No one will know.,English,"[""Personne ne saura.""]"
,Eighteen,No one knew what the machine looked like.,English,"[""Personne ne savait à quoi ressemblait la machine.""]"
,Nineteen,No one is going to blame you.,English,"[""Personne ne va te blâmer.""]"
,Twenty,No one is going to blame you.,English,"[""Personne ne va vous blâmer.""]"
,Twenty one,Persons named there,English,"[""personnes y nommées""]"
,Twenty two,bit by bit,English,"[""peu à peu""]"
,Twenty three,Maybe we should take several issues into account.,English,"[""Peut-être devons-nous tenir compte de plusieurs problèmes.""]"
,Twenty four,Maybe we should talk.,English,"[""Peut-être devrions-nous parler.""]"
,Twenty five,Perhaps it is fate.,English,"[""Peut-être est-ce le destin.""]"
,Twenty six,Maybe I was wrong.,English,"[""Peut-être me suis-je trompé.""]"
,Twenty seven,Maybe it is a trap.,English,"[""Peut-être que c'est un piège.""]"
,Twenty eight,Maybe it was just a nightmare.,English,"[""Peut-être que c'était juste un cauchemar.""]"
,Twenty nine,Maybe it was a cat.,English,"[""Peut-être que c'était un chat.""]"
,Thirty,Can you develop?,English,"[""Peux-tu développer ?""]"
,Thirty one,Can you guess my age?,English,"[""Peux-tu deviner mon âge ?""]"
,Thirty two,Can you close the door?,English,"[""Peux-tu fermer la porte ?""]"
,Thirty three,Can you keep a secret?,English,"[""Peux-tu garder un secret ?""]"
,One,Can you spell it?,English,"[""Peux-tu l'épeler ?""]"
,Two,Can you do it on time?,English,"[""Peux-tu le faire à temps ?""]"
,Three,Can you read this manuscript?,English,"[""Peux-tu lire ce manuscrit ?""]"
,Four,Can you tell me where I am on this map?,English,"[""Peux-tu me dire où je me situe sur cette carte ?""]"
,Five,Can you give me a slice of bread?,English,"[""Peux-tu me donner une tranche de pain ?""]"
,Six,Can you forgive me?,English,"[""Peux-tu me pardonner ?""]"
,Seven,Can you lend me your bike?,English,"[""Peux-tu me prêter ton vélo ?""]"
,Eight,Can you talk about that a bit?,English,"[""Peux-tu parler de ça un peu ?""]"
,Nine,Can you repeat that?,English,"[""Peux-tu répéter ça ?""]"
,Ten,Can you see the picture?,English,"[""Peux-tu voir l'image ?""]"
,Eleven,Can you really predict the future?,English,"[""Peux-tu vraiment prédire l'avenir?""]"
,Twelve,Picasso is a famous artist that everyone knows.,English,"[""Picasso est un artiste célèbre que tout le monde connaît.""]"
,Thirteen,bicycle path,English,"[""piste cyclable""]"
,Fourteen,landing runway,English,"[""piste d'atterrissage""]"
,Sixteen,dance floor,English,"[""piste de danse""]"
,Seventeen,six-shot pistol,English,"[""pistolet à six coups""]"
,Eighteen,Pleasure?,English,"[""Plaît-il ?""]"
,Nineteen,More than half is left.,English,"[""Plus de la moitié reste.""]"
,Twenty,faster!,English,"[""plus vite !""]"
,Twenty one,Fish gotta swim.,English,"[""Poisson sans boisson est poison.""]"
,Twenty two,Free port,English,"[""Port franc""]"
,Twenty three,Wear warm clothes.,English,"[""Portez des vêtements chauds.""]"
,Twenty four,Put this gun on the table.,English,"[""Pose ce pistolet sur la table.""]"
,Twenty five,Put it on the table.,English,"[""Posez-le sur la table.""]"
,Twenty six,chicken on the spit,English,"[""poulet à la broche""]"
,Twenty seven,What department do you work for?,English,"[""Pour quel département travailles-tu ?""]"
,Twenty eight,Who are you working for?,English,"[""Pour qui travailles-tu ?""]"
,Twenty nine,To do what?,English,"[""Pour quoi faire ?""]"
,Thirty,To stay awake maybe I should drink some more coffee.,English,"[""Pour rester éveillé je devrais peut-être boire un peu plus de café.""]"
,Thirty one,Why?,English,"[""Pourquoi ?""]"
,Thirty two,Why did you quit?,English,"[""Pourquoi as-tu démissionné ?""]"
,Thirty three,Why did you do this?,English,"[""Pourquoi as-tu fais cela ?""]"
,One,Why did you paint the bench red?,English,"[""Pourquoi as-tu peint le banc en rouge ?""]"
,Two,Why do you ask?,English,"[""Pourquoi demandes-tu ?""]"
,Three,Why should I wait?,English,"[""Pourquoi devrais-je attendre ?""]"
,Four,Why are you late?,English,"[""Pourquoi es-tu en retard ?""]"
,Five,Why are you alone?,English,"[""Pourquoi es-tu seul ?""]"
,Six,Why are you so hard on yourself?,English,"[""Pourquoi es-tu si dur avec toi-même ?""]"
,Seven,Why are you so angry?,English,"[""Pourquoi es-tu si en colère ?""]"
,Eight,Why did you come to Japan?,English,"[""Pourquoi es-tu venu au Japon ?""]"
,Nine,Why is it so popular?,English,"[""Pourquoi est-elle si populaire ?""]"
,Ten,Why are you late?,English,"[""Pourquoi êtes-vous en retard ?""]"
,Eleven,Why are you alone?,English,"[""Pourquoi êtes-vous seules ?""]"
,Twelve,Why are you alone?,English,"[""Pourquoi êtes-vous seuls ?""]"
,Thirteen,Why are you being so hard on yourself?,English,"[""Pourquoi êtes-vous si dure avec vous-même ?""]"
,Fourteen,Why are you studying French?,English,"[""Pourquoi étudiez-vous le français ?""]"
,Sixteen,Why did they do this?,English,"[""Pourquoi ils ont fait ça ?""]"
,Seventeen,Why do you think that?,English,"[""Pourquoi pensez-vous ça ?""]"
,Eighteen,Why are you still wearing this hat?,English,"[""Pourquoi portes-tu toujours ce chapeau ?""]"
,Nineteen,Why do you always wear this hat?,English,"[""Pourquoi portez-vous toujours ce chapeau ?""]"
,Twenty,Why am I still alive?,English,"[""Pourquoi suis-je toujours en vie ?""]"
,Twenty one,Can I watch TV now?,English,"[""Pourrais-je regarder la télévision maintenant ?""]"
,Twenty two,Could you wait a minute?,English,"[""Pourrais-tu attendre une minute ?""]"
,Twenty three,Could you be silent?,English,"[""Pourrais-tu être silencieux ?""]"
,Twenty four,Could you push the door to open it?,English,"[""Pourrais-tu pousser la porte pour l'ouvrir ?""]"
,Twenty five,Could you wait a minute?,English,"[""Pourriez-vous attendre une minute ?""]"
,Twenty six,Could we have a spoon?,English,"[""Pourrions-nous avoir une cuillère ?""]"
,Twenty seven,Could we discuss it?,English,"[""Pourrions-nous en discuter ?""]"
,Twenty eight,Could we make it a priority?,English,"[""Pourrions-nous en faire une priorité ?""]"
,Twenty nine,Continue!,English,"[""Poursuis !""]"
,Thirty,Can you drive a car?,English,"[""Pouvez-vous conduire une voiture ?""]"
,Thirty one,Can you try?,English,"[""Pouvez-vous essayer ?""]"
,Thirty two,Can you describe it?,English,"[""Pouvez-vous le décrire ?""]"
,Thirty three,Can you identify them?,English,"[""Pouvez-vous les identifier ?""]"
,One,Can you show me how to do it?,English,"[""Pouvez-vous me montrer comment le faire ?""]"
,Two,Can you ride a horse?,English,"[""Pouvez-vous monter à cheval ?""]"
,Three,Can you help us?,English,"[""Pouvez-vous nous aider ?""]"
,Four,Can you wait for us until about noon?,English,"[""Pouvez-vous nous attendre jusque vers midi ?""]"
,Five,Can you take a picture of us with this camera?,English,"[""Pouvez-vous nous prendre en photo avec cet appareil ?""]"
,Six,Can you repeat what you said?,English,"[""Pouvez-vous répéter ce que vous avez dit?""]"
,Seven,Can you stay?,English,"[""Pouvez-vous rester ?""]"
,Eight,Can we fix this?,English,"[""Pouvons-nous arranger ça ?""]"
,Nine,Can we have a fork?,English,"[""Pouvons-nous avoir une fourchette ?""]"
,Ten,Can we save the planet?,English,"[""Pouvons-nous sauver la planète ?""]"
,Eleven,Can we help you?,English,"[""Pouvons-nous vous aider ?""]"
,Twelve,Can we go there?,English,"[""Pouvons-nous y aller ?""]"
,Thirteen,Do you prefer meat or fish?,English,"[""Préférez-vous la viande ou le poisson ?""]"
,Fourteen,Do you prefer tea or coffee?,English,"[""Préférez-vous le thé ou le café ?""]"
,Sixteen,to gain ground,English,"[""prendre de l'avance""]"
,Seventeen,to gain experience,English,"[""prendre de la bouteille""]"
,Eighteen,to gain some perspective,English,"[""prendre de la hauteur""]"
,Nineteen,to gain speed,English,"[""prendre de la vitesse""]"
,Twenty,to take draconian measures,English,"[""prendre des mesures draconiennes""]"
,Twenty one,to gain a promotion,English,"[""prendre du galon""]"
,Twenty two,to gain weight,English,"[""prendre du poids""]"
,Twenty three,to take a step back,English,"[""prendre du recul""]"
,Twenty four,to catch fire,English,"[""prendre feu""]"
,Twenty five,Taking care of the baby is my job.,English,"[""Prendre soin du bébé est mon travail.""]"
,Twenty six,take a snapshot,English,"[""prendre un cliché""]"
,Twenty seven,to make a decision,English,"[""prendre une décision""]"
,Twenty eight,Take as many boxes as you can carry.,English,"[""Prends autant de boîtes que tu peux porter.""]"
,Twenty nine,Take what you like.,English,"[""Prends ce que tu aimes.""]"
,Thirty,Take the one you like best.,English,"[""Prends celui que tu préfères.""]"
,Thirty one,Take mine.,English,"[""Prends la mienne.""]"
,Thirty two,Take mine.,English,"[""Prends le mien.""]"
,Thirty three,Take the wheel.,English,"[""Prends le volant.""]"
,One,Take mine.,English,"[""Prends les miennes.""]"
,Two,Take mine.,English,"[""Prends les miens.""]"
,Three,take my hand.,English,"[""prends ma main.""]"
,Four,Take my piece of cake if you want.,English,"[""Prends ma part de gâteau si tu veux.""]"
,Five,Take care of yourself.,English,"[""Prends soin de toi.""]"
,Six,Take your legs around your neck!,English,"[""Prends tes jambes à ton cou !""]"
,Seven,Take your coat.,English,"[""Prends ton manteau.""]"
,Eight,Take a donut.,English,"[""Prends un beignet.""]"
,Nine,Take a number!,English,"[""Prends un numéro !""]"
,Ten,Take an umbrella.,English,"[""Prends un parapluie.""]"
,Eleven,Take a shower!,English,"[""Prends une douche !""]"
,Twelve,Take another one.,English,"[""Prends-en un autre.""]"
,Thirteen,Take some ham.,English,"[""Prenez du jambon.""]"
,Fourteen,Take mine.,English,"[""Prenez le mien.""]"
,Sixteen,Take the stairs.,English,"[""Prenez les escaliers.""]"
,Seventeen,Take mine.,English,"[""Prenez les miennes.""]"
,Eighteen,Take mine.,English,"[""Prenez les miens.""]"
,Nineteen,Take some rest!,English,"[""Prenez quelque repos !""]"
,Twenty,Take care of yourself.,English,"[""Prenez soin de vous.""]"
,Twenty one,Take a bus.,English,"[""Prenez un bus.""]"
,Twenty two,Take your time.,English,"[""Prenez votre temps.""]"
,Twenty three,Take care of it!,English,"[""Prenez-en soin !""]"
,Twenty four,Take it!,English,"[""Prenez-le !""]"
,Twenty five,Are they taking good care of you?,English,"[""Prennent-ils bien soin de toi ?""]"
,Twenty six,Are they taking good care of you?,English,"[""Prennent-ils bien soin de vous ?""]"
,Twenty seven,Let's take sushi.,English,"[""Prenons des sushi.""]"
,Twenty eight,Let's take a shortcut.,English,"[""Prenons un raccourci.""]"
,Twenty nine,Let's take a picture.,English,"[""Prenons une photo.""]"
,Thirty,Get ready.,English,"[""Prépare-toi.""]"
,Thirty one,to make preparations,English,"[""préparer son coup""]"
,Thirty two,Prepare yourselves.,English,"[""Préparez-vous.""]"
,Thirty three,Do you often have this symptom?,English,"[""Présentes-tu souvent ce symptôme ?""]"
,One,Give my respects to your parents.,English,"[""Présentez mes respects à vos parents.""]"
,Two,Lend me something to cut this off.,English,"[""Prête-moi quelque chose pour couper cela.""]"
,Three,"to accuse someone of intentions ""motives""",English,"[""prêter des intentions à quelqu'un""]"
,Four,Do you promise?,English,"[""Promets-tu ?""]"
,Five,Can I help?,English,"[""Puis-je aider ?""]"
,Six,Can I go to bed?,English,"[""Puis-je aller au lit ?""]"
,Seven,Can I turn on the television?,English,"[""Puis-je allumer la télévision ?""]"
,Eight,Can I have this dance?,English,"[""Puis-je avoir cette danse ?""]"
,Nine,Can I have rice?,English,"[""Puis-je avoir du riz ?""]"
,Ten,May I have a pillow?,English,"[""Puis-je avoir un oreiller ?""]"
,Eleven,Can I have a program?,English,"[""Puis-je avoir un programme ?""]"
,Twelve,Can I have a signature?,English,"[""Puis-je avoir une signature ?""]"
,Thirteen,Can I borrow this book?,English,"[""Puis-je emprunter ce livre ?""]"
,Fourteen,Can I borrow yours?,English,"[""Puis-je emprunter le tien ?""]"
,Sixteen,Can I borrow a ruler?,English,"[""Puis-je emprunter une règle ?""]"
,Seventeen,Can I turn off the TV?,English,"[""Puis-je éteindre la télé ?""]"
,Eighteen,Can I be excused?,English,"[""Puis-je être excusé ?""]"
,Nineteen,Can I make a comment?,English,"[""Puis-je faire une remarque ?""]"
,Twenty,Can I make a reservation for a golf course?,English,"[""Puis-je faire une réservation pour un golf ?""]"
,Twenty one,Can I smoke here?,English,"[""Puis-je fumer ici ?""]"
,Twenty two,Can I take a look at the magazine?,English,"[""Puis-je jeter un œil au magazine ?""]"
,Twenty three,Can I say it one last time?,English,"[""Puis-je le dire une dernière fois ?""]"
,Twenty four,Can I eat this cake?,English,"[""Puis-je manger ce gâteau ?""]"
,Twenty five,Can I eat this?,English,"[""Puis-je manger ceci ?""]"
,Twenty six,Can I eat this apple?,English,"[""Puis-je manger cette pomme ?""]"
,Twenty seven,Can I eat another piece of cake?,English,"[""Puis-je manger une autre part de gâteau ?""]"
,Twenty eight,Can I introduce myself?,English,"[""Puis-je me présenter ?""]"
,Twenty nine,Can I speak to the lady of the house?,English,"[""Puis-je parler à la dame de la maison?""]"
,Thirty,Can I ask a question?,English,"[""Puis-je poser une question ?""]"
,Thirty one,Can I take your coat?,English,"[""Puis-je prendre ton manteau ?""]"
,Thirty two,Can I take some rest?,English,"[""Puis-je prendre un peu de repos ?""]"
,Thirty three,Can I extend my stay?,English,"[""Puis-je prolonger mon séjour ?""]"
,One,Can I go home now?,English,"[""Puis-je rentrer à la maison maintenant ?""]"
,Two,Can i stay?,English,"[""Puis-je rester ?""]"
,Three,Can I come back?,English,"[""Puis-je revenir ?""]"
,Four,May I know where you work?,English,"[""Puis-je savoir où vous travaillez ?""]"
,Five,Can I offer you another beer?,English,"[""Puis-je t'offrir une autre bière ?""]"
,Six,Can I talk to you?,English,"[""Puis-je te parler ?""]"
,Seven,Can I tell you about your son?,English,"[""Puis-je te parler de ton fils ?""]"
,Eight,Can I serve you a drink?,English,"[""Puis-je te servir un verre ?""]"
,Nine,Can I see you in my office?,English,"[""Puis-je te voir dans mon bureau ?""]"
,Ten,Can I drop the jacket?,English,"[""Puis-je tomber la veste ?""]"
,Eleven,May I use the phone?,English,"[""Puis-je utiliser le téléphone ?""]"
,Twelve,Can I use your dictionary?,English,"[""Puis-je utiliser ton dictionnaire ?""]"
,Thirteen,Can I use your phone?,English,"[""Puis-je utiliser ton téléphone ?""]"
,Fourteen,Can I use your office?,English,"[""Puis-je utiliser votre bureau ?""]"
,Sixteen,Can I use your pencil?,English,"[""Puis-je utiliser votre crayon ?""]"
,Seventeen,May I use your phone?,English,"[""Puis-je utiliser votre téléphone ?""]"
,Eighteen,Can I come?,English,"[""Puis-je venir ?""]"
,Nineteen,Can I help you?,English,"[""Puis-je vous aider ?""]"
,Twenty,May I help you?,English,"[""Puis-je vous aider?""]"
,Twenty one,Can I ask you to close the window?,English,"[""Puis-je vous demander de fermer la fenêtre ?""]"
,Twenty two,Can I kiss you?,English,"[""Puis-je vous embrasser ?""]"
,Twenty three,Can I make room for you at the table?,English,"[""Puis-je vous faire une place à table ?""]"
,Twenty four,Can I offer you my chair?,English,"[""Puis-je vous offrir ma chaise ?""]"
,Twenty five,Can I offer you a drink?,English,"[""Puis-je vous offrir un verre?""]"
,Twenty six,Can I tell you about your son?,English,"[""Puis-je vous parler de votre fils ?""]"
,Twenty seven,Can I see you for a second?,English,"[""Puis-je vous voir une seconde ?""]"
,Twenty eight,Punish the bad and save the weak.,English,"[""Punir les mauvais et sauver les faibles.""]"
,Twenty nine,What are you doing?,English,"[""Qu'est-ce que tu fais ?""]"
,Thirty,What happened?,English,"[""Qu'est-il arrivé ?""]"
,Thirty one,When will you call?,English,"[""Quand appelleras-tu ?""]"
,Thirty two,When did you learn to swim?,English,"[""Quand avez-vous appris à nager ?""]"
,Thirty three,When are you busy?,English,"[""Quand es-tu occupé ?""]"
,One,When will this happen?,English,"[""Quand est-ce que ça arrivera ?""]"
,Two,When she was born?,English,"[""Quand est-elle née ?""]"
,Three,When did he die?,English,"[""Quand est-il mort?""]"
,Four,When did he come back?,English,"[""Quand est-il revenu ?""]"
,Five,When will the world come to an end?,English,"[""Quand le monde connaîtra-t-il une fin ?""]"
,Six,When are you leaving?,English,"[""Quand pars-tu ?""]"
,Seven,When can I visit you?,English,"[""Quand puis-je te rendre visite ?""]"
,Eight,When can I visit you?,English,"[""Quand puis-je vous rendre visite ?""]"
,Nine,When will you leave?,English,"[""Quand vas-tu partir ?""]"
,Ten,four of spades,English,"[""quatre de pique""]"
,Eleven,four full days,English,"[""quatre jours francs""]"
,Twelve,Let it stay between us!,English,"[""Que cela reste entre nous!""]"
,Thirteen,What should they do in this situation?,English,"[""Que devraient-ils faire dans cette situation ?""]"
,Fourteen,What should I do next?,English,"[""Que devrais-je faire ensuite ?""]"
,Sixteen,What should I eat?,English,"[""Que devrais-je manger ?""]"
,Seventeen,What do you say about a barbecue next Sunday?,English,"[""Que dis-tu d'un barbecue dimanche prochain ?""]"
,Eighteen,What do you say if we go out to dinner tonight?,English,"[""Que dis-tu si on sort dîner ce soir ?""]"
,Nineteen,What are you doing?,English,"[""Que fais-tu ?""]"
,Twenty,What are you doing here at this hour of the night?,English,"[""Que fais-tu ici à cette heure de la nuit ?""]"
,Twenty one,What were you doing before that?,English,"[""Que faisais-tu avant ça ?""]"
,Twenty two,What were you doing before this?,English,"[""Que faisiez-vous avant ceci ?""]"
,Twenty three,What are you doing?,English,"[""Que faites-vous ?""]"
,Twenty four,What would you do differently?,English,"[""Que ferais-tu différemment ?""]"
,Twenty five,What do they do?,English,"[""Que font-ils ?""]"
,Twenty six,What are you reading?,English,"[""Que lis-tu ?""]"
,Twenty seven,To what do I owe this visit?,English,"[""Que me vaut cette visite ?""]"
,Twenty eight,What do you think about this man?,English,"[""Que pensez-vous de cet homme ?""]"
,Twenty nine,What do you think of that painting?,English,"[""Que pensez-vous de cette peinture ?""]"
,Thirty,What do you intend to do?,English,"[""Que pensez-vous faire ?""]"
,Thirty one,What can you tell me about this?,English,"[""Que peux-tu me dire sur ça ?""]"
,Thirty two,What can you tell me about this?,English,"[""Que pouvez-vous me dire à propos de cela ?""]"
,Thirty three,What do you take for breakfast?,English,"[""Que prends-tu au petit-déjeuner ?""]"
,One,What does this news portend?,English,"[""Que présage cette nouvelle ?""]"
,Two,What do you plan to do after this is all over?,English,"[""Que prévois-tu de faire après que tout cela sera fini ?""]"
,Three,What can I do for you?,English,"[""Que puis-je faire pour vous ?""]"
,Four,What does this table represent?,English,"[""Que représente ce tableau ?""]"
,Five,What do you know about all this?,English,"[""Que sais-tu de tout ceci ?""]"
,Six,What do you know about all this?,English,"[""Que savez-vous de tout ceci ?""]"
,Seven,What does that word mean?,English,"[""Que signifie ce mot ?""]"
,Eight,What does all of this mean?,English,"[""Que signifie tout ceci ?""]"
,Nine,What are we?,English,"[""Que sommes-nous ?""]"
,Ten,What are you going to do tomorrow?,English,"[""Que vas tu faire demain ?""]"
,Eleven,What will you do?,English,"[""Que vas-tu faire ?""]"
,Twelve,What does your son want to do when he grows up?,English,"[""Que veut faire ton fils quand il sera grand ?""]"
,Thirteen,What does the cat want?,English,"[""Que veut le chat ?""]"
,Fourteen,What do you want?,English,"[""Que veux-tu ?""]"
,Sixteen,What do you want for your birthday?,English,"[""Que veux-tu pour ton anniversaire ?""]"
,Seventeen,What would you like for dessert?,English,"[""Que voudrais-tu comme dessert ?""]"
,Eighteen,What would you like to do while you're here?,English,"[""Que voudrais-tu faire tant que tu es ici ?""]"
,Nineteen,What do you want to eat?,English,"[""Que voulez-vous manger ?""]"
,Twenty,What do you want to eat this weekend?,English,"[""Que voulez-vous manger ce week-end ?""]"
,Twenty one,How old is your sister?,English,"[""Quel âge a ta sœur ?""]"
,Twenty two,How old is your little brother?,English,"[""Quel âge a votre petit frère ?""]"
,Twenty three,How old is your little sister?,English,"[""Quel âge a votre petite sœur ?""]"
,Twenty four,How old is he?,English,"[""Quel âge a-t-il ?""]"
,Twenty five,How old are you?,English,"[""Quel âge avez-vous ?""]"
,Twenty six,Which hat is yours?,English,"[""Quel chapeau est le tien ?""]"
,Twenty seven,What a shock!,English,"[""Quel choc !""]"
,Twenty eight,What is this big building in front of us?,English,"[""Quel est ce gros bâtiment en face de nous ?""]"
,Twenty nine,What is this bird?,English,"[""Quel est cet oiseau ?""]"
,Thirty,What is the purpose of your trip?,English,"[""Quel est le but de votre voyage ?""]"
,Thirty one,What is the way to the exit?,English,"[""Quel est le chemin vers la sortie ?""]"
,Thirty two,What is the name of this bird?,English,"[""Quel est le nom de cet oiseau ?""]"
,Thirty three,What is the name of your horse?,English,"[""Quel est le nom de ton cheval ?""]"
,One,What is my room number?,English,"[""Quel est le numéro de ma chambre ?""]"
,Two,What is the price of this hat?,English,"[""Quel est le prix de ce chapeau ?""]"
,Three,What is the price of this watch?,English,"[""Quel est le prix de cette montre ?""]"
,Four,What is the result?,English,"[""Quel est le résultat ?""]"
,Five,What is its purpose?,English,"[""Quel est son but ?""]"
,Six,What is your dog?,English,"[""Quel est ton chien ?""]"
,Seven,What is your best price?,English,"[""Quel est ton meilleur prix ?""]"
,Eight,What is your profession?,English,"[""Quel est ton métier ?""]"
,Nine,What is your name?,English,"[""Quel est ton nom ?""]"
,Ten,What is your number?,English,"[""Quel est ton numéro ?""]"
,Eleven,What is your plan?,English,"[""Quel est ton plan ?""]"
,Twelve,What is all this noise?,English,"[""Quel est tout ce bruit ?""]"
,Thirteen,What is your name?,English,"[""Quel est votre nom ?""]"
,Fourteen,What is your surname?,English,"[""Quel est votre nom de famille ?""]"
,Sixteen,What is your first name?,English,"[""Quel est votre prénom ?""]"
,Seventeen,What a fiasco!,English,"[""Quel fiasco !""]"
,Eighteen,What movie did you see?,English,"[""Quel film avez-vous vu ?""]"
,Nineteen,Which fruit do you like the most?,English,"[""Quel fruit aimes-tu le plus ?""]"
,Twenty,What kind of movie do you want to watch?,English,"[""Quel genre de film voulez-vous regarder ?""]"
,Twenty one,What kind of book are you reading?,English,"[""Quel genre de livre tu lis ?""]"
,Twenty two,What kind of fish is your favorite?,English,"[""Quel genre de poisson est votre préféré ?""]"
,Twenty three,What kind of souvenirs did you buy?,English,"[""Quel genre de souvenirs est-ce que tu as acheté ?""]"
,Twenty four,What kind of tattoo do you want?,English,"[""Quel genre de tatouage veux-tu ?""]"
,Twenty five,What kind of tattoos do you want?,English,"[""Quel genre de tatouages voulez-vous ?""]"
,Twenty six,What kind of car do you have?,English,"[""Quel genre de voiture as-tu ?""]"
,Twenty seven,What a big truck!,English,"[""Quel gros camion !""]"
,Twenty eight,What a lucky man he is.,English,"[""Quel homme chanceux il est.""]"
,Twenty nine,What a strange man!,English,"[""Quel homme étrange !""]"
,Thirty,Which book is yours?,English,"[""Quel livre est le vôtre ?""]"
,Thirty one,What a misfortune!,English,"[""Quel malheur !""]"
,Thirty two,What a miracle!,English,"[""Quel miracle !""]"
,Thirty three,What a country!,English,"[""Quel pays !""]"
,One,What a pleasure!,English,"[""Quel plaisir !""]"
,Two,What a relief!,English,"[""Quel soulagement !""]"
,Three,What weather is it?,English,"[""Quel temps fait-il ?""]"
,Four,how's the weather?,English,"[""quel temps fait-il ?""]"
,Five,What is the weather there?,English,"[""Quel temps fait-il là-bas ?""]"
,Six,What a treasure!,English,"[""Quel trésor !""]"
,Seven,What a wind!,English,"[""Quel vent !""]"
,Eight,What a bore!,English,"[""Quelle barbe !""]"
,Nine,What color do you like?,English,"[""Quelle couleur aimez-vous ?""]"
,Ten,How far is it from here to the museum?,English,"[""Quelle distance y a-t-il entre ici et le musée ?""]"
,Eleven,What a team!,English,"[""Quelle équipe !""]"
,Twelve,Which team will win the game?,English,"[""Quelle équipe gagnera la partie ?""]"
,Thirteen,Which team will win?,English,"[""Quelle équipe va gagner ?""]"
,Fourteen,What is this song?,English,"[""Quelle est cette chanson ?""]"
,Sixteen,What is the target?,English,"[""Quelle est la cible ?""]"
,Seventeen,Which tooth hurts?,English,"[""Quelle est la dent qui fait mal ?""]"
,Eighteen,What is the destination of this boat?,English,"[""Quelle est la destination de ce bateau ?""]"
,Nineteen,What is the brand?,English,"[""Quelle est la marque ?""]"
,Twenty,How deep is the lake?,English,"[""Quelle est la profondeur du lac ?""]"
,Twenty one,What is their story?,English,"[""Quelle est leur histoire ?""]"
,Twenty two,What is my reward?,English,"[""Quelle est ma récompense ?""]"
,Twenty three,What is your specialty?,English,"[""Quelle est ta spécialité ?""]"
,Twenty four,What is your address?,English,"[""Quelle est votre adresse ?""]"
,Twenty five,What was your question?,English,"[""Quelle était ta question ?""]"
,Twenty six,What a strange story!,English,"[""Quelle étrange histoire !""]"
,Twenty seven,What a remarkable execution!,English,"[""Quelle exécution remarquable !""]"
,Twenty eight,What time is it on your watch?,English,"[""Quelle heure est-il sur ta montre ?""]"
,Twenty nine,What a story!,English,"[""Quelle histoire !""]"
,Thirty,What a horror!,English,"[""Quelle horreur !""]"
,Thirty one,What a hypocrite!,English,"[""Quelle hypocrite !""]"
,Thirty two,What an idea!,English,"[""Quelle idée !""]"
,Thirty three,What a wonderful invention!,English,"[""Quelle invention merveilleuse !""]"
,One,What an opportunity!,English,"[""Quelle occasion!""]"
,Two,What part of your body is the most exciting?,English,"[""Quelle partie de ton corps est la plus excitante ?""]"
,Three,Which part is wrong?,English,"[""Quelle partie est fausse ?""]"
,Four,Which part is bad?,English,"[""Quelle partie est mauvaise ?""]"
,Five,What a remarkable interpretation!,English,"[""Quelle remarquable interprétation !""]"
,Six,What a revelation!,English,"[""Quelle révélation !""]"
,Seven,What kind of crazy are you?,English,"[""Quelle sorte de dingue es-tu ?""]"
,Eight,What kind of music do you like?,English,"[""Quelle sorte de musique aimez-vous ?""]"
,Nine,How big is this park?,English,"[""Quelle taille fait ce parc ?""]"
,Ten,What a tragedy!,English,"[""Quelle tragédie !""]"
,Eleven,What are the dimensions of this room?,English,"[""Quelles sont les dimensions de cette pièce ?""]"
,Twelve,Something is wrong.,English,"[""Quelque chose cloche.""]"
,Thirteen,Something is different.,English,"[""Quelque chose est différent.""]"
,Fourteen,Something is wrong?,English,"[""Quelque chose ne va pas ?""]"
,Sixteen,A few comrades saw me give him chocolate.,English,"[""Quelques camarades me virent lui donner du chocolat.""]"
,Seventeen,What products are currently for sale?,English,"[""Quels produits sont actuellement en vente ?""]"
,Eighteen,What are your strengths?,English,"[""Quels sont tes points forts ?""]"
,Nineteen,What sports do you like?,English,"[""Quels sports aimez-vous ?""]"
,Twenty,A matter of pride.,English,"[""Question de fierté.""]"
,Twenty one,Who broke the chair?,English,"[""Qui a cassé la chaise ?""]"
,Twenty two,Who broke the window?,English,"[""Qui a cassé la fenêtre ?""]"
,Twenty three,Who broke the cup?,English,"[""Qui a cassé la tasse ?""]"
,Twenty four,Who made the doll?,English,"[""Qui a fabriqué la poupée ?""]"
,Twenty five,Who did that?,English,"[""Qui a fait ça ?""]"
,Twenty six,Who made this cake?,English,"[""Qui a fait ce gâteau ?""]"
,Twenty seven,Who made this pie?,English,"[""Qui a fait cette tarte ?""]"
,Twenty eight,Who made this pie?,English,"[""Qui a fait cette tourte ?""]"
,Twenty nine,Who won?,English,"[""Qui a gagné ?""]"
,Thirty,Who screamed?,English,"[""Qui a hurlé ?""]"
,Thirty one,Who organized this meeting?,English,"[""Qui a organisé cette réunion ?""]"
,Thirty two,Who spoke?,English,"[""Qui a parlé ?""]"
,Thirty three,Who likes beans?,English,"[""Qui aime les haricots ?""]"
,One,Who wants some?,English,"[""Qui en veut ?""]"
,Two,Who are you to judge?,English,"[""Qui es-tu pour juger ?""]"
,Three,Who are you trying to impress?,English,"[""Qui essayez-vous d'impressionner ?""]"
,Four,Who is that man?,English,"[""Qui est cet homme ?""]"
,Five,Who is this woman?,English,"[""Qui est cette femme ?""]"
,Six,Who is this woman wearing a brown coat?,English,"[""Qui est cette femme qui porte un manteau brun ?""]"
,Seven,Who is this person?,English,"[""Qui est cette personne ?""]"
,Eight,Who is behind the plot?,English,"[""Qui est derrière le complot ?""]"
,Nine,Who is here with you?,English,"[""Qui est ici avec vous ?""]"
,Ten,Who is the commander of this ship?,English,"[""Qui est le commandant de ce navire ?""]"
,Eleven,Who is the owner of this house?,English,"[""Qui est le propriétaire de cette maison ?""]"
,Twelve,Who owns this house?,English,"[""Qui est propriétaire de cette maison ?""]"
,Thirteen,Who is your mother?,English,"[""Qui est votre mère ?""]"
,Fourteen,Who is your father?,English,"[""Qui est votre père ?""]"
,Sixteen,Who is it?,English,"[""Qui est-ce ?""]"
,Seventeen,Who is he?,English,"[""Qui est-il ?""]"
,Eighteen,Who was here?,English,"[""Qui était ici ?""]"
,Nineteen,Who will go?,English,"[""Qui ira ?""]"
,Twenty,Who plays the piano in your group?,English,"[""Qui joue au piano dans votre groupe ?""]"
,Twenty one,Who has read it? No one.,English,"[""Qui l'a lu? Personne.""]"
,Twenty two,Who taught him how to speak English?,English,"[""Qui lui apprit comment parler anglais ?""]"
,Twenty three,Who can say what will happen in the future.,English,"[""Qui peut dire ce qui arrivera dans le futur.""]"
,Twenty four,Who could believe this?,English,"[""Qui pourrait bien croire ceci ?""]"
,Twenty five,Who could do this kind of thing?,English,"[""Qui pourrait faire ce genre de chose ?""]"
,Twenty six,Who knows?,English,"[""Qui sait ?""]"
,Twenty seven,Who knows that?,English,"[""Qui sait cela ?""]"
,Twenty eight,Who is hiding behind the curtain?,English,"[""Qui se cache derrière le rideau ?""]"
,Twenty nine,Who are these people?,English,"[""Qui sont ces gens ?""]"
,Thirty,Who are these guys?,English,"[""Qui sont ces types-là ?""]"
,Thirty one,Who are they?,English,"[""Qui sont-elles ?""]"
,Thirty two,Who are they?,English,"[""Qui sont-ils ?""]"
,Thirty three,Who hates you?,English,"[""Qui te déteste ?""]"
,One,Who is going there?,English,"[""Qui va là ?""]"
,Two,Who's there?,English,"[""Qui va là ?""]"
,Three,Who is going to pay for all of this?,English,"[""Qui va payer pour tout ceci ?""]"
,Four,Who will pay for all this?,English,"[""Qui va payer pour tout ceci ?""]"
,Five,Who is going to go?,English,"[""Qui va y aller ?""]"
,Six,Who wants that?,English,"[""Qui veut ça ?""]"
,Seven,Who wants you to be the boss?,English,"[""Qui veut que tu sois le patron ?""]"
,Eight,Who wants a drink?,English,"[""Qui veut une boisson ?""]"
,Nine,Who is coming?,English,"[""Qui vient ?""]"
,Ten,What's up?,English,"[""Quoi de beau ?""]"
,Eleven,What is new?,English,"[""Quoi de nouveau ?""]"
,Twelve,What's up?,English,"[""Quoi de nouveau ?""]"
,Thirteen,Slow down!,English,"[""Ralentis !""]"
,Fourteen,Slow down!,English,"[""Ralentissez !""]"
,Sixteen,Put away your wallet.,English,"[""Range ton portefeuille.""]"
,Seventeen,Catch him up.,English,"[""Rattrape-le.""]"
,Eighteen,Step back!,English,"[""Recule-toi !""]"
,Nineteen,Back up!,English,"[""Reculez !""]"
,Twenty,Stand back!,English,"[""Reculez !""]"
,Twenty one,Stand back!,English,"[""Reculez-vous !""]"
,Twenty two,Step back.,English,"[""Reculez.""]"
,Twenty three,Straighten up.,English,"[""Redresse-toi.""]"
,Twenty four,to put the economy back on its feet,English,"[""redresser l'économie""]"
,Twenty five,informed refusal,English,"[""refus informé""]"
,Twenty six,Take a closer look at this problem.,English,"[""Regarde ce problème plus attentivement.""]"
,Twenty seven,Check out this one.,English,"[""Regarde celui-ci.""]"
,Twenty eight,Look at this bird.,English,"[""Regarde cet oiseau.""]"
,Twenty nine,Look at this house.,English,"[""Regarde cette maison.""]"
,Thirty,Look at this mountain.,English,"[""Regarde cette montagne.""]"
,Thirty one,Look how fast this plane flies!,English,"[""Regarde comme cet avion vole vite !""]"
,Thirty two,Look in the mirror.,English,"[""Regarde dans le miroir.""]"
,Thirty three,Look in front of you!,English,"[""Regarde devant toi !""]"
,One,Look at the clock.,English,"[""Regarde l'horloge.""]"
,Two,Look at the ground.,English,"[""Regarde le sol.""]"
,Three,Look at the girls.,English,"[""Regarde les filles.""]"
,Four,Look at my arm.,English,"[""Regarde mon bras.""]"
,Five,See if the gas is cut.,English,"[""Regarde si le gaz est coupé.""]"
,Six,Look at me and do what I do.,English,"[""Regarde-moi et fais ce que je fais.""]"
,Seven,Look at us!,English,"[""Regarde-nous !""]"
,Eight,Watching birds is a fun hobby.,English,"[""Regarder les oiseaux est un loisir sympa.""]"
,Nine,Look elsewhere.,English,"[""Regardez ailleurs.""]"
,Ten,Look around you.,English,"[""Regardez autour de toi.""]"
,Eleven,Look at this picture.,English,"[""Regardez cette image.""]"
,Twelve,Look at the size of this thing!,English,"[""Regardez la taille de ce truc !""]"
,Thirteen,Look at it!,English,"[""Regardez-le !""]"
,Fourteen,Look at us!,English,"[""Regardez-nous !""]"
,Sixteen,maintenance mode,English,"[""régime de maintenance""]"
,Seventeen,Relax!,English,"[""Relaxe !""]"
,Eighteen,Put your coat back on.,English,"[""Remets ton manteau.""]"
,Nineteen,Replace me.,English,"[""Remplace-moi.""]"
,Twenty,Complete this form.,English,"[""Remplis ce formulaire.""]"
,Twenty one,Fill in this form.,English,"[""Remplissez ce formulaire.""]"
,Twenty two,Fill in the blanks.,English,"[""Remplissez les blancs.""]"
,Twenty three,Fill in the empty spaces.,English,"[""Remplissez les espaces libres.""]"
,Twenty four,Surrender your weapons.,English,"[""Rendez vos armes.""]"
,Twenty five,Learn about the word in the dictionary.,English,"[""Renseigne-toi sur le mot dans le dictionnaire.""]"
,Twenty six,to turn the mixture over,English,"[""renverser le mélange""]"
,Twenty seven,to turn over the hourglass,English,"[""renverser le sablier""]"
,Twenty eight,to knock one's opponent to the floor,English,"[""renverser son adversaire""]"
,Twenty nine,to run over a man,English,"[""renverser un homme""]"
,Thirty,to knock a statue over,English,"[""renverser une statue""]"
,Thirty one,Repeat after me.,English,"[""Répète après moi.""]"
,Thirty two,Repetition is the mother of learning.,English,"[""Répétition est mère d'apprentissage.""]"
,Thirty three,Answer the question.,English,"[""Répondez à la question.""]"
,One,Stay absolutely still!,English,"[""Reste absolument immobile !""]"
,Two,Stay calm.,English,"[""Reste calme.""]"
,Three,Stay cool.,English,"[""Reste cool.""]"
,Four,Stay back!,English,"[""Reste en arrière !""]"
,Five,Staying in touch.,English,"[""Reste en contact.""]"
,Six,Stay out of it.,English,"[""Reste en dehors de ça.""]"
,Seven,Stay in position!,English,"[""Reste en position !""]"
,Eight,Stay away from that.,English,"[""Reste loin de ça.""]"
,Nine,Stay away from this dog.,English,"[""Reste loin de ce chien.""]"
,Ten,Stay away from my motorcycle.,English,"[""Reste loin de ma moto.""]"
,Eleven,Stay smart!,English,"[""Reste malin !""]"
,Twelve,Stay where you are.,English,"[""Reste où tu es.""]"
,Thirteen,Stay positive!,English,"[""Reste positif !""]"
,Fourteen,Stay close.,English,"[""Reste près.""]"
,Sixteen,Stay calm!,English,"[""Reste tranquille !""]"
,Seventeen,Will you stay home tonight?,English,"[""Resteras-tu à la maison ce soir ?""]"
,Eighteen,Stay in touch with me.,English,"[""Restez en contact avec moi.""]"
,Nineteen,Stay on the line.,English,"[""Restez en ligne.""]"
,Twenty,Stay where you are.,English,"[""Restez où vous êtes.""]"
,Twenty one,Wake up!,English,"[""Réveille-toi !""]"
,Twenty two,Wake me up at eight o'clock.,English,"[""Réveillez-moi à huit heures.""]"
,Twenty three,Wake up!,English,"[""Réveillez-vous !""]"
,Twenty four,to go back on one's decision,English,"[""revenir sur sa décision""]"
,Twenty five,to go back on one's word,English,"[""revenir sur sa parole""]"
,Twenty six,Come back!,English,"[""Reviens !""]"
,Twenty seven,Nothing new under the sky.,English,"[""Rien de nouveau sous le ciel.""]"
,Twenty eight,Ringo is a drumstick master.,English,"[""Ringo est un maître des baguettes.""]"
,Twenty nine,Who laughs last laughs well.,English,"[""Rira bien qui rira le dernier.""]"
,Thirty,Risk a hypothesis!,English,"[""Risque une hypothèse !""]"
,Thirty one,To get hooked on love.,English,"[""S'accrocher à l'amour.""]"
,Thirty two,His stupidity greatly slowed us down.,English,"[""Sa bêtise nous a énormément retardé.""]"
,Thirty three,His bicycle is blue.,English,"[""Sa bicyclette est bleue.""]"
,One,His fall was fatal.,English,"[""Sa chute lui a été fatale.""]"
,Two,His anger is understandable.,English,"[""Sa colère est compréhensible.""]"
,Three,His anger was sincere.,English,"[""Sa colère était sincère.""]"
,Four,Her big sister is older than my big brother.,English,"[""Sa grande sœur est plus âgée que mon grand frère.""]"
,Five,His house is at the foot of the mountain.,English,"[""Sa maison est au pied de la montagne.""]"
,Six,His house is in the suburbs.,English,"[""Sa maison est en banlieue.""]"
,Seven,His house is easy to find.,English,"[""Sa maison est facile à trouver.""]"
,Eight,Her house is close to the metro.,English,"[""Sa maison est proche du métro.""]"
,Nine,Her mother will continue to work.,English,"[""Sa mère continuera à travailler.""]"
,Ten,Her mother is a magnificent woman.,English,"[""Sa mère est une femme magnifique.""]"
,Eleven,His profession is to teach.,English,"[""Sa profession est d'enseigner.""]"
,Twelve,Her temperature is normal.,English,"[""Sa température est normale.""]"
,Thirteen,His car is really cool.,English,"[""Sa voiture est vraiment chouette.""]"
,Fourteen,Her voice is pleasant to listen to.,English,"[""Sa voix est agréable à écouter.""]"
,Sixteen,Her voice is very beautiful.,English,"[""Sa voix est très belle.""]"
,Seventeen,backpack,English,"[""sac à dos""]"
,Eighteen,Do you know how to handle a computer?,English,"[""Sais-tu comment manipuler un ordinateur ?""]"
,Nineteen,Do you know how to drive?,English,"[""Sais-tu conduire ?""]"
,Twenty,Do you know how to ice skate?,English,"[""Sais-tu faire du patin sur glace ?""]"
,Twenty one,Can you throw?,English,"[""Sais-tu lancer ?""]"
,Twenty two,Do you know how to swim?,English,"[""Sais-tu nager ?""]"
,Twenty three,Do you know why?,English,"[""Sais-tu pourquoi ?""]"
,Twenty four,Do you know when the musician will come here?,English,"[""Sais-tu quand le musicien viendra ici ?""]"
,Twenty five,the following Saturday,English,"[""samedi suivant""]"
,Twenty six,No comment.,English,"[""Sans commentaire.""]"
,Twenty seven,No problem.,English,"[""Sans problème.""]"
,Twenty eight,Cheers! [as said when drinking],English,"[""Santé !""]"
,Twenty nine,Jump as high as possible.,English,"[""Saute le plus haut possible.""]"
,Thirty,Save yourself!,English,"[""Sauve-toi !""]"
,Thirty one,Do you know how to drive?,English,"[""Savez-vous conduire ?""]"
,Thirty two,Do you know how to ski?,English,"[""Savez-vous faire du ski ?""]"
,Thirty three,Do you know how to ride a bike?,English,"[""Savez-vous faire du vélo ?""]"
,One,Do you know how to play the guitar?,English,"[""Savez-vous jouer de la guitare ?""]"
,Two,Can you speak English?,English,"[""Savez-vous parler anglais ?""]"
,Three,Do you speak French?,English,"[""Savez-vous parler français ?""]"
,Four,Do you know how to type?,English,"[""Savez-vous taper à la machine ?""]"
,Five,To be stung.,English,"[""Se faire piquer.""]"
,Six,to undergo treatment for a condition,English,"[""se faire traiter pour""]"
,Seven,to slip into one's clothes,English,"[""se glisser dans ses vêtements""]"
,Eight,to pull someone's leg,English,"[""se payer la poire de quelqu'un""]"
,Nine,Feel it!,English,"[""Sens ça !""]"
,Ten,Feel it!,English,"[""Sentez ça !""]"
,Eleven,seven out of ten,English,"[""sept sur dix""]"
,Twelve,Would that be acceptable?,English,"[""Serait-ce acceptable ?""]"
,Thirteen,Hold me in Your Arms!,English,"[""Serre-moi dans tes bras !""]"
,Fourteen,Hold me in your arms!,English,"[""Serrez-moi dans vos bras !""]"
,Sixteen,Help yourself a piece of cake.,English,"[""Sers-toi un bout de gâteau.""]"
,Seventeen,Her hair is long.,English,"[""Ses cheveux sont longs.""]"
,Eighteen,His words were filled with melancholy.,English,"[""Ses mots étaient remplis par la mélancolie.""]"
,Nineteen,If you don't mind…,English,"[""Si je puis me permettre…""]"
,Twenty,If only he had been there.,English,"[""Si seulement il avait été là.""]"
,Twenty one,If only my kids got along!,English,"[""Si seulement mes enfants s'entendaient !""]"
,Twenty two,If only we had a garden!,English,"[""Si seulement nous avions un jardin !""]"
,Twenty three,six or seven people,English,"[""six à sept personnes""]"
,Twenty four,Be beautiful and stop talking!,English,"[""Sois belle et tais-toi !""]"
,Twenty five,Be calm!,English,"[""Sois calme !""]"
,Twenty six,Be relaxed!,English,"[""Sois détendu !""]"
,Twenty seven,Be fair!,English,"[""Sois équitable !""]"
,Twenty eight,Be generous.,English,"[""Sois généreux.""]"
,Twenty nine,Be nice!,English,"[""Sois gentil !""]"
,Thirty,Be nice to her.,English,"[""Sois gentil avec elle.""]"
,Thirty one,Be honest with me.,English,"[""Sois honnête avec moi.""]"
,Thirty two,Be ruthless!,English,"[""Sois impitoyable !""]"
,Thirty three,Be fair!,English,"[""Sois juste !""]"
,One,Be careful!,English,"[""Sois prudent !""]"
,Two,Be careful!,English,"[""Sois prudente !""]"
,Three,Be realistic!,English,"[""Sois réaliste !""]"
,Four,Be satisfied!,English,"[""Sois satisfait !""]"
,Five,Be satisfied!,English,"[""Sois satisfaite !""]"
,Six,Be serious!,English,"[""Sois sérieuse !""]"
,Seven,Be serious!,English,"[""Sois sérieux !""]"
,Eight,Be more precise.,English,"[""Soit plus précis.""]"
,Nine,Are we ready?,English,"[""Sommes-nous prêts ?""]"
,Ten,Her friend is a singer.,English,"[""Son ami est un chanteur.""]"
,Eleven,His argument was logical.,English,"[""Son argument était logique.""]"
,Twelve,His attitude suggests an imminent nervous breakdown.,English,"[""Son attitude suggère une dépression nerveuse imminente.""]"
,Thirteen,His office is very close to mine.,English,"[""Son bureau est très proche du mien.""]"
,Fourteen,Its failure comes from its ignorance.,English,"[""Son échec vient de son ignorance.""]"
,Sixteen,His childhood was hard.,English,"[""Son enfance était dure.""]"
,Seventeen,His brother was mean to me.,English,"[""Son frère était méchant avec moi.""]"
,Eighteen,Her husband is in prison for three years.,English,"[""Son mari est en prison pour trois ans.""]"
,Nineteen,His profession is doctor.,English,"[""Son métier est médecin.""]"
,Twenty,His name is known to everyone in this region.,English,"[""Son nom est connu de tous dans cette région.""]"
,Twenty one,His opinion was the same as mine.,English,"[""Son opinion était la même que la mienne.""]"
,Twenty two,His father does not play golf.,English,"[""Son père ne joue pas au golf.""]"
,Twenty three,His wallet was stolen.,English,"[""Son portefeuille était volé.""]"
,Twenty four,His silence surprised me.,English,"[""Son silence m'a surprise.""]"
,Twenty five,His torso is very hairy.,English,"[""Son torse est très poilu.""]"
,Twenty six,Her old cat is still alive.,English,"[""Son vieux chat est encore en vie.""]"
,Twenty seven,Sound the alarm!,English,"[""Sonne l'alarme !""]"
,Twenty eight,Give a ring.,English,"[""Sonner à la porte.""]"
,Twenty nine,Ring the bell.,English,"[""Sonner la cloche.""]"
,Thirty,Are they really friends?,English,"[""Sont-elles réellement amies ?""]"
,Thirty one,Are they for sale?,English,"[""Sont-ils à vendre ?""]"
,Thirty two,Are they brothers?,English,"[""Sont-ils frères ?""]"
,Thirty three,Are they all the same?,English,"[""Sont-ils tous identiques ?""]"
,One,Go outside!,English,"[""Sors !""]"
,Two,Get out of the van!,English,"[""Sors de la camionnette !""]"
,Three,Get out of my seat!,English,"[""Sors de mon siège !""]"
,Four,Take your clothes out of the suitcase and put them away in the cupboard!,English,"[""Sors tes habits de la malle et range-les dans l'armoire !""]"
,Five,Go outside.,English,"[""Sors.""]"
,Six,Get out!,English,"[""Sortez !""]"
,Seven,under hypnosis,English,"[""sous hypnose""]"
,Eight,Be calm!,English,"[""Soyez calme !""]"
,Nine,Be calm!,English,"[""Soyez calmes !""]"
,Ten,Be fair!,English,"[""Soyez équitable !""]"
,Eleven,Be kind to the elderly.,English,"[""Soyez gentil envers les personnes âgées.""]"
,Twelve,Be nice!,English,"[""Soyez gentilles !""]"
,Thirteen,Be nice!,English,"[""Soyez gentils !""]"
,Fourteen,Be objective.,English,"[""Soyez objectif.""]"
,Sixteen,Be more specific.,English,"[""Soyez plus précis.""]"
,Seventeen,Be careful!,English,"[""Soyez prudent !""]"
,Eighteen,Be careful!,English,"[""Soyez prudents !""]"
,Nineteen,Be reasonable!,English,"[""Soyez raisonnable !""]"
,Twenty,Be respectful of the elderly.,English,"[""Soyez respectueux envers les personnes âgées.""]"
,Twenty one,Be satisfied!,English,"[""Soyez satisfait !""]"
,Twenty two,Be satisfied!,English,"[""Soyez satisfaite !""]"
,Twenty three,Be satisfied!,English,"[""Soyez satisfaits !""]"
,Twenty four,Be serious!,English,"[""Soyez sérieuse !""]"
,Twenty five,Be serious!,English,"[""Soyez sérieuses !""]"
,Twenty six,Be serious!,English,"[""Soyez sérieux !""]"
,Twenty seven,speciality of the house,English,"[""spécialité maison""]"
,Twenty eight,Just follow your heart.,English,"[""Suis juste ton cœur.""]"
,Twenty nine,Am I right?,English,"[""Suis-je dans le vrai ?""]"
,Thirty,Follow him!,English,"[""Suis-le !""]"
,Thirty one,Follow us!,English,"[""Suis-nous !""]"
,Thirty two,Follow him!,English,"[""Suivez-le !""]"
,Thirty three,Follow us!,English,"[""Suivez-nous !""]"
,One,subject to,English,"[""sujet à""]"
,Two,On site or to take away?,English,"[""Sur place ou pour emporter ?""]"
,Three,What was the question concerning?,English,"[""Sur quoi portait la question ?""]"
,Four,Watch the prisoner.,English,"[""Surveille le prisonnier.""]"
,Five,Watch your language.,English,"[""Surveille ton langage.""]"
,Six,Watch your words.,English,"[""Surveille ton langage.""]"
,Seven,Did you see that faggot crossing the street?,English,"[""T'as vu cette tante qui traversait la rue ?""]"
,Eight,You're irresistible.,English,"[""T'es irrésistible.""]"
,Nine,Your conduct is perfectly legal.,English,"[""Ta conduite est parfaitement légale.""]"
,Ten,I like your tie.,English,"[""Ta cravate me plaît.""]"
,Eleven,Your daughter is very pretty.,English,"[""Ta fille est très jolie.""]"
,Twelve,Your house is very nice.,English,"[""Ta maison est très sympa.""]"
,Thirteen,Your mother is very young.,English,"[""Ta mère est très jeune.""]"
,Fourteen,Your watch is on the desk.,English,"[""Ta montre est sur le bureau.""]"
,Sixteen,Your sister is still so beautiful.,English,"[""Ta sœur est toujours aussi belle.""]"
,Seventeen,Your cough worries me.,English,"[""Ta toux m'inquiète.""]"
,Eighteen,Your car is fast.,English,"[""Ta voiture est rapide.""]"
,Nineteen,Your voice followed my voice.,English,"[""Ta voix suivait ma voix.""]"
,Twenty,Size yourself!,English,"[""Taille-toi !""]"
,Twenty one,Shut up!,English,"[""Tais-toi !""]"
,Twenty two,Shut up before I kill you.,English,"[""Tais-toi avant que je ne te tue.""]"
,Twenty three,Does she know you?,English,"[""Te connaît-elle ?""]"
,Twenty four,Ted was finally able to communicate his thoughts in Japanese.,English,"[""Ted fut finalement capable de communiquer ses pensées en japonais.""]"
,Twenty five,Hold this!,English,"[""Tenez ça !""]"
,Twenty six,Hold the rope.,English,"[""Tenez la corde.""]"
,Twenty seven,Keep your head straight.,English,"[""Tenez votre tête droit.""]"
,Twenty eight,Hold.,English,"[""Tenez.""]"
,Twenty nine,Try your luck.,English,"[""Tentez votre chance.""]"
,Thirty,Completing the report before tomorrow is next to impossible.,English,"[""Terminer le rapport avant demain est quasiment impossible.""]"
,Thirty one,Your shoes are here.,English,"[""Tes chaussures sont ici.""]"
,Thirty two,Your words must match your actions.,English,"[""Tes paroles doivent correspondre à tes actions.""]"
,Thirty three,Hold on!,English,"[""Tiens bon !""]"
,One,Take that!,English,"[""Tiens ça !""]"
,Two,Hold the ball with both hands.,English,"[""Tiens le ballon des deux mains.""]"
,Three,Hold the vase with both hands.,English,"[""Tiens le vase avec les deux mains.""]"
,Four,Hold your tongue!,English,"[""Tiens ta langue !""]"
,Five,Behave yourself.,English,"[""Tiens-toi bien.""]"
,Six,Keep yourself straight!,English,"[""Tiens-toi droit!""]"
,Seven,To shoot the target.,English,"[""Tirer à la cible.""]"
,Eight,Tokyo is the capital of Japan.,English,"[""Tokyo est la capitale du Japon.""]"
,Nine,Tokyo is a very big city.,English,"[""Tokyo est une très grande ville.""]"
,Ten,Your friendship means a lot to me.,English,"[""Ton amitié signifie beaucoup pour moi.""]"
,Eleven,Your behavior leaves a lot to be desired.,English,"[""Ton comportement laisse beaucoup à désirer.""]"
,Twelve,Is your school located in this city?,English,"[""Ton école se situe-t-elle dans cette ville ?""]"
,Thirteen,Your son is a genius.,English,"[""Ton fils est un génie.""]"
,Fourteen,Your tie's knot isn't tightened enough.,English,"[""Ton nœud de cravate n'est pas assez serré.""]"
,Sixteen,Your name has been mentioned.,English,"[""Ton nom a été mentionné.""]"
,Seventeen,Your name is still on the list.,English,"[""Ton nom est toujours sur la liste.""]"
,Eighteen,Is your new computer working fine?,English,"[""Ton nouvel ordinateur marche bien ?""]"
,Nineteen,Your scent is delicious.,English,"[""Ton parfum est délicieux.""]"
,Twenty,Your father seems to be very friendly.,English,"[""Ton père semble être très amical.""]"
,Twenty one,Your pulse is normal.,English,"[""Ton pouls est normal.""]"
,Twenty two,Your secret is safe with me.,English,"[""Ton secret est en sécurité avec moi.""]"
,Twenty three,Your pen is better than mine.,English,"[""Ton stylo est meilleur que le mien.""]"
,Twenty four,Your face is pale.,English,"[""Ton visage est pâle.""]"
,Twenty five,Your face is red.,English,"[""Ton visage est rouge.""]"
,Twenty six,Your neighbour is uglier than my brother.,English,"[""Ton voisin est plus moche que mon frère.""]"
,Twenty seven,Touch that!,English,"[""Touche ça !""]"
,Twenty eight,Touch that!,English,"[""Touchez ça !""]"
,Twenty nine,Turn right at the end of the street.,English,"[""Tourne à droite au bout de la rue.""]"
,Thirty,Turn to the second left.,English,"[""Tourne à la deuxième à gauche.""]"
,Thirty one,Turn the page.,English,"[""Tourne la page.""]"
,Thirty two,turn [to the] right!,English,"[""tournez à droite !""]"
,Thirty three,turn [to the] left!,English,"[""tournez à gauche !""]"
,One,Turn the handle and open the door.,English,"[""Tournez la poignée et ouvrez la porte.""]"
,Two,Turn all your attention to what you are doing.,English,"[""Tournez toute votre attention sur ce que vous êtes en train de faire.""]"
,Three,They were all happy.,English,"[""Tous étaient heureux.""]"
,Four,every five or six years,English,"[""tous les cinq à six ans""]"
,Five,All students take a driving test.,English,"[""Tous les étudiants passent un test de conduite.""]"
,Six,All the boys ran away.,English,"[""Tous les garçons sont partis en courant.""]"
,Seven,All the words in this dictionary are important.,English,"[""Tous les mots de ce dictionnaire sont importants.""]"
,Eight,This is all in your head.,English,"[""Tout ça est dans ta tête.""]"
,Nine,Everything is quite simple.,English,"[""Tout est assez simple.""]"
,Ten,Everything is clear to me now.,English,"[""Tout est clair pour moi maintenant.""]"
,Eleven,Everything is different now.,English,"[""Tout est différent maintenant.""]"
,Twelve,Everything is in order.,English,"[""Tout est en ordre.""]"
,Thirteen,All is finished.,English,"[""Tout est fini.""]"
,Fourteen,Everything is here.,English,"[""Tout est ici.""]"
,Sixteen,Everything is wet.,English,"[""Tout est mouillé.""]"
,Seventeen,Everything is normal.,English,"[""Tout est normal.""]"
,Eighteen,Everything is new.,English,"[""Tout est nouveau.""]"
,Nineteen,Everything is ready.,English,"[""Tout est prêt.""]"
,Twenty,Everything is great.,English,"[""Tout est super.""]"
,Twenty one,Everything is quiet.,English,"[""Tout est tranquille.""]"
,Twenty two,Everything is a misunderstanding.,English,"[""Tout est un malentendu.""]"
,Twenty three,Everything was in place.,English,"[""Tout était en place.""]"
,Twenty four,Everything was so beautiful.,English,"[""Tout était si beau.""]"
,Twenty five,Everything was very good.,English,"[""Tout était très bon.""]"
,Twenty six,All will be well.,English,"[""Tout ira bien""]"
,Twenty seven,Everyone loves their country.,English,"[""Tout le monde aime son pays.""]"
,Twenty eight,Everyone is sleeping.,English,"[""Tout le monde dort.""]"
,Twenty nine,Everyone has arrived at the wedding.,English,"[""Tout le monde est arrivé au mariage.""]"
,Thirty,Everyone is shocked.,English,"[""Tout le monde est choqué.""]"
,Thirty one,Everyone is asleep.,English,"[""Tout le monde est endormi.""]"
,Thirty two,Everybody was happy.,English,"[""Tout le monde était heureux.""]"
,Thirty three,Everyone knows it.,English,"[""Tout le monde le sait.""]"
,One,Everyone left.,English,"[""Tout le monde partit.""]"
,Two,Everyone is crying.,English,"[""Tout le monde pleure.""]"
,Three,The whole neighborhood was surprised by this news.,English,"[""Tout le voisinage fut surpris par cette nouvelle.""]"
,Four,Everything seems to be in order.,English,"[""Tout semble être en ordre.""]"
,Five,All his money went to his nephew.,English,"[""Tout son argent est allé à son neveu.""]"
,Six,Everything is fine?,English,"[""Tout va bien ?""]"
,Seven,Is everything all right at home?,English,"[""Tout va bien à la maison ?""]"
,Eight,All the assistance was excited.,English,"[""Toute l'assistance était excitée.""]"
,Nine,The whole class took the test.,English,"[""Toute la classe a passé le test.""]"
,Ten,The whole class is present once a week.,English,"[""Toute la classe est présente une fois par semaine.""]"
,Eleven,All arteries originate from the heart.,English,"[""Toutes les artères partent du cœur.""]"
,Twelve,Not all girls like playing with dolls.,English,"[""Toutes les filles n'aiment pas jouer avec des poupées.""]"
,Thirteen,Draw a circle.,English,"[""Trace un cercle.""]"
,Fourteen,Preferential treatment.,English,"[""Traitement de faveur.""]"
,Sixteen,Work slowly!,English,"[""Travaille lentement !""]"
,Seventeen,to work hard,English,"[""travailler dur""]"
,Eighteen,To work in the snow.,English,"[""Travailler sous la neige.""]"
,Nineteen,Are you working?,English,"[""Travaillez-vous ?""]"
,Twenty,Do you work here?,English,"[""Travaillez-vous ici ?""]"
,Twenty one,Do you work on Sundays?,English,"[""Travaillez-vous le dimanche ?""]"
,Twenty two,Do you work Monday?,English,"[""Travaillez-vous lundi ?""]"
,Twenty three,Let's work!,English,"[""Travaillons !""]"
,Twenty four,Very good.,English,"[""Très bien.""]"
,Twenty five,equilateral triangle,English,"[""triangle équilatéral""]"
,Twenty six,isosceles triangle,English,"[""triangle isocèle""]"
,Twenty seven,three times a week,English,"[""trois fois par semaine""]"
,Twenty eight,Eating too much can make you sick.,English,"[""Trop manger peut rendre malade.""]"
,Twenty nine,bipolar disorder,English,"[""trouble bipolaire""]"
,Thirty,Find a job!,English,"[""Trouve un boulot !""]"
,Thirty one,To find a place to stay,English,"[""Trouver un endroit où loger""]"
,Thirty two,Find a job!,English,"[""Trouvez un boulot !""]"
,Thirty three,You would love it.,English,"[""Tu adorerais ça.""]"
,One,You like?,English,"[""Tu aimes ?""]"
,Two,You love rap?,English,"[""Tu aimes le rap ?""]"
,Three,What kind of music do you like?,English,"[""Tu aimes quel style de musique ?""]"
,Four,You look good in these clothes.,English,"[""Tu as belle allure dans ces vêtements.""]"
,Five,You need to take a break.,English,"[""Tu as besoin de faire une pause.""]"
,Six,You have a good taste for music.,English,"[""Tu as bon goût pour la musique.""]"
,Seven,How many books do you have? I have three of them.,English,"[""Tu as combien de livres ? J'en ai trois.""]"
,Eight,You have already done that.,English,"[""Tu as déjà fait ça.""]"
,Nine,Have you ever eaten Mexican?,English,"[""Tu as déjà mangé mexicain ?""]"
,Ten,You have mail.,English,"[""Tu as du courrier.""]"
,Eleven,You dropped your hat.,English,"[""Tu as échappé ta tuque.""]"
,Twelve,You were very nice to me.,English,"[""Tu as été très gentil avec moi.""]"
,Thirteen,You had the whole week to study.,English,"[""Tu as eu toute la semaine pour étudier.""]"
,Fourteen,You had a week to do this.,English,"[""Tu as eu une semaine pour faire ça.""]"
,Sixteen,You made a mistake.,English,"[""Tu as fait une erreur.""]"
,Seventeen,You have the freedom to travel wherever you want.,English,"[""Tu as la liberté de voyager où bon te semble.""]"
,Eighteen,Did you leave a tip?,English,"[""Tu as laissé un pourboire ?""]"
,Nineteen,You have the right to know.,English,"[""Tu as le droit de savoir.""]"
,Twenty,You have my permission.,English,"[""Tu as ma permission.""]"
,Twenty one,You ate?,English,"[""Tu as mangé ?""]"
,Twenty two,You ate my sandwich.,English,"[""Tu as mangé mon sandwich.""]"
,Twenty three,What did you eat?,English,"[""Tu as mangé quoi ?""]"
,Twenty four,You have my helmet.,English,"[""Tu as mon casque.""]"
,Twenty five,You are one hundred percent right.,English,"[""Tu as raison à cent pour cent.""]"
,Twenty six,You hit the center of the target.,English,"[""Tu as touché au centre de la cible.""]"
,Twenty seven,Do you still have my phone number?,English,"[""Tu as toujours mon numéro de téléphone ?""]"
,Twenty eight,You have too much confidence in yourself.,English,"[""Tu as trop confiance en toi.""]"
,Twenty nine,Do you have a grain?,English,"[""Tu as un grain ?""]"
,Thirty,You have a message.,English,"[""Tu as un message.""]"
,Thirty one,You have such a beautiful name.,English,"[""Tu as un nom si beau.""]"
,Thirty two,You have such great potential.,English,"[""Tu as un si grand potentiel.""]"
,Thirty three,Do you have a pen?,English,"[""Tu as un stylo ?""]"
,One,You have a very nice family.,English,"[""Tu as une famille très sympathique.""]"
,Two,You have an hour.,English,"[""Tu as une heure.""]"
,Three,You really have a beautiful voice.,English,"[""Tu as vraiment une belle voix.""]"
,Four,You should have done it with us.,English,"[""Tu aurais dû le faire avec nous.""]"
,Five,You should have woken up earlier.,English,"[""Tu aurais dû te lever plus tôt.""]"
,Six,You should have seen the film.,English,"[""Tu aurais dû voir le film.""]"
,Seven,You were also right.,English,"[""Tu avais aussi raison.""]"
,Eight,You were good after all.,English,"[""Tu avais bon après tout.""]"
,Nine,You were thirty minutes late.,English,"[""Tu avais trente minutes de retard.""]"
,Ten,You drink too much coffee.,English,"[""Tu bois trop de café.""]"
,Eleven,You start.,English,"[""Tu commences.""]"
,Twelve,At what time do you intend to leave?,English,"[""Tu comptes partir à quelle heure ?""]"
,Thirteen,You drive.,English,"[""Tu conduis.""]"
,Fourteen,You know that song?,English,"[""Tu connais cette chanson ?""]"
,Sixteen,Do you know this song?,English,"[""Tu connais cette chanson ?""]"
,Seventeen,You know the law.,English,"[""Tu connais la loi.""]"
,Eighteen,You run.,English,"[""Tu cours.""]"
,Nineteen,You should start as early as possible.,English,"[""Tu devrais commencer aussi tôt que possible.""]"
,Twenty,You should listen to his advice.,English,"[""Tu devrais écouter son conseil.""]"
,Twenty one,You should enrich your mind when you are young.,English,"[""Tu devrais enrichir ton esprit quand tu es jeune.""]"
,Twenty two,You should try.,English,"[""Tu devrais essayer.""]"
,Twenty three,You should be in your room.,English,"[""Tu devrais être dans ta chambre.""]"
,Twenty four,You should be more reasonable.,English,"[""Tu devrais être plus raisonnable.""]"
,Twenty five,You should do this.,English,"[""Tu devrais faire ça.""]"
,Twenty six,You should know this at your age.,English,"[""Tu devrais le savoir à ton âge.""]"
,Twenty seven,You should know that.,English,"[""Tu devrais le savoir.""]"
,Twenty eight,You should think about your future.,English,"[""Tu devrais penser à ton avenir.""]"
,Twenty nine,You should cut your hair.,English,"[""Tu devrais te couper les cheveux.""]"
,Thirty,You should always tell the truth.,English,"[""Tu devrais toujours dire la vérité.""]"
,Thirty one,You should work hard.,English,"[""Tu devrais travailler dur.""]"
,Thirty two,You have to go to the party.,English,"[""Tu dois aller à la fête.""]"
,Thirty three,You have to start right away.,English,"[""Tu dois commencer sur-le-champ.""]"
,One,You have to disappear.,English,"[""Tu dois disparaître.""]"
,Two,You have to be patient.,English,"[""Tu dois être patient.""]"
,Three,You have to be more careful in class.,English,"[""Tu dois être plus attentif en classe.""]"
,Four,You must be really special.,English,"[""Tu dois être vraiment spécial.""]"
,Five,You have to study for your whole life.,English,"[""Tu dois étudier pendant toute ta vie.""]"
,Six,You have to study more.,English,"[""Tu dois étudier plus.""]"
,Seven,You have to do exactly as I tell you.,English,"[""Tu dois faire exactement comme je te dis.""]"
,Eight,You just have to stay silent.,English,"[""Tu dois juste rester silencieux.""]"
,Nine,You have to do it yourself.,English,"[""Tu dois le faire toi-même.""]"
,Ten,You have to make me walk.,English,"[""Tu dois me faire marcher.""]"
,Eleven,You have to stop this stupid behavior.,English,"[""Tu dois mettre fin à ce stupide comportement.""]"
,Twelve,You must obey your parents.,English,"[""Tu dois obéir à tes parents.""]"
,Thirteen,You must answer these questions.,English,"[""Tu dois répondre à ces questions.""]"
,Fourteen,You have to concentrate.,English,"[""Tu dois te concentrer.""]"
,Sixteen,You have to hurry.,English,"[""Tu dois te dépêcher.""]"
,Seventeen,You have to wash your hands.,English,"[""Tu dois te laver les mains.""]"
,Eighteen,You have to go even if you don't want to.,English,"[""Tu dois y aller même si tu ne le veux pas.""]"
,Nineteen,You must go there.,English,"[""Tu dois y aller.""]"
,Twenty,You have done enough.,English,"[""Tu en as fait assez.""]"
,Twenty one,You may have heard of it.,English,"[""Tu en as peut-être entendu parler.""]"
,Twenty two,Do you want some more?,English,"[""Tu en veux encore?""]"
,Twenty three,You are adorable.,English,"[""Tu es adorable.""]"
,Twenty four,You arrived quickly.,English,"[""Tu es arrivé vite.""]"
,Twenty five,You are old enough to know better.,English,"[""Tu es assez vieux pour savoir mieux.""]"
,Twenty six,You are sitting in my seat.,English,"[""Tu es assis dans mon siège.""]"
,Twenty seven,You are way too young to do this.,English,"[""Tu es bien trop jeune pour faire ceci.""]"
,Twenty eight,You are a good cook.,English,"[""Tu es bon cuisinier.""]"
,Twenty nine,You are at home?,English,"[""Tu es chez toi ?""]"
,Thirty,You are brave.,English,"[""Tu es courageuse.""]"
,Thirty one,You are brave.,English,"[""Tu es courageux.""]"
,Thirty two,You are also my best friend.,English,"[""Tu es également mon meilleur ami.""]"
,Thirty three,You are selfish.,English,"[""Tu es égoïste.""]"
,One,You are first.,English,"[""Tu es en premier.""]"
,Two,You're crazy?,English,"[""Tu es folle ?""]"
,Three,You are tall.,English,"[""Tu es grand.""]"
,Four,You are tall.,English,"[""Tu es grande.""]"
,Five,You are seriously ill.,English,"[""Tu es gravement malade.""]"
,Six,You are impossible.,English,"[""Tu es impossible.""]"
,Seven,You are unfair.,English,"[""Tu es injuste.""]"
,Eight,You are just tired.,English,"[""Tu es juste fatigué.""]"
,Nine,You are the best for this job.,English,"[""Tu es le meilleur pour ce travail.""]"
,Ten,You are fired.,English,"[""Tu es licencié.""]"
,Eleven,You are smart.,English,"[""Tu es malin.""]"
,Twelve,You are my hero.,English,"[""Tu es mon héros.""]"
,Thirteen,You are my boss.,English,"[""Tu es mon patron.""]"
,Fourteen,You are my father.,English,"[""Tu es mon père.""]"
,Sixteen,Have you been busy lately?,English,"[""Tu es occupé ces derniers temps ?""]"
,Seventeen,You have passed the red light.,English,"[""Tu es passé au feu rouge.""]"
,Eighteen,You are full of talent.,English,"[""Tu es plein de talent.""]"
,Nineteen,You're in a hurry?,English,"[""Tu es pressé ?""]"
,Twenty,You are remarkable.,English,"[""Tu es remarquable.""]"
,Twenty one,You are responsible for what you do.,English,"[""Tu es responsable de ce que tu fais.""]"
,Twenty two,You are so beautiful in this dress!,English,"[""Tu es si belle dans cette robe !""]"
,Twenty three,You are so romantic.,English,"[""Tu es si romantique.""]"
,Twenty four,You are splendid.,English,"[""Tu es splendide.""]"
,Twenty five,You are on my way.,English,"[""Tu es sur mon chemin.""]"
,Twenty six,You are so negative!,English,"[""Tu es tellement négatif !""]"
,Twenty seven,You're shy.,English,"[""Tu es timide.""]"
,Twenty eight,You are still my son.,English,"[""Tu es toujours mon fils.""]"
,Twenty nine,You are my Everything.,English,"[""Tu es tout pour moi.""]"
,Thirty,You are very good at that.,English,"[""Tu es très bon à ça.""]"
,Thirty one,You are very brave.,English,"[""Tu es très courageux.""]"
,Thirty two,You are very funny.,English,"[""Tu es très drôle.""]"
,Thirty three,You are very generous.,English,"[""Tu es très généreux.""]"
,One,You are very clever.,English,"[""Tu es très habile.""]"
,Two,You are very pretty.,English,"[""Tu es très jolie.""]"
,Three,You are very rich.,English,"[""Tu es très riche.""]"
,Four,You are very wise.,English,"[""Tu es très sage.""]"
,Five,You are too naive.,English,"[""Tu es trop naïve.""]"
,Six,You are a love!,English,"[""Tu es un amour !""]"
,Seven,You are an angel.,English,"[""Tu es un ange.""]"
,Eight,You are a good actor.,English,"[""Tu es un bon acteur.""]"
,Nine,You are a good boy.,English,"[""Tu es un bon garçon.""]"
,Ten,You are a good man.,English,"[""Tu es un homme bon.""]"
,Eleven,You are such a mean man.,English,"[""Tu es un homme si méchant.""]"
,Twelve,You're a liar.,English,"[""Tu es un menteur.""]"
,Thirteen,You are a little late.,English,"[""Tu es un peu en retard.""]"
,Fourteen,You are a little smaller than me.,English,"[""Tu es un peu plus petit que moi.""]"
,Sixteen,You are a prisoner.,English,"[""Tu es un prisonnier.""]"
,Seventeen,You are a survivor.,English,"[""Tu es un survivant.""]"
,Eighteen,You are a traitor.,English,"[""Tu es un traître.""]"
,Nineteen,You are a wonderful woman!,English,"[""Tu es une femme formidable !""]"
,Twenty,You are a woman.,English,"[""Tu es une femme.""]"
,Twenty one,You are a very selfish person.,English,"[""Tu es une personne très égoïste.""]"
,Twenty two,You are old.,English,"[""Tu es vieille.""]"
,Twenty three,You are old.,English,"[""Tu es vieux.""]"
,Twenty four,You are naughty.,English,"[""Tu es vilain.""]"
,Twenty five,You are fired.,English,"[""Tu es viré.""]"
,Twenty six,You are really good.,English,"[""Tu es vraiment bon.""]"
,Twenty seven,You are really great.,English,"[""Tu es vraiment génial.""]"
,Twenty eight,You are truly incredible.,English,"[""Tu es vraiment incroyable.""]"
,Twenty nine,You are free to leave now.,English,"[""Tu est libre de partir maintenant.""]"
,Thirty,You were so young at the time.,English,"[""Tu étais si jeune à cette époque.""]"
,Thirty one,Are you doing something tomorrow night?,English,"[""Tu fais quelque chose demain soir?""]"
,Thirty two,You better not drink so much coffee so late at night.,English,"[""Tu ferais mieux de ne pas boire autant de café si tard le soir.""]"
,Thirty three,You better back off.,English,"[""Tu ferais mieux de reculer.""]"
,One,You better get checked out by a doctor.,English,"[""Tu ferais mieux de te faire examiner par un médecin.""]"
,Two,You play tennis?,English,"[""Tu joues au tennis ?""]"
,Three,Do you still play golf?,English,"[""Tu joues toujours au golf ?""]"
,Four,Do you know me?,English,"[""Tu me connais ?""]"
,Five,You hate me?,English,"[""Tu me détestes ?""]"
,Six,You tell me something.,English,"[""Tu me dis quelque-chose.""]"
,Seven,You owe me a beer.,English,"[""Tu me dois une bière.""]"
,Eight,You owe me a favor.,English,"[""Tu me dois une faveur.""]"
,Nine,You're scaring me.,English,"[""Tu me fais peur.""]"
,Ten,You make me laugh.,English,"[""Tu me fais rire.""]"
,Eleven,I miss you a lot.,English,"[""Tu me manques beaucoup.""]"
,Twelve,I miss you so much.,English,"[""Tu me manques tellement.""]"
,Thirteen,I miss you.,English,"[""Tu me manques.""]"
,Fourteen,I like you.,English,"[""Tu me plais.""]"
,Sixteen,You don't have to shout.,English,"[""Tu n'as pas besoin de crier.""]"
,Seventeen,You are not a student.,English,"[""Tu n'es pas un étudiant.""]"
,Eighteen,You no longer exist. / You don't exist any more.,English,"[""Tu n'existes plus.""]"
,Nineteen,You shouldn't be wasting your time.,English,"[""Tu ne devrais pas gaspiller ton temps.""]"
,Twenty,You shouldn't keep them waiting that long.,English,"[""Tu ne devrais pas les garder à attendre aussi longtemps.""]"
,Twenty one,You shouldn't read people's private letters without permission.,English,"[""Tu ne devrais pas lire les lettres privées des gens sans permission.""]"
,Twenty two,You must not smoke while you are working.,English,"[""Tu ne dois pas fumer pendant que tu travailles.""]"
,Twenty three,You must not eat too much.,English,"[""Tu ne dois pas manger trop.""]"
,Twenty four,You don't look your age.,English,"[""Tu ne fais pas ton âge.""]"
,Twenty five,You do not believe me?,English,"[""Tu ne me crois pas ?""]"
,Twenty six,You can't say no.,English,"[""Tu ne peux pas dire non.""]"
,Twenty seven,You can't be serious.,English,"[""Tu ne peux pas être sérieux.""]"
,Twenty eight,Can't you pay attention?,English,"[""Tu ne peux pas faire attention?""]"
,Twenty nine,You can't miss it.,English,"[""Tu ne peux pas le louper.""]"
,Thirty,You can't eat here.,English,"[""Tu ne peux pas manger ici.""]"
,Thirty one,You can't beat me.,English,"[""Tu ne peux pas me battre.""]"
,Thirty two,You can't complain.,English,"[""Tu ne peux pas te plaindre.""]"
,Thirty three,You can't go now.,English,"[""Tu ne peux pas y aller maintenant.""]"
,One,You can't go.,English,"[""Tu ne peux pas y aller.""]"
,Two,You can't prove anything.,English,"[""Tu ne peux rien prouver.""]"
,Three,You can't swim.,English,"[""Tu ne sais pas nager.""]"
,Four,We miss you a lot.,English,"[""Tu nous manques beaucoup.""]"
,Five,You look tired.,English,"[""Tu parais fatigué.""]"
,Six,You say I'm angry.,English,"[""Tu parles que je suis fâché.""]"
,Seven,When do you leave?,English,"[""Tu pars quand ?""]"
,Eight,You will say hello to your mother!,English,"[""Tu passeras le bonjour à ta mère !""]"
,Nine,Are you thinking of something in particular?,English,"[""Tu penses à quelque chose en particulier?""]"
,Ten,You can go wherever you like.,English,"[""Tu peux aller où ça te plaît.""]"
,Eleven,You can sing a song.,English,"[""Tu peux chanter une chanson.""]"
,Twelve,You can count on him.,English,"[""Tu peux compter sur lui.""]"
,Thirteen,Can you be a little more specific?,English,"[""Tu peux être un peu plus précis?""]"
,Fourteen,You can do that tomorrow.,English,"[""Tu peux faire ça demain.""]"
,Sixteen,You can do better than that.,English,"[""Tu peux faire mieux que ça.""]"
,Seventeen,You can identify children's voices without any problem.,English,"[""Tu peux identifier la voix des enfants sans le moindre problème.""]"
,Eighteen,You can invite whoever you want.,English,"[""Tu peux inviter qui tu veux.""]"
,Nineteen,You can leave as you wish.,English,"[""Tu peux partir comme tu veux.""]"
,Twenty,You can leave.,English,"[""Tu peux partir.""]"
,Twenty one,You can take whatever you want.,English,"[""Tu peux prendre ce que tu veux.""]"
,Twenty two,You can take the route you want.,English,"[""Tu peux prendre la route que tu veux.""]"
,Twenty three,You can take my car.,English,"[""Tu peux prendre ma voiture.""]"
,Twenty four,You can stay in my place.,English,"[""Tu peux rester à ma place.""]"
,Twenty five,You can stay as long as you want.,English,"[""Tu peux rester aussi longtemps que tu veux.""]"
,Twenty six,You can hurt yourself if you don't follow safety procedures.,English,"[""Tu peux te blesser si tu ne suis pas les procédures de sécurité.""]"
,Twenty seven,You can park here.,English,"[""Tu peux te garer ici.""]"
,Twenty eight,You can join.,English,"[""Tu peux te joindre.""]"
,Twenty nine,You can always do it if you want.,English,"[""Tu peux toujours le faire si tu veux.""]"
,Thirty,You can use mine.,English,"[""Tu peux utiliser le mien.""]"
,Thirty one,You can go there by boat.,English,"[""Tu peux y aller en bateau.""]"
,Thirty two,You can go.,English,"[""Tu peux y aller.""]"
,Thirty three,You might need this.,English,"[""Tu pourrais avoir besoin de ceci.""]"
,One,You could be interested in something other than cars!,English,"[""Tu pourrais t'intéresser à autre chose qu'aux voitures !""]"
,Two,You could get yourself fired for that.,English,"[""Tu pourrais te faire virer pour ça.""]"
,Three,You know who I am?,English,"[""Tu sais qui je suis ?""]"
,Four,You know very well what I want.,English,"[""Tu sais très bien ce que je veux.""]"
,Five,You probably already knew that.,English,"[""Tu savais probablement déjà ça.""]"
,Six,You seem to know a lot about me.,English,"[""Tu sembles en connaître beaucoup sur moi.""]"
,Seven,You look tired.,English,"[""Tu sembles fatigué.""]"
,Eight,You will be safe.,English,"[""Tu seras en sécurité.""]"
,Nine,You've been had.,English,"[""Tu t'es fait avoir.""]"
,Ten,Do you get up at six?,English,"[""Tu te lèves à six heures ?""]"
,Eleven,You're feeling good?,English,"[""Tu te sens bien ?""]"
,Twelve,Do you remember?,English,"[""Tu te souviens ?""]"
,Thirteen,You remember her. Literally: You remind yourself of her.,English,"[""Tu te souviens d'elle.""]"
,Fourteen,You stand on my way.,English,"[""Tu te tiens sur ma route.""]"
,Sixteen,You have an argument there.,English,"[""Tu tiens là un argument.""]"
,Seventeen,Do you barely work or do you barely work?,English,"[""Tu travailles avec peine ou bien à peine ?""]"
,Eighteen,You work hard.,English,"[""Tu travailles dur.""]"
,Nineteen,You're cheating.,English,"[""Tu triches.""]"
,Twenty,You will find work.,English,"[""Tu trouveras du travail.""]"
,Twenty one,You'll love our food.,English,"[""Tu vas adorer notre nourriture.""]"
,Twenty two,You will listen.,English,"[""Tu vas écouter.""]"
,Twenty three,You feel better now?,English,"[""Tu vas mieux maintenant ?""]"
,Twenty four,You will pay for this.,English,"[""Tu vas payer pour ça.""]"
,Twenty five,Do you want to drink tea or?,English,"[""Tu veux boire du thé ou du café ?""]"
,Twenty six,Do you want pepper?,English,"[""Tu veux du poivre ?""]"
,Twenty seven,You want something?,English,"[""Tu veux quelque chose ?""]"
,Twenty eight,Do you want some tea?,English,"[""Tu veux un peu de thé?""]"
,Twenty nine,Do you want a cup of tea?,English,"[""Tu veux une tasse de thé ?""]"
,Thirty,Do you want a car?,English,"[""Tu veux une voiture ?""]"
,Thirty one,Do you come here often?,English,"[""Tu viens souvent ici ?""]"
,Thirty two,You live here?,English,"[""Tu vis ici ?""]"
,Thirty three,Do you see that you were wrong?,English,"[""Tu vois que tu avais tort ?""]"
,One,A magnet attracts iron.,English,"[""Un aimant attire le fer.""]"
,Two,someone of American origin,English,"[""un Américain de souche""]"
,Three,An angle of 270 degrees.,English,"[""Un angle de trois droits.""]"
,Four,a four-legged animal,English,"[""un animal à quatre pattes""]"
,Five,A tree is blocking [off] the passage.,English,"[""Un arbre bloque le passage.""]"
,Six,A tree hides the forest.,English,"[""Un arbre cache la forêt.""]"
,Seven,A famous architect built this house.,English,"[""Un architecte connu a construit cette maison.""]"
,Eight,A one-way ticket,English,"[""Un billet simple""]"
,Nine,a good lay,English,"[""un bon coup""]"
,Ten,A good son is always anxious to please his parents.,English,"[""Un bon fils est toujours soucieux de plaire à ses parents.""]"
,Eleven,Lots of people were there.,English,"[""Un bon nombre de personnes étaient là.""]"
,Twelve,A truck hit the dog.,English,"[""Un camion a percuté le chien.""]"
,Thirteen,A dog bit his leg.,English,"[""Un chien a mordu sa jambe.""]"
,Fourteen,A dog has a very developed flair.,English,"[""Un chien a un flair très développé.""]"
,Sixteen,A guarddog,English,"[""Un chien de garde""]"
,Seventeen,A light lunch will be served.,English,"[""Un déjeuner léger sera servi.""]"
,Eighteen,A social obligation.,English,"[""Un devoir social.""]"
,Nineteen,A television screen,English,"[""Un écran de télévision.""]"
,Twenty,A student should not lose sight of his own identity.,English,"[""Un étudiant ne doit pas perdre de vue sa propre identité.""]"
,Twenty one,A student wants to see you.,English,"[""Un étudiant veut te voir.""]"
,Twenty two,an expert witness,English,"[""un expert près les tribunaux""]"
,Twenty three,a big fat cheater,English,"[""un grand tricheur""]"
,Twenty four,a group of [from] five to eight people,English,"[""un groupe de cinq à huit personnes""]"
,Twenty five,a long-bearded man OR a man with a long beard,English,"[""un homme à longue barbe""]"
,Twenty six,A man to whom I spoke/have spoken.,English,"[""Un homme à qui j'ai parlé.""]"
,Twenty seven,A man must be honest.,English,"[""Un homme doit être honnête.""]"
,Twenty eight,A man must work.,English,"[""Un homme doit travailler.""]"
,Twenty nine,A wise man would not say such a thing.,English,"[""Un homme sage ne dirait pas une telle chose.""]"
,Thirty,A simple man,English,"[""Un homme simple""]"
,Thirty one,One moment...,English,"[""Un instant...""]"
,Thirty two,Apple juice,English,"[""Un jus de pomme""]"
,Thirty three,A large pillar blocks the view of the lake.,English,"[""Un large pilier bloque la vue sur le lac.""]"
,One,A football match lasts 90 minutes.,English,"[""Un match de football dure 90 minutes.""]"
,Two,a word originating in Latin,English,"[""un mot de souche latine""]"
,Three,One word is enough for a wise man.,English,"[""Un mot est assez pour un homme sage.""]"
,Four,A family name is a proper noun.,English,"[""Un nom de famille est un nom propre.""]"
,Five,a little boy,English,"[""un petit garçon""]"
,Six,a small glass of wine,English,"[""un petit verre de vin""]"
,Seven,A little serious.,English,"[""Un peu de sérieux.""]"
,Eight,A piano is expensive.,English,"[""Un piano est cher.""]"
,Nine,A policeman came to me.,English,"[""Un policier est venu à moi.""]"
,Ten,A teacher should be fair to his students.,English,"[""Un professeur doit être juste avec ses élèves.""]"
,Eleven,a side glance,English,"[""un regard en coin""]"
,Twelve,a demographic revolutionary,English,"[""un révolutionnaire démographique""]"
,Thirteen,an annual salary of around 7 million euros,English,"[""un salaire annuel d'environ 7 millions d'euros""]"
,Fourteen,A mere soldier,English,"[""Un simple soldat""]"
,Sixteen,an advanced stage of an illness,English,"[""un stade avancé d'une maladie""]"
,Seventeen,A football stadium,English,"[""Un stade de football""]"
,Eighteen,an inconvenient witness,English,"[""un témoin gênant""]"
,Nineteen,a compound tense,English,"[""un temps composé""]"
,Twenty,a simple tense,English,"[""un temps simple""]"
,Twenty one,A glass of wine,English,"[""Un verre de vin""]"
,Twenty two,a crystal glass,English,"[""un verre en cristal""]"
,Twenty three,An old castle stands at the top of the cliff.,English,"[""Un vieux château se tient en haut de la falaise.""]"
,Twenty four,A volcano erupts.,English,"[""Un volcan entre en éruption.""]"
,Twenty five,A true gentleman does not betray his friends.,English,"[""Un vrai gentleman ne trahit pas ses amis.""]"
,Twenty six,a capitalisation share,English,"[""une action de capitalisation""]"
,Twenty seven,a promotional campaign,English,"[""une action promotionnelle""]"
,Twenty eight,A nightclub,English,"[""Une boîte de nuit""]"
,Twenty nine,a New Year's resolution,English,"[""une bonne résolution""]"
,Thirty,a boot-shaped beer glass,English,"[""une botte à bière""]"
,Thirty one,a milk carton,English,"[""une brique de lait""]"
,Thirty two,Suddenly a cool breeze blew across my face; I shivered a little.,English,"[""Une brise fraîche souffla soudain sur mon visage ; je frémis doucement.""]"
,Thirty three,a chair made of beech/a beech chair,English,"[""une chaise en hêtre""]"
,One,a short-sleeved shirt,English,"[""une chemise à manches courtes""]"
,Two,A dove is a symbol of peace.,English,"[""Une colombe est un symbole de paix.""]"
,Three,a sixteenth note,English,"[""une double croche""]"
,Four,a hell of a telling off.,English,"[""une engueulade maison.""]"
,Five,An investigation is still in progress.,English,"[""Une enquête est toujours en cours.""]"
,Six,a spelling mistake,English,"[""une faute d'orthographe""]"
,Seven,a pale-faced woman,English,"[""une femme au visage pâle""]"
,Eight,A dead leaf fell to the ground.,English,"[""Une feuille morte tomba au sol.""]"
,Nine,Once a day...,English,"[""Une fois par jour...""]"
,Ten,a fork made of metal/a metal fork,English,"[""une fourchette en métal""]"
,Eleven,An ant bit me.,English,"[""Une fourmi m'a piqué.""]"
,Twelve,a large share,English,"[""une grande part""]"
,Thirteen,a large proportion of something,English,"[""une grande part de qch""]"
,Fourteen,a large portion of cake,English,"[""une grande part de tarte""]"
,Sixteen,a big home-made pie,English,"[""une grande tarte maison""]"
,Seventeen,One more hour and he would be dead.,English,"[""Une heure de plus et il serait mort.""]"
,Eighteen,A pound is a unit of weight.,English,"[""Une livre est une unité de poids.""]"
,Nineteen,a brick-walled house / a house with brick walls,English,"[""une maison aux murs de brique""]"
,Twenty,A house of glass.,English,"[""Une maison de verre.""]"
,Twenty one,a language textbook,English,"[""une méthode de langue""]"
,Twenty two,A new team was formed to take part in the boat race.,English,"[""Une nouvelle équipe fut formée afin de prendre part à la course de bateaux.""]"
,Twenty three,A significant number of the votes,English,"[""Une partie importante des votes""]"
,Twenty four,a thin layer of snow,English,"[""une pellicule de neige""]"
,Twenty five,a photo in black and white,English,"[""une photo en noir et blanc""]"
,Twenty six,A car track in the desert.,English,"[""Une piste automobile dans le désert.""]"
,Twenty seven,A portion of fries,English,"[""Une portion de frites""]"
,Twenty eight,A resolution on a narrow compromise is better than nothing at all.,English,"[""Une résolution sur un compromis restreint est préférable à rien du tout.""]"
,Twenty nine,A straight road.,English,"[""Une rue droite.""]"
,Thirty,an unknown viral strain has caused at least twenty deaths,English,"[""une souche virale inédite a fait au minimum vingt morts""]"
,Thirty one,a faithful translation,English,"[""une traduction fidèle""]"
,Thirty two,a thirty-second note,English,"[""une triple croche""]"
,Thirty three,A car arrives.,English,"[""Une voiture arrive.""]"
,One,An expensive car is a symbol of social status.,English,"[""Une voiture chère est un symbole de statut social.""]"
,Two,A sportscar,English,"[""Une voiture de sport""]"
,Three,A car passed.,English,"[""Une voiture passa.""]"
,Four,Use this.,English,"[""Utilise ceci.""]"
,Five,Go elsewhere.,English,"[""Va ailleurs.""]"
,Six,Go to hell!,English,"[""Va au diable !""]"
,Seven,Go to bed!,English,"[""Va au lit !""]"
,Eight,Go behind me.,English,"[""Va derrière moi.""]"
,Nine,Go slowly!,English,"[""Va doucement !""]"
,Ten,Go and get it!,English,"[""Va le chercher !""]"
,Eleven,Go make me a sandwich.,English,"[""Va me faire un sandwich.""]"
,Twelve,Go ahead.,English,"[""Va tout droit.""]"
,Thirteen,Are you going to attend the meeting?,English,"[""Vas-tu assister à la réunion ?""]"
,Fourteen,Go ahead!,English,"[""Vas-y !""]"
,Sixteen,Selling cars is my job.,English,"[""Vendre des voitures est mon métier.""]"
,Seventeen,Come!,English,"[""Venez !""]"
,Eighteen,Come to me.,English,"[""Venez à moi.""]"
,Nineteen,Come to us.,English,"[""Venez à nous.""]"
,Twenty,Come with us.,English,"[""Venez avec nous.""]"
,Twenty one,Come to our home!,English,"[""Venez chez nous !""]"
,Twenty two,Come tomorrow morning.,English,"[""Venez demain matin.""]"
,Twenty three,Come get me.,English,"[""Venez me chercher.""]"
,Twenty four,Come see me.,English,"[""Venez me voir.""]"
,Twenty five,Come help us.,English,"[""Venez nous aider.""]"
,Twenty six,Come and have tea with me.,English,"[""Venez prendre le thé avec moi.""]"
,Twenty seven,Do you often come here?,English,"[""Venez-vous souvent ici ?""]"
,Twenty eight,colored glass,English,"[""verre de couleur""]"
,Twenty nine,Lock the door.,English,"[""Verrouille la porte.""]"
,Thirty,Please copy this page.,English,"[""Veuillez copier cette page.""]"
,Thirty one,Please correct my note.,English,"[""Veuillez corriger ma note.""]"
,Thirty two,Please knock before entering.,English,"[""Veuillez frapper avant d'entrer.""]"
,Thirty three,Please correct it.,English,"[""Veuillez le corriger.""]"
,One,Please note.,English,"[""Veuillez le noter.""]"
,Two,Please open the door.,English,"[""Veuillez ouvrir la porte.""]"
,Three,Please forgive the intrusion.,English,"[""Veuillez pardonner l'intrusion.""]"
,Four,Please complete this form.,English,"[""Veuillez remplir ce formulaire.""]"
,Five,Please step aside.,English,"[""Veuillez vous mettre de côté.""]"
,Six,Do you want to go fishing with me?,English,"[""Veux-tu aller à la pêche avec moi ?""]"
,Seven,Do you want company?,English,"[""Veux-tu de la compagnie ?""]"
,Eight,Do you want salad?,English,"[""Veux-tu de la salade ?""]"
,Nine,Do you want coffee or something?,English,"[""Veux-tu du café ou autre chose ?""]"
,Ten,Do you want rice?,English,"[""Veux-tu du riz?""]"
,Eleven,Do you want sugar in your coffee?,English,"[""Veux-tu du sucre dans ton café ?""]"
,Twelve,Do you want something?,English,"[""Veux-tu quelque chose ?""]"
,Thirteen,Do you want to watch TV?,English,"[""Veux-tu regarder la télé?""]"
,Fourteen,Do you want another glass of wine?,English,"[""Veux-tu un autre verre de vin ?""]"
,Sixteen,Do you want a newspaper or a magazine?,English,"[""Veux-tu un journal ou un magazine ?""]"
,Seventeen,Do you want a sandwich?,English,"[""Veux-tu un sandwich ?""]"
,Eighteen,Do you want a car?,English,"[""Veux-tu une voiture ?""]"
,Nineteen,Will he come tomorrow?,English,"[""Viendra-t-il demain ?""]"
,Twenty,Will you pick me up tomorrow morning at seven?,English,"[""Viendras-tu me chercher demain matin à sept heures ?""]"
,Twenty one,Come!,English,"[""Viens !""]"
,Twenty two,Come to my office.,English,"[""Viens à mon bureau.""]"
,Twenty three,Come to my place!,English,"[""Viens chez moi !""]"
,Twenty four,Come at our home!,English,"[""Viens chez nous !""]"
,Twenty five,Come here and help me.,English,"[""Viens ici et aide-moi.""]"
,Twenty six,Come immediately!,English,"[""Viens immédiatement !""]"
,Twenty seven,Come and give me a bit of a hand.,English,"[""Viens me donner un coup de main.""]"
,Twenty eight,Come see me tomorrow.,English,"[""Viens me voir demain.""]"
,Twenty nine,Come over here!,English,"[""Viens par ici !""]"
,Thirty,Come fish with me.,English,"[""Viens pêcher avec moi.""]"
,Thirty one,Come when you want.,English,"[""Viens quand tu veux.""]"
,Thirty two,Come and warm yourself by the fire.,English,"[""Viens te réchauffer au coin du feu.""]"
,Thirty three,Come quickly!,English,"[""Viens vite !""]"
,One,Come live with me in France.,English,"[""Viens vivre avec moi en France.""]"
,Two,Do you come here everyday?,English,"[""Viens-tu ici tous les jours ?""]"
,Three,twenty/thirty years,English,"[""vingt à trente ans""]"
,Four,Bear left.,English,"[""Virer à gauche.""]"
,Five,Long live France!,English,"[""Vive la France!""]"
,Six,Go women! Go girls!,English,"[""Vive les femmes!""]"
,Seven,Yay for me!,English,"[""Vive moi!""]"
,Eight,Yay for us!,English,"[""Vive nous!""]"
,Nine,Go you singular!,English,"[""Vive tu!""]"
,Ten,Long live you plural!,English,"[""Vive vous!""]"
,Eleven,Do you live here?,English,"[""Vivez-vous ici ?""]"
,Twelve,Living in the city is quite different from living in the countryside.,English,"[""Vivre en ville est assez différent de vivre à la campagne.""]"
,Thirteen,This is my father's bedroom.,English,"[""Voici la chambre de mon père.""]"
,Fourteen,Here is the key to my apartment.,English,"[""Voici la clé de mon appartement.""]"
,Sixteen,Here is the key to your room.,English,"[""Voici la clé de ta chambre.""]"
,Seventeen,Here is the key that opened this door.,English,"[""Voici la clef qui a ouvert cette porte.""]"
,Eighteen,Here is the invoice.,English,"[""Voici la facture.""]"
,Nineteen,This is the new president of the association.,English,"[""Voici le nouveau président de l'association.""]"
,Twenty,Here's the server!,English,"[""Voici le serveur !""]"
,Twenty one,Here is my key.,English,"[""Voici ma clef.""]"
,Twenty two,This is my wife.,English,"[""Voici mon épouse.""]"
,Twenty three,Here is your book.,English,"[""Voici ton livre.""]"
,Twenty four,Here is a knife that you can use.,English,"[""Voici un couteau dont tu peux te servir.""]"
,Twenty five,Here is an example.,English,"[""Voici un exemple.""]"
,Twenty six,Here's a flying bird.,English,"[""Voici un oiseau volant.""]"
,Twenty seven,Here is a letter for you.,English,"[""Voici une lettre pour vous.""]"
,Twenty eight,Here is a car coming.,English,"[""Voici une voiture qui arrive.""]"
,Twenty nine,Here are your keys.,English,"[""Voici vos clés.""]"
,Thirty,Here is your change.,English,"[""Voici votre monnaie.""]"
,Thirty one,Here is your pudding.,English,"[""Voici votre pudding.""]"
,Thirty two,Here is the train.,English,"[""Voilà le train.""]"
,Thirty three,Here is my team.,English,"[""Voilà mon équipe.""]"
,One,Here is a basket full of fruit!,English,"[""Voilà un panier plein de fruits !""]"
,Two,Here is a letter for you.,English,"[""Voilà une lettre pour toi.""]"
,Three,see from the back,English,"[""voir par devant""]"
,Four,Your shoes do not go with this costume.,English,"[""Vos chaussures ne vont pas avec ce costume.""]"
,Five,Your comments are welcome.,English,"[""Vos commentaires sont les bienvenus.""]"
,Six,Your bath is ready.,English,"[""Votre bain est prêt.""]"
,Seven,Your room is the first on the left.,English,"[""Votre chambre est la première à gauche.""]"
,Eight,Your dog is very large.,English,"[""Votre chien est très gros.""]"
,Nine,Your father is tall.,English,"[""Votre père est grand.""]"
,Ten,Your answer is ready.,English,"[""Votre réponse est au point.""]"
,Eleven,Your answer is correct.,English,"[""Votre réponse est correcte.""]"
,Twelve,Your time is up.,English,"[""Votre temps est écoulé.""]"
,Thirteen,Your face is dirty.,English,"[""Votre visage est sale.""]"
,Fourteen,Your car is on fire.,English,"[""Votre voiture est en feu.""]"
,Sixteen,Your car is fast.,English,"[""Votre voiture est rapide.""]"
,Seventeen,Would you like to dance with me?,English,"[""Voudrais-tu danser avec moi ?""]"
,Eighteen,Would you like to play soccer with us?,English,"[""Voudrais-tu jouer au foot avec nous ?""]"
,Nineteen,Would you like me to massage your chest?,English,"[""Voudrais-tu que je te masse le torse ?""]"
,Twenty,Would you like to have tea with me?,English,"[""Voudras-tu prendre un thé avec moi ?""]"
,Twenty one,Do you want hot chocolate?,English,"[""Voulez-vous du chocolat chaud?""]"
,Twenty two,Would you like more bread?,English,"[""Voulez-vous encore du pain ?""]"
,Twenty three,Do you want to wash it?,English,"[""Voulez-vous le faire laver ?""]"
,Twenty four,Would you like to leave him a message?,English,"[""Voulez-vous lui laisser un message ?""]"
,Twenty five,Do you want me to close the window?,English,"[""Voulez-vous que je ferme la fenêtre ?""]"
,Twenty six,Do you want me to help you?,English,"[""Voulez-vous que je vous aide ?""]"
,Twenty seven,Do you want a candy?,English,"[""Voulez-vous un bonbon ?""]"
,Twenty eight,Do you want a newspaper or magazine?,English,"[""Voulez-vous un journal ou un magazine ?""]"
,Twenty nine,Do you want breakfast?,English,"[""Voulez-vous un petit-déjeuner ?""]"
,Thirty,Do you want some more tea?,English,"[""Voulez-vous un peu plus de thé ?""]"
,Thirty one,Do you want a glass of soda?,English,"[""Voulez-vous un verre de soda ?""]"
,Thirty two,You're acting like children.,English,"[""Vous agissez en enfants.""]"
,Thirty three,Did I hear you correctly?,English,"[""Vous ai-je bien entendu ?""]"
,One,Did I hear you correctly?,English,"[""Vous ai-je bien entendues ?""]"
,Two,Did I hear you correctly?,English,"[""Vous ai-je bien entendus ?""]"
,Three,Do you like to sing?,English,"[""Vous aimez chanter ?""]"
,Four,Do you like music?,English,"[""Vous aimez la musique ?""]"
,Five,Do you like fish?,English,"[""Vous aimez le poisson ?""]"
,Six,Do you like fish?,English,"[""Vous aimez le poisson?""]"
,Seven,Do you like sports?,English,"[""Vous aimez le sport ?""]"
,Eight,Do you like tennis?,English,"[""Vous aimez le tennis ?""]"
,Nine,You go.,English,"[""Vous allez""]"
,Ten,You will have to accompany us.,English,"[""Vous allez devoir nous accompagner.""]"
,Eleven,Do you often go to the swimming pool?,English,"[""Vous allez souvent à la piscine ?""]"
,Twelve,Do you often go to Tokyo?,English,"[""Vous allez souvent à Tokyo ?""]"
,Thirteen,You often go to the cinema?,English,"[""Vous allez souvent au cinéma ?""]"
,Fourteen,You should have done it with us.,English,"[""Vous auriez dû le faire avec nous.""]"
,Sixteen,You should have woken up earlier.,English,"[""Vous auriez dû vous lever plus tôt.""]"
,Seventeen,You have a lot of courage!,English,"[""Vous avez beaucoup de courage !""]"
,Eighteen,You have a fever.,English,"[""Vous avez de la fièvre.""]"
,Nineteen,You have fever.,English,"[""Vous avez de la fièvre.""]"
,Twenty,You asked to see me.,English,"[""Vous avez demandé à me voir.""]"
,Twenty one,You have the right to your opinion.,English,"[""Vous avez droit à votre opinion.""]"
,Twenty two,You have had a long day.,English,"[""Vous avez eu une longue journée.""]"
,Twenty three,You have done an excellent job.,English,"[""Vous avez fait un excellent travail.""]"
,Twenty four,You have done a very good job.,English,"[""Vous avez fait un très bon travail.""]"
,Twenty five,You have done your part.,English,"[""Vous avez fait votre part.""]"
,Twenty six,You forgot your coat.,English,"[""Vous avez oublié votre manteau.""]"
,Twenty seven,You have made a good decision.,English,"[""Vous avez pris une bonne décision.""]"
,Twenty eight,You only have to write your name and address here.,English,"[""Vous avez seulement à écrire votre nom et adresse ici.""]"
,Twenty nine,You have so much talent!,English,"[""Vous avez tellement de talent !""]"
,Thirty,You have all passed the test.,English,"[""Vous avez tous passé le test.""]"
,Thirty one,You have it all.,English,"[""Vous avez tout.""]"
,Thirty two,You have a future.,English,"[""Vous avez un avenir.""]"
,Thirty three,You have a good rapport with children.,English,"[""Vous avez un bon contact avec les enfants.""]"
,One,You have a choice to make.,English,"[""Vous avez un choix à faire.""]"
,Two,You have a month's rent late.,English,"[""Vous avez un mois de loyer en retard.""]"
,Three,You have a problem?,English,"[""Vous avez un problème ?""]"
,Four,You were also right.,English,"[""Vous aviez aussi raison.""]"
,Five,You did say that.,English,"[""Vous aviez effectivement dit cela.""]"
,Six,You were right to worry.,English,"[""Vous aviez raison de vous inquiéter.""]"
,Seven,You begin.,English,"[""Vous commencez.""]"
,Eight,You know the people.,English,"[""Vous connaissez les gens.""]"
,Nine,You have to learn to compromise.,English,"[""Vous devez apprendre à faire des compromis.""]"
,Ten,You must ask for permission.,English,"[""Vous devez demander la permission.""]"
,Eleven,You must be clearer.,English,"[""Vous devez être plus clairs.""]"
,Twelve,You need to do more sport.,English,"[""Vous devez faire plus de sport.""]"
,Thirteen,You have to stay in shape.,English,"[""Vous devez rester en forme.""]"
,Fourteen,You should face reality.,English,"[""Vous devriez affronter la réalité.""]"
,Sixteen,You should go to mass more often.,English,"[""Vous devriez aller à la messe plus souvent.""]"
,Seventeen,You should stop this.,English,"[""Vous devriez arrêter ça.""]"
,Eighteen,You should listen to his advice.,English,"[""Vous devriez écouter son conseil.""]"
,Nineteen,You should do this.,English,"[""Vous devriez faire ça.""]"
,Twenty,You should speak to a specialist.,English,"[""Vous devriez parler à un spécialiste.""]"
,Twenty one,You should apologize.,English,"[""Vous devriez vous excuser.""]"
,Twenty two,You say you saw a UFO? Come on!,English,"[""Vous dites avoir vu un OVNI ? Allons donc !""]"
,Twenty three,You have had enough.,English,"[""Vous en avez eu assez.""]"
,Twenty four,You and I have something in common.,English,"[""Vous et moi avons quelque chose en commun.""]"
,Twenty five,You and I are in the same boat.,English,"[""Vous et moi sommes dans le même bateau.""]"
,Twenty six,You arrived late.,English,"[""Vous êtes arrivé en retard.""]"
,Twenty seven,You are in a safe place.,English,"[""Vous êtes en lieu sûr.""]"
,Twenty eight,You are tall.,English,"[""Vous êtes grand.""]"
,Twenty nine,You are tall.,English,"[""Vous êtes grande.""]"
,Thirty,You are tall.,English,"[""Vous êtes grandes.""]"
,Thirty one,You are tall.,English,"[""Vous êtes grands.""]"
,Thirty two,You are hideous.,English,"[""Vous êtes hideux.""]"
,Thirty three,You are influential.,English,"[""Vous êtes influent.""]"
,One,You are the mistress.,English,"[""Vous êtes la maîtresse.""]"
,Two,You are the leader.,English,"[""Vous êtes le chef.""]"
,Three,You are the master.,English,"[""Vous êtes le maître.""]"
,Four,You are my child's teacher.,English,"[""Vous êtes le professeur de mon enfant.""]"
,Five,You are free to say what you think.,English,"[""Vous êtes libre de dire ce que vous pensez.""]"
,Six,You are free to do whatever you want with your money.,English,"[""Vous êtes libre de faire ce que bon vous semble avec votre argent.""]"
,Seven,You are free to go.,English,"[""Vous êtes libres de partir.""]"
,Eight,You are my princess.,English,"[""Vous êtes ma princesse.""]"
,Nine,You are considerate.,English,"[""Vous êtes prévenant.""]"
,Ten,You are cunning.,English,"[""Vous êtes rusé.""]"
,Eleven,You are so mean.,English,"[""Vous êtes si méchant.""]"
,Twelve,You are superb.,English,"[""Vous êtes superbe.""]"
,Thirteen,You are shy.,English,"[""Vous êtes timide.""]"
,Fourteen,Are you all ready?,English,"[""Vous êtes tous prêts ?""]"
,Sixteen,You are very good at this.,English,"[""Vous êtes très bon à ceci.""]"
,Seventeen,You are very strong.,English,"[""Vous êtes très fort.""]"
,Eighteen,You are an artist.,English,"[""Vous êtes un artiste.""]"
,Nineteen,You are a good customer.,English,"[""Vous êtes un bon client.""]"
,Twenty,You are a funny guy.,English,"[""Vous êtes un drôle de type.""]"
,Twenty one,You are a funny young woman.,English,"[""Vous êtes une drôle de jeune femme.""]"
,Twenty two,You are a child.,English,"[""Vous êtes une enfant.""]"
,Twenty three,You are a victim of the system.,English,"[""Vous êtes une victime du système.""]"
,Twenty four,You are old.,English,"[""Vous êtes vieilles.""]"
,Twenty five,Have you ever broken a bone?,English,"[""Vous êtes-vous jamais cassé un os ?""]"
,Twenty six,Do you play sports?,English,"[""Vous faites du sport ?""]"
,Twenty seven,You'd better take an umbrella.,English,"[""Vous feriez mieux de prendre un parapluie.""]"
,Twenty eight,You live here?,English,"[""Vous habitez ici ?""]"
,Twenty nine,Where do you live?,English,"[""Vous habitez où ?""]"
,Thirty,Do you live alone?,English,"[""Vous habitez seul ?""]"
,Thirty one,Are you interested in foreign languages?,English,"[""Vous intéressez-vous aux langues étrangères ?""]"
,Thirty two,You know him?,English,"[""Vous le connaissez ?""]"
,Thirty three,Are you throwing me out?,English,"[""Vous me mettez à la porte ?""]"
,One,You pay me very well.,English,"[""Vous me payez très bien.""]"
,Two,Will you allow me to do that?,English,"[""Vous me permettrez de le faire ?""]"
,Three,You please me.,English,"[""Vous me plaisez.""]"
,Four,You deserve to be successful.,English,"[""Vous méritez de réussir.""]"
,Five,You are not where you think you are.,English,"[""Vous n'en êtes pas où vous pensez.""]"
,Six,You shouldn't trust this man.,English,"[""Vous ne devriez pas faire confiance à cet homme.""]"
,Seven,You cannot be sure.,English,"[""Vous ne pouvez pas en être certain.""]"
,Eight,You cannot eat here.,English,"[""Vous ne pouvez pas manger ici.""]"
,Nine,You can contact him at his home this evening.,English,"[""Vous pourrez le contacter chez lui ce soir.""]"
,Ten,You could try that.,English,"[""Vous pourriez essayer ça.""]"
,Eleven,You could injure yourself.,English,"[""Vous pourriez vous blesser.""]"
,Twelve,You can choose the book you like.,English,"[""Vous pouvez choisir le livre que vous aimez.""]"
,Thirteen,You can dispose.,English,"[""Vous pouvez disposer.""]"
,Fourteen,You can quote me.,English,"[""Vous pouvez me citer.""]"
,Sixteen,You can swim.,English,"[""Vous pouvez nager.""]"
,Seventeen,You can leave.,English,"[""Vous pouvez partir.""]"
,Eighteen,You can use my car.,English,"[""Vous pouvez utiliser ma voiture.""]"
,Nineteen,You can go.,English,"[""Vous pouvez vous en aller.""]"
,Twenty,You can park here.,English,"[""Vous pouvez vous garer ici.""]"
,Twenty one,You can help yourself to the cake.,English,"[""Vous pouvez vous servir du gâteau.""]"
,Twenty two,You can use the cake.,English,"[""Vous pouvez vous servir du gâteau.""]"
,Twenty three,Are you having a dessert?,English,"[""Vous prenez un dessert ?""]"
,Twenty four,You watch television all the time.,English,"[""Vous regardez tout le temps la télévision.""]"
,Twenty five,You know who I'm talking about.,English,"[""Vous savez de qui je veux parler.""]"
,Twenty six,Do you often come to this restaurant?,English,"[""Vous venez souvent dans ce restaurant ?""]"
,Twenty seven,Would you excuse us for a moment?,English,"[""Vous voulez bien nous excuser un moment ?""]"
,Twenty eight,You broke your leg.,English,"[""Vous vous êtes cassé la jambe.""]"
,Twenty nine,You feel well?,English,"[""Vous vous sentez bien ?""]"
,Thirty,You are wrong.,English,"[""Vous vous trompez.""]"
,Thirty one,travel by train,English,"[""voyager par train""]"
,Thirty two,Do you travel a lot?,English,"[""Voyagez-vous beaucoup ?""]"
,Thirty three,See this word in the dictionary.,English,"[""Voyez ce mot dans le dictionnaire.""]"
,One,True?,English,"[""Vrai ?""]"
,Two,21st century,English,"[""XXIe siècle""]"
,Three,Is there any sugar?,English,"[""Y a-t-il du sucre ?""]"
,Four,Is there something i need to do?,English,"[""Y a-t-il quelque chose que je doive faire ?""]"
,Five,Is there anything I can do?,English,"[""Y a-t-il quelque chose que je puisse faire ?""]"
,Six,Is there a famous musician on stage?,English,"[""Y a-t-il un musicien connu sur scène ?""]"
,Seven,Is there a zoo in the park?,English,"[""Y a-t-il un zoo dans le parc ?""]"
,Eight,Is there any help available?,English,"[""Y a-t-il une quelconque aide de disponible ?""]"
